Copyright 1986-2022 Xilinx, Inc. All Rights Reserved. Copyright 2022-2025 Advanced Micro Devices, Inc. All Rights Reserved.
---------------------------------------------------------------------------------------------------------------------------------------------------------------------------------------------------------------------------------
| Tool Version : Vivado v.2025.2 (win64) Build 6299465 Fri Nov 14 19:35:11 GMT 2025
| Date         : Fri May 22 21:18:42 2026
| Host         : CE-LAB6936 running 64-bit major release  (build 9200)
| Command      : report_timing_summary -max_paths 10 -routable_nets -report_unconstrained -file vga_top_timing_summary_routed.rpt -pb vga_top_timing_summary_routed.pb -rpx vga_top_timing_summary_routed.rpx -warn_on_violation
| Design       : vga_top
| Device       : 7a35t-cpg236
| Speed File   : -1  PRODUCTION 1.23 2018-06-13
| Design State : Routed
---------------------------------------------------------------------------------------------------------------------------------------------------------------------------------------------------------------------------------

Timing Summary Report

------------------------------------------------------------------------------------------------
| Timer Settings
| --------------
------------------------------------------------------------------------------------------------

  Enable Multi Corner Analysis               :  Yes
  Enable Pessimism Removal                   :  Yes
  Pessimism Removal Resolution               :  Nearest Common Node
  Enable Input Delay Default Clock           :  No
  Enable Preset / Clear Arcs                 :  No
  Disable Flight Delays                      :  No
  Ignore I/O Paths                           :  No
  Timing Early Launch at Borrowing Latches   :  No
  Borrow Time for Max Delay Exceptions       :  Yes
  Merge Timing Exceptions                    :  Yes
  Inter-SLR Compensation                     :  Conservative

  Corner  Analyze    Analyze    
  Name    Max Paths  Min Paths  
  ------  ---------  ---------  
  Slow    Yes        Yes        
  Fast    Yes        Yes        


------------------------------------------------------------------------------------------------
| Report Methodology
| ------------------
------------------------------------------------------------------------------------------------

Rule       Severity          Description                    Violations  
---------  ----------------  -----------------------------  ----------  
TIMING-17  Critical Warning  Non-clocked sequential cell    22          
TIMING-18  Warning           Missing input or output delay  31          

Note: This report is based on the most recent report_methodology run and may not be up-to-date. Run report_methodology on the current design for the latest report.



check_timing report

Table of Contents
-----------------
1. checking no_clock (22)
2. checking constant_clock (0)
3. checking pulse_width_clock (0)
4. checking unconstrained_internal_endpoints (54)
5. checking no_input_delay (18)
6. checking no_output_delay (12)
7. checking multiple_clock (0)
8. checking generated_clocks (0)
9. checking loops (0)
10. checking partial_input_delay (0)
11. checking partial_output_delay (0)
12. checking latch_loops (0)

1. checking no_clock (22)
-------------------------
 There are 22 register/latch pins with no clock driven by root clock pin: clk_25_reg/Q (HIGH)


2. checking constant_clock (0)
------------------------------
 There are 0 register/latch pins with constant_clock.


3. checking pulse_width_clock (0)
---------------------------------
 There are 0 register/latch pins which need pulse_width check


4. checking unconstrained_internal_endpoints (54)
-------------------------------------------------
 There are 54 pins that are not constrained for maximum delay. (HIGH)

 There are 0 pins that are not constrained for maximum delay due to constant clock.


5. checking no_input_delay (18)
-------------------------------
 There are 18 input ports with no input delay specified. (HIGH)

 There are 0 input ports with no input delay but user has a false path constraint.


6. checking no_output_delay (12)
--------------------------------
 There are 12 ports with no output delay specified. (HIGH)

 There are 0 ports with no output delay but user has a false path constraint

 There are 0 ports with no output delay but with a timing clock defined on it or propagating through it


7. checking multiple_clock (0)
------------------------------
 There are 0 register/latch pins with multiple clocks.


8. checking generated_clocks (0)
--------------------------------
 There are 0 generated clocks that are not connected to a clock source.


9. checking loops (0)
---------------------
 There are 0 combinational loops in the design.


10. checking partial_input_delay (0)
------------------------------------
 There are 0 input ports with partial input delay specified.


11. checking partial_output_delay (0)
-------------------------------------
 There are 0 ports with partial output delay specified.


12. checking latch_loops (0)
----------------------------
 There are 0 combinational latch loops in the design through latch input



------------------------------------------------------------------------------------------------
| Design Timing Summary
| ---------------------
------------------------------------------------------------------------------------------------

    WNS(ns)      TNS(ns)  TNS Failing Endpoints  TNS Total Endpoints      WHS(ns)      THS(ns)  THS Failing Endpoints  THS Total Endpoints     WPWS(ns)     TPWS(ns)  TPWS Failing Endpoints  TPWS Total Endpoints  
    -------      -------  ---------------------  -------------------      -------      -------  ---------------------  -------------------     --------     --------  ----------------------  --------------------  
      5.109        0.000                      0                   63        0.208        0.000                      0                   63        4.500        0.000                       0                    35  


All user specified timing constraints are met.


------------------------------------------------------------------------------------------------
| Clock Summary
| -------------
------------------------------------------------------------------------------------------------

Clock        Waveform(ns)       Period(ns)      Frequency(MHz)
-----        ------------       ----------      --------------
sys_clk_pin  {0.000 5.000}      10.000          100.000         


------------------------------------------------------------------------------------------------
| Intra Clock Table
| -----------------
------------------------------------------------------------------------------------------------

Clock             WNS(ns)      TNS(ns)  TNS Failing Endpoints  TNS Total Endpoints      WHS(ns)      THS(ns)  THS Failing Endpoints  THS Total Endpoints     WPWS(ns)     TPWS(ns)  TPWS Failing Endpoints  TPWS Total Endpoints  
-----             -------      -------  ---------------------  -------------------      -------      -------  ---------------------  -------------------     --------     --------  ----------------------  --------------------  
sys_clk_pin         5.109        0.000                      0                   63        0.208        0.000                      0                   63        4.500        0.000                       0                    35  


------------------------------------------------------------------------------------------------
| Inter Clock Table
| -----------------
------------------------------------------------------------------------------------------------

From Clock    To Clock          WNS(ns)      TNS(ns)  TNS Failing Endpoints  TNS Total Endpoints      WHS(ns)      THS(ns)  THS Failing Endpoints  THS Total Endpoints  
----------    --------          -------      -------  ---------------------  -------------------      -------      -------  ---------------------  -------------------  


------------------------------------------------------------------------------------------------
| Other Path Groups Table
| -----------------------
------------------------------------------------------------------------------------------------

Path Group    From Clock    To Clock          WNS(ns)      TNS(ns)  TNS Failing Endpoints  TNS Total Endpoints      WHS(ns)      THS(ns)  THS Failing Endpoints  THS Total Endpoints  
----------    ----------    --------          -------      -------  ---------------------  -------------------      -------      -------  ---------------------  -------------------  


------------------------------------------------------------------------------------------------
| User Ignored Path Table
| -----------------------
------------------------------------------------------------------------------------------------

Path Group    From Clock    To Clock    
----------    ----------    --------    


------------------------------------------------------------------------------------------------
| Unconstrained Path Table
| ------------------------
------------------------------------------------------------------------------------------------

Path Group    From Clock    To Clock    
----------    ----------    --------    
(none)                                    
(none)        sys_clk_pin                 
(none)                      sys_clk_pin   


------------------------------------------------------------------------------------------------
| Timing Details
| --------------
------------------------------------------------------------------------------------------------


---------------------------------------------------------------------------------------------------
From Clock:  sys_clk_pin
  To Clock:  sys_clk_pin

Setup :            0  Failing Endpoints,  Worst Slack        5.109ns,  Total Violation        0.000ns
Hold  :            0  Failing Endpoints,  Worst Slack        0.208ns,  Total Violation        0.000ns
PW    :            0  Failing Endpoints,  Worst Slack        4.500ns,  Total Violation        0.000ns
---------------------------------------------------------------------------------------------------


Max Delay Paths
--------------------------------------------------------------------------------------
Slack (MET) :             5.109ns  (required time - arrival time)
  Source:                 U_NRZ_L/bit_index_reg[0]/C
                            (rising edge-triggered cell FDPE clocked by sys_clk_pin  {rise@0.000ns fall@5.000ns period=10.000ns})
  Destination:            U_NRZ_L/nrz_l_out_reg/D
                            (rising edge-triggered cell FDCE clocked by sys_clk_pin  {rise@0.000ns fall@5.000ns period=10.000ns})
  Path Group:             sys_clk_pin
  Path Type:              Setup (Max at Slow Process Corner)
  Requirement:            10.000ns  (sys_clk_pin rise@10.000ns - sys_clk_pin rise@0.000ns)
  Data Path Delay:        4.862ns  (logic 1.153ns (23.716%)  route 3.709ns (76.284%))
  Logic Levels:           3  (LUT6=2 MUXF7=1)
  Clock Path Skew:        -0.025ns (DCD - SCD + CPR)
    Destination Clock Delay (DCD):    4.858ns = ( 14.858 - 10.000 ) 
    Source Clock Delay      (SCD):    5.157ns
    Clock Pessimism Removal (CPR):    0.274ns
  Clock Uncertainty:      0.035ns  ((TSJ^2 + TIJ^2)^1/2 + DJ) / 2 + PE
    Total System Jitter     (TSJ):    0.071ns
    Total Input Jitter      (TIJ):    0.000ns
    Discrete Jitter          (DJ):    0.000ns
    Phase Error              (PE):    0.000ns

    Location             Delay type                Incr(ns)  Path(ns)    Netlist Resource(s)
  -------------------------------------------------------------------    -------------------
                         (clock sys_clk_pin rise edge)
                                                      0.000     0.000 r  
    W5                                                0.000     0.000 r  clk (IN)
                         net (fo=0)                   0.000     0.000    clk
    W5                   IBUF (Prop_ibuf_I_O)         1.458     1.458 r  clk_IBUF_inst/O
                         net (fo=1, routed)           1.967     3.425    clk_IBUF
    BUFGCTRL_X0Y0        BUFG (Prop_bufg_I_O)         0.096     3.521 r  clk_IBUF_BUFG_inst/O
                         net (fo=34, routed)          1.636     5.157    U_NRZ_L/clk_IBUF_BUFG
    SLICE_X2Y9           FDPE                                         r  U_NRZ_L/bit_index_reg[0]/C
  -------------------------------------------------------------------    -------------------
    SLICE_X2Y9           FDPE (Prop_fdpe_C_Q)         0.518     5.675 r  U_NRZ_L/bit_index_reg[0]/Q
                         net (fo=9, routed)           2.012     7.688    U_NRZ_L/bit_index_reg[0]
    SLICE_X34Y21         LUT6 (Prop_lut6_I4_O)        0.124     7.812 r  U_NRZ_L/nrz_l_out_i_7/O
                         net (fo=1, routed)           0.000     7.812    U_NRZ_L/nrz_l_out_i_7_n_0
    SLICE_X34Y21         MUXF7 (Prop_muxf7_I1_O)      0.214     8.026 r  U_NRZ_L/nrz_l_out_reg_i_3/O
                         net (fo=1, routed)           1.696     9.722    U_NRZ_L/nrz_l_out_reg_i_3_n_0
    SLICE_X1Y9           LUT6 (Prop_lut6_I2_O)        0.297    10.019 r  U_NRZ_L/nrz_l_out_i_1/O
                         net (fo=1, routed)           0.000    10.019    U_NRZ_L/nrz_l_out_i_1_n_0
    SLICE_X1Y9           FDCE                                         r  U_NRZ_L/nrz_l_out_reg/D
  -------------------------------------------------------------------    -------------------

                         (clock sys_clk_pin rise edge)
                                                     10.000    10.000 r  
    W5                                                0.000    10.000 r  clk (IN)
                         net (fo=0)                   0.000    10.000    clk
    W5                   IBUF (Prop_ibuf_I_O)         1.388    11.388 r  clk_IBUF_inst/O
                         net (fo=1, routed)           1.862    13.250    clk_IBUF
    BUFGCTRL_X0Y0        BUFG (Prop_bufg_I_O)         0.091    13.341 r  clk_IBUF_BUFG_inst/O
                         net (fo=34, routed)          1.517    14.858    U_NRZ_L/clk_IBUF_BUFG
    SLICE_X1Y9           FDCE                                         r  U_NRZ_L/nrz_l_out_reg/C
                         clock pessimism              0.274    15.132    
                         clock uncertainty           -0.035    15.097    
    SLICE_X1Y9           FDCE (Setup_fdce_C_D)        0.031    15.128    U_NRZ_L/nrz_l_out_reg
  -------------------------------------------------------------------
                         required time                         15.128    
                         arrival time                         -10.019    
  -------------------------------------------------------------------
                         slack                                  5.109    

Slack (MET) :             5.884ns  (required time - arrival time)
  Source:                 U_NRZ_L/cycle_cnt_reg[20]/C
                            (rising edge-triggered cell FDCE clocked by sys_clk_pin  {rise@0.000ns fall@5.000ns period=10.000ns})
  Destination:            U_NRZ_L/bit_index_reg[0]/CE
                            (rising edge-triggered cell FDPE clocked by sys_clk_pin  {rise@0.000ns fall@5.000ns period=10.000ns})
  Path Group:             sys_clk_pin
  Path Type:              Setup (Max at Slow Process Corner)
  Requirement:            10.000ns  (sys_clk_pin rise@10.000ns - sys_clk_pin rise@0.000ns)
  Data Path Delay:        3.873ns  (logic 0.963ns (24.862%)  route 2.910ns (75.138%))
  Logic Levels:           3  (LUT5=1 LUT6=2)
  Clock Path Skew:        -0.038ns (DCD - SCD + CPR)
    Destination Clock Delay (DCD):    4.858ns = ( 14.858 - 10.000 ) 
    Source Clock Delay      (SCD):    5.156ns
    Clock Pessimism Removal (CPR):    0.260ns
  Clock Uncertainty:      0.035ns  ((TSJ^2 + TIJ^2)^1/2 + DJ) / 2 + PE
    Total System Jitter     (TSJ):    0.071ns
    Total Input Jitter      (TIJ):    0.000ns
    Discrete Jitter          (DJ):    0.000ns
    Phase Error              (PE):    0.000ns

    Location             Delay type                Incr(ns)  Path(ns)    Netlist Resource(s)
  -------------------------------------------------------------------    -------------------
                         (clock sys_clk_pin rise edge)
                                                      0.000     0.000 r  
    W5                                                0.000     0.000 r  clk (IN)
                         net (fo=0)                   0.000     0.000    clk
    W5                   IBUF (Prop_ibuf_I_O)         1.458     1.458 r  clk_IBUF_inst/O
                         net (fo=1, routed)           1.967     3.425    clk_IBUF
    BUFGCTRL_X0Y0        BUFG (Prop_bufg_I_O)         0.096     3.521 r  clk_IBUF_BUFG_inst/O
                         net (fo=34, routed)          1.635     5.156    U_NRZ_L/clk_IBUF_BUFG
    SLICE_X4Y5           FDCE                                         r  U_NRZ_L/cycle_cnt_reg[20]/C
  -------------------------------------------------------------------    -------------------
    SLICE_X4Y5           FDCE (Prop_fdce_C_Q)         0.419     5.575 r  U_NRZ_L/cycle_cnt_reg[20]/Q
                         net (fo=2, routed)           1.012     6.587    U_NRZ_L/cycle_cnt[20]
    SLICE_X4Y5           LUT6 (Prop_lut6_I0_O)        0.296     6.883 f  U_NRZ_L/cycle_cnt[24]_i_4/O
                         net (fo=1, routed)           0.800     7.683    U_NRZ_L/cycle_cnt[24]_i_4_n_0
    SLICE_X4Y3           LUT5 (Prop_lut5_I0_O)        0.124     7.807 r  U_NRZ_L/cycle_cnt[24]_i_3/O
                         net (fo=27, routed)          0.719     8.527    U_NRZ_L/cycle_cnt[24]_i_3_n_0
    SLICE_X2Y9           LUT6 (Prop_lut6_I0_O)        0.124     8.651 r  U_NRZ_L/bit_index[3]_i_1/O
                         net (fo=4, routed)           0.379     9.030    U_NRZ_L/bit_index[3]_i_1_n_0
    SLICE_X2Y9           FDPE                                         r  U_NRZ_L/bit_index_reg[0]/CE
  -------------------------------------------------------------------    -------------------

                         (clock sys_clk_pin rise edge)
                                                     10.000    10.000 r  
    W5                                                0.000    10.000 r  clk (IN)
                         net (fo=0)                   0.000    10.000    clk
    W5                   IBUF (Prop_ibuf_I_O)         1.388    11.388 r  clk_IBUF_inst/O
                         net (fo=1, routed)           1.862    13.250    clk_IBUF
    BUFGCTRL_X0Y0        BUFG (Prop_bufg_I_O)         0.091    13.341 r  clk_IBUF_BUFG_inst/O
                         net (fo=34, routed)          1.517    14.858    U_NRZ_L/clk_IBUF_BUFG
    SLICE_X2Y9           FDPE                                         r  U_NRZ_L/bit_index_reg[0]/C
                         clock pessimism              0.260    15.118    
                         clock uncertainty           -0.035    15.083    
    SLICE_X2Y9           FDPE (Setup_fdpe_C_CE)      -0.169    14.914    U_NRZ_L/bit_index_reg[0]
  -------------------------------------------------------------------
                         required time                         14.914    
                         arrival time                          -9.030    
  -------------------------------------------------------------------
                         slack                                  5.884    

Slack (MET) :             5.884ns  (required time - arrival time)
  Source:                 U_NRZ_L/cycle_cnt_reg[20]/C
                            (rising edge-triggered cell FDCE clocked by sys_clk_pin  {rise@0.000ns fall@5.000ns period=10.000ns})
  Destination:            U_NRZ_L/bit_index_reg[1]/CE
                            (rising edge-triggered cell FDPE clocked by sys_clk_pin  {rise@0.000ns fall@5.000ns period=10.000ns})
  Path Group:             sys_clk_pin
  Path Type:              Setup (Max at Slow Process Corner)
  Requirement:            10.000ns  (sys_clk_pin rise@10.000ns - sys_clk_pin rise@0.000ns)
  Data Path Delay:        3.873ns  (logic 0.963ns (24.862%)  route 2.910ns (75.138%))
  Logic Levels:           3  (LUT5=1 LUT6=2)
  Clock Path Skew:        -0.038ns (DCD - SCD + CPR)
    Destination Clock Delay (DCD):    4.858ns = ( 14.858 - 10.000 ) 
    Source Clock Delay      (SCD):    5.156ns
    Clock Pessimism Removal (CPR):    0.260ns
  Clock Uncertainty:      0.035ns  ((TSJ^2 + TIJ^2)^1/2 + DJ) / 2 + PE
    Total System Jitter     (TSJ):    0.071ns
    Total Input Jitter      (TIJ):    0.000ns
    Discrete Jitter          (DJ):    0.000ns
    Phase Error              (PE):    0.000ns

    Location             Delay type                Incr(ns)  Path(ns)    Netlist Resource(s)
  -------------------------------------------------------------------    -------------------
                         (clock sys_clk_pin rise edge)
                                                      0.000     0.000 r  
    W5                                                0.000     0.000 r  clk (IN)
                         net (fo=0)                   0.000     0.000    clk
    W5                   IBUF (Prop_ibuf_I_O)         1.458     1.458 r  clk_IBUF_inst/O
                         net (fo=1, routed)           1.967     3.425    clk_IBUF
    BUFGCTRL_X0Y0        BUFG (Prop_bufg_I_O)         0.096     3.521 r  clk_IBUF_BUFG_inst/O
                         net (fo=34, routed)          1.635     5.156    U_NRZ_L/clk_IBUF_BUFG
    SLICE_X4Y5           FDCE                                         r  U_NRZ_L/cycle_cnt_reg[20]/C
  -------------------------------------------------------------------    -------------------
    SLICE_X4Y5           FDCE (Prop_fdce_C_Q)         0.419     5.575 r  U_NRZ_L/cycle_cnt_reg[20]/Q
                         net (fo=2, routed)           1.012     6.587    U_NRZ_L/cycle_cnt[20]
    SLICE_X4Y5           LUT6 (Prop_lut6_I0_O)        0.296     6.883 f  U_NRZ_L/cycle_cnt[24]_i_4/O
                         net (fo=1, routed)           0.800     7.683    U_NRZ_L/cycle_cnt[24]_i_4_n_0
    SLICE_X4Y3           LUT5 (Prop_lut5_I0_O)        0.124     7.807 r  U_NRZ_L/cycle_cnt[24]_i_3/O
                         net (fo=27, routed)          0.719     8.527    U_NRZ_L/cycle_cnt[24]_i_3_n_0
    SLICE_X2Y9           LUT6 (Prop_lut6_I0_O)        0.124     8.651 r  U_NRZ_L/bit_index[3]_i_1/O
                         net (fo=4, routed)           0.379     9.030    U_NRZ_L/bit_index[3]_i_1_n_0
    SLICE_X2Y9           FDPE                                         r  U_NRZ_L/bit_index_reg[1]/CE
  -------------------------------------------------------------------    -------------------

                         (clock sys_clk_pin rise edge)
                                                     10.000    10.000 r  
    W5                                                0.000    10.000 r  clk (IN)
                         net (fo=0)                   0.000    10.000    clk
    W5                   IBUF (Prop_ibuf_I_O)         1.388    11.388 r  clk_IBUF_inst/O
                         net (fo=1, routed)           1.862    13.250    clk_IBUF
    BUFGCTRL_X0Y0        BUFG (Prop_bufg_I_O)         0.091    13.341 r  clk_IBUF_BUFG_inst/O
                         net (fo=34, routed)          1.517    14.858    U_NRZ_L/clk_IBUF_BUFG
    SLICE_X2Y9           FDPE                                         r  U_NRZ_L/bit_index_reg[1]/C
                         clock pessimism              0.260    15.118    
                         clock uncertainty           -0.035    15.083    
    SLICE_X2Y9           FDPE (Setup_fdpe_C_CE)      -0.169    14.914    U_NRZ_L/bit_index_reg[1]
  -------------------------------------------------------------------
                         required time                         14.914    
                         arrival time                          -9.030    
  -------------------------------------------------------------------
                         slack                                  5.884    

Slack (MET) :             5.884ns  (required time - arrival time)
  Source:                 U_NRZ_L/cycle_cnt_reg[20]/C
                            (rising edge-triggered cell FDCE clocked by sys_clk_pin  {rise@0.000ns fall@5.000ns period=10.000ns})
  Destination:            U_NRZ_L/bit_index_reg[2]/CE
                            (rising edge-triggered cell FDPE clocked by sys_clk_pin  {rise@0.000ns fall@5.000ns period=10.000ns})
  Path Group:             sys_clk_pin
  Path Type:              Setup (Max at Slow Process Corner)
  Requirement:            10.000ns  (sys_clk_pin rise@10.000ns - sys_clk_pin rise@0.000ns)
  Data Path Delay:        3.873ns  (logic 0.963ns (24.862%)  route 2.910ns (75.138%))
  Logic Levels:           3  (LUT5=1 LUT6=2)
  Clock Path Skew:        -0.038ns (DCD - SCD + CPR)
    Destination Clock Delay (DCD):    4.858ns = ( 14.858 - 10.000 ) 
    Source Clock Delay      (SCD):    5.156ns
    Clock Pessimism Removal (CPR):    0.260ns
  Clock Uncertainty:      0.035ns  ((TSJ^2 + TIJ^2)^1/2 + DJ) / 2 + PE
    Total System Jitter     (TSJ):    0.071ns
    Total Input Jitter      (TIJ):    0.000ns
    Discrete Jitter          (DJ):    0.000ns
    Phase Error              (PE):    0.000ns

    Location             Delay type                Incr(ns)  Path(ns)    Netlist Resource(s)
  -------------------------------------------------------------------    -------------------
                         (clock sys_clk_pin rise edge)
                                                      0.000     0.000 r  
    W5                                                0.000     0.000 r  clk (IN)
                         net (fo=0)                   0.000     0.000    clk
    W5                   IBUF (Prop_ibuf_I_O)         1.458     1.458 r  clk_IBUF_inst/O
                         net (fo=1, routed)           1.967     3.425    clk_IBUF
    BUFGCTRL_X0Y0        BUFG (Prop_bufg_I_O)         0.096     3.521 r  clk_IBUF_BUFG_inst/O
                         net (fo=34, routed)          1.635     5.156    U_NRZ_L/clk_IBUF_BUFG
    SLICE_X4Y5           FDCE                                         r  U_NRZ_L/cycle_cnt_reg[20]/C
  -------------------------------------------------------------------    -------------------
    SLICE_X4Y5           FDCE (Prop_fdce_C_Q)         0.419     5.575 r  U_NRZ_L/cycle_cnt_reg[20]/Q
                         net (fo=2, routed)           1.012     6.587    U_NRZ_L/cycle_cnt[20]
    SLICE_X4Y5           LUT6 (Prop_lut6_I0_O)        0.296     6.883 f  U_NRZ_L/cycle_cnt[24]_i_4/O
                         net (fo=1, routed)           0.800     7.683    U_NRZ_L/cycle_cnt[24]_i_4_n_0
    SLICE_X4Y3           LUT5 (Prop_lut5_I0_O)        0.124     7.807 r  U_NRZ_L/cycle_cnt[24]_i_3/O
                         net (fo=27, routed)          0.719     8.527    U_NRZ_L/cycle_cnt[24]_i_3_n_0
    SLICE_X2Y9           LUT6 (Prop_lut6_I0_O)        0.124     8.651 r  U_NRZ_L/bit_index[3]_i_1/O
                         net (fo=4, routed)           0.379     9.030    U_NRZ_L/bit_index[3]_i_1_n_0
    SLICE_X2Y9           FDPE                                         r  U_NRZ_L/bit_index_reg[2]/CE
  -------------------------------------------------------------------    -------------------

                         (clock sys_clk_pin rise edge)
                                                     10.000    10.000 r  
    W5                                                0.000    10.000 r  clk (IN)
                         net (fo=0)                   0.000    10.000    clk
    W5                   IBUF (Prop_ibuf_I_O)         1.388    11.388 r  clk_IBUF_inst/O
                         net (fo=1, routed)           1.862    13.250    clk_IBUF
    BUFGCTRL_X0Y0        BUFG (Prop_bufg_I_O)         0.091    13.341 r  clk_IBUF_BUFG_inst/O
                         net (fo=34, routed)          1.517    14.858    U_NRZ_L/clk_IBUF_BUFG
    SLICE_X2Y9           FDPE                                         r  U_NRZ_L/bit_index_reg[2]/C
                         clock pessimism              0.260    15.118    
                         clock uncertainty           -0.035    15.083    
    SLICE_X2Y9           FDPE (Setup_fdpe_C_CE)      -0.169    14.914    U_NRZ_L/bit_index_reg[2]
  -------------------------------------------------------------------
                         required time                         14.914    
                         arrival time                          -9.030    
  -------------------------------------------------------------------
                         slack                                  5.884    

Slack (MET) :             5.884ns  (required time - arrival time)
  Source:                 U_NRZ_L/cycle_cnt_reg[20]/C
                            (rising edge-triggered cell FDCE clocked by sys_clk_pin  {rise@0.000ns fall@5.000ns period=10.000ns})
  Destination:            U_NRZ_L/bit_index_reg[3]/CE
                            (rising edge-triggered cell FDPE clocked by sys_clk_pin  {rise@0.000ns fall@5.000ns period=10.000ns})
  Path Group:             sys_clk_pin
  Path Type:              Setup (Max at Slow Process Corner)
  Requirement:            10.000ns  (sys_clk_pin rise@10.000ns - sys_clk_pin rise@0.000ns)
  Data Path Delay:        3.873ns  (logic 0.963ns (24.862%)  route 2.910ns (75.138%))
  Logic Levels:           3  (LUT5=1 LUT6=2)
  Clock Path Skew:        -0.038ns (DCD - SCD + CPR)
    Destination Clock Delay (DCD):    4.858ns = ( 14.858 - 10.000 ) 
    Source Clock Delay      (SCD):    5.156ns
    Clock Pessimism Removal (CPR):    0.260ns
  Clock Uncertainty:      0.035ns  ((TSJ^2 + TIJ^2)^1/2 + DJ) / 2 + PE
    Total System Jitter     (TSJ):    0.071ns
    Total Input Jitter      (TIJ):    0.000ns
    Discrete Jitter          (DJ):    0.000ns
    Phase Error              (PE):    0.000ns

    Location             Delay type                Incr(ns)  Path(ns)    Netlist Resource(s)
  -------------------------------------------------------------------    -------------------
                         (clock sys_clk_pin rise edge)
                                                      0.000     0.000 r  
    W5                                                0.000     0.000 r  clk (IN)
                         net (fo=0)                   0.000     0.000    clk
    W5                   IBUF (Prop_ibuf_I_O)         1.458     1.458 r  clk_IBUF_inst/O
                         net (fo=1, routed)           1.967     3.425    clk_IBUF
    BUFGCTRL_X0Y0        BUFG (Prop_bufg_I_O)         0.096     3.521 r  clk_IBUF_BUFG_inst/O
                         net (fo=34, routed)          1.635     5.156    U_NRZ_L/clk_IBUF_BUFG
    SLICE_X4Y5           FDCE                                         r  U_NRZ_L/cycle_cnt_reg[20]/C
  -------------------------------------------------------------------    -------------------
    SLICE_X4Y5           FDCE (Prop_fdce_C_Q)         0.419     5.575 r  U_NRZ_L/cycle_cnt_reg[20]/Q
                         net (fo=2, routed)           1.012     6.587    U_NRZ_L/cycle_cnt[20]
    SLICE_X4Y5           LUT6 (Prop_lut6_I0_O)        0.296     6.883 f  U_NRZ_L/cycle_cnt[24]_i_4/O
                         net (fo=1, routed)           0.800     7.683    U_NRZ_L/cycle_cnt[24]_i_4_n_0
    SLICE_X4Y3           LUT5 (Prop_lut5_I0_O)        0.124     7.807 r  U_NRZ_L/cycle_cnt[24]_i_3/O
                         net (fo=27, routed)          0.719     8.527    U_NRZ_L/cycle_cnt[24]_i_3_n_0
    SLICE_X2Y9           LUT6 (Prop_lut6_I0_O)        0.124     8.651 r  U_NRZ_L/bit_index[3]_i_1/O
                         net (fo=4, routed)           0.379     9.030    U_NRZ_L/bit_index[3]_i_1_n_0
    SLICE_X2Y9           FDPE                                         r  U_NRZ_L/bit_index_reg[3]/CE
  -------------------------------------------------------------------    -------------------

                         (clock sys_clk_pin rise edge)
                                                     10.000    10.000 r  
    W5                                                0.000    10.000 r  clk (IN)
                         net (fo=0)                   0.000    10.000    clk
    W5                   IBUF (Prop_ibuf_I_O)         1.388    11.388 r  clk_IBUF_inst/O
                         net (fo=1, routed)           1.862    13.250    clk_IBUF
    BUFGCTRL_X0Y0        BUFG (Prop_bufg_I_O)         0.091    13.341 r  clk_IBUF_BUFG_inst/O
                         net (fo=34, routed)          1.517    14.858    U_NRZ_L/clk_IBUF_BUFG
    SLICE_X2Y9           FDPE                                         r  U_NRZ_L/bit_index_reg[3]/C
                         clock pessimism              0.260    15.118    
                         clock uncertainty           -0.035    15.083    
    SLICE_X2Y9           FDPE (Setup_fdpe_C_CE)      -0.169    14.914    U_NRZ_L/bit_index_reg[3]
  -------------------------------------------------------------------
                         required time                         14.914    
                         arrival time                          -9.030    
  -------------------------------------------------------------------
                         slack                                  5.884    

Slack (MET) :             6.182ns  (required time - arrival time)
  Source:                 U_NRZ_L/cycle_cnt_reg[20]/C
                            (rising edge-triggered cell FDCE clocked by sys_clk_pin  {rise@0.000ns fall@5.000ns period=10.000ns})
  Destination:            U_NRZ_L/cycle_cnt_reg[17]/D
                            (rising edge-triggered cell FDCE clocked by sys_clk_pin  {rise@0.000ns fall@5.000ns period=10.000ns})
  Path Group:             sys_clk_pin
  Path Type:              Setup (Max at Slow Process Corner)
  Requirement:            10.000ns  (sys_clk_pin rise@10.000ns - sys_clk_pin rise@0.000ns)
  Data Path Delay:        3.812ns  (logic 0.963ns (25.264%)  route 2.849ns (74.736%))
  Logic Levels:           3  (LUT3=1 LUT5=1 LUT6=1)
  Clock Path Skew:        0.000ns (DCD - SCD + CPR)
    Destination Clock Delay (DCD):    4.858ns = ( 14.858 - 10.000 ) 
    Source Clock Delay      (SCD):    5.156ns
    Clock Pessimism Removal (CPR):    0.298ns
  Clock Uncertainty:      0.035ns  ((TSJ^2 + TIJ^2)^1/2 + DJ) / 2 + PE
    Total System Jitter     (TSJ):    0.071ns
    Total Input Jitter      (TIJ):    0.000ns
    Discrete Jitter          (DJ):    0.000ns
    Phase Error              (PE):    0.000ns

    Location             Delay type                Incr(ns)  Path(ns)    Netlist Resource(s)
  -------------------------------------------------------------------    -------------------
                         (clock sys_clk_pin rise edge)
                                                      0.000     0.000 r  
    W5                                                0.000     0.000 r  clk (IN)
                         net (fo=0)                   0.000     0.000    clk
    W5                   IBUF (Prop_ibuf_I_O)         1.458     1.458 r  clk_IBUF_inst/O
                         net (fo=1, routed)           1.967     3.425    clk_IBUF
    BUFGCTRL_X0Y0        BUFG (Prop_bufg_I_O)         0.096     3.521 r  clk_IBUF_BUFG_inst/O
                         net (fo=34, routed)          1.635     5.156    U_NRZ_L/clk_IBUF_BUFG
    SLICE_X4Y5           FDCE                                         r  U_NRZ_L/cycle_cnt_reg[20]/C
  -------------------------------------------------------------------    -------------------
    SLICE_X4Y5           FDCE (Prop_fdce_C_Q)         0.419     5.575 f  U_NRZ_L/cycle_cnt_reg[20]/Q
                         net (fo=2, routed)           1.012     6.587    U_NRZ_L/cycle_cnt[20]
    SLICE_X4Y5           LUT6 (Prop_lut6_I0_O)        0.296     6.883 r  U_NRZ_L/cycle_cnt[24]_i_4/O
                         net (fo=1, routed)           0.800     7.683    U_NRZ_L/cycle_cnt[24]_i_4_n_0
    SLICE_X4Y3           LUT5 (Prop_lut5_I0_O)        0.124     7.807 f  U_NRZ_L/cycle_cnt[24]_i_3/O
                         net (fo=27, routed)          1.037     8.844    U_NRZ_L/cycle_cnt[24]_i_3_n_0
    SLICE_X4Y5           LUT3 (Prop_lut3_I1_O)        0.124     8.968 r  U_NRZ_L/cycle_cnt[17]_i_1/O
                         net (fo=1, routed)           0.000     8.968    U_NRZ_L/p_1_in[17]
    SLICE_X4Y5           FDCE                                         r  U_NRZ_L/cycle_cnt_reg[17]/D
  -------------------------------------------------------------------    -------------------

                         (clock sys_clk_pin rise edge)
                                                     10.000    10.000 r  
    W5                                                0.000    10.000 r  clk (IN)
                         net (fo=0)                   0.000    10.000    clk
    W5                   IBUF (Prop_ibuf_I_O)         1.388    11.388 r  clk_IBUF_inst/O
                         net (fo=1, routed)           1.862    13.250    clk_IBUF
    BUFGCTRL_X0Y0        BUFG (Prop_bufg_I_O)         0.091    13.341 r  clk_IBUF_BUFG_inst/O
                         net (fo=34, routed)          1.517    14.858    U_NRZ_L/clk_IBUF_BUFG
    SLICE_X4Y5           FDCE                                         r  U_NRZ_L/cycle_cnt_reg[17]/C
                         clock pessimism              0.298    15.156    
                         clock uncertainty           -0.035    15.121    
    SLICE_X4Y5           FDCE (Setup_fdce_C_D)        0.029    15.150    U_NRZ_L/cycle_cnt_reg[17]
  -------------------------------------------------------------------
                         required time                         15.150    
                         arrival time                          -8.968    
  -------------------------------------------------------------------
                         slack                                  6.182    

Slack (MET) :             6.200ns  (required time - arrival time)
  Source:                 U_NRZ_L/cycle_cnt_reg[20]/C
                            (rising edge-triggered cell FDCE clocked by sys_clk_pin  {rise@0.000ns fall@5.000ns period=10.000ns})
  Destination:            U_NRZ_L/cycle_cnt_reg[19]/D
                            (rising edge-triggered cell FDCE clocked by sys_clk_pin  {rise@0.000ns fall@5.000ns period=10.000ns})
  Path Group:             sys_clk_pin
  Path Type:              Setup (Max at Slow Process Corner)
  Requirement:            10.000ns  (sys_clk_pin rise@10.000ns - sys_clk_pin rise@0.000ns)
  Data Path Delay:        3.840ns  (logic 0.991ns (25.809%)  route 2.849ns (74.191%))
  Logic Levels:           3  (LUT3=1 LUT5=1 LUT6=1)
  Clock Path Skew:        0.000ns (DCD - SCD + CPR)
    Destination Clock Delay (DCD):    4.858ns = ( 14.858 - 10.000 ) 
    Source Clock Delay      (SCD):    5.156ns
    Clock Pessimism Removal (CPR):    0.298ns
  Clock Uncertainty:      0.035ns  ((TSJ^2 + TIJ^2)^1/2 + DJ) / 2 + PE
    Total System Jitter     (TSJ):    0.071ns
    Total Input Jitter      (TIJ):    0.000ns
    Discrete Jitter          (DJ):    0.000ns
    Phase Error              (PE):    0.000ns

    Location             Delay type                Incr(ns)  Path(ns)    Netlist Resource(s)
  -------------------------------------------------------------------    -------------------
                         (clock sys_clk_pin rise edge)
                                                      0.000     0.000 r  
    W5                                                0.000     0.000 r  clk (IN)
                         net (fo=0)                   0.000     0.000    clk
    W5                   IBUF (Prop_ibuf_I_O)         1.458     1.458 r  clk_IBUF_inst/O
                         net (fo=1, routed)           1.967     3.425    clk_IBUF
    BUFGCTRL_X0Y0        BUFG (Prop_bufg_I_O)         0.096     3.521 r  clk_IBUF_BUFG_inst/O
                         net (fo=34, routed)          1.635     5.156    U_NRZ_L/clk_IBUF_BUFG
    SLICE_X4Y5           FDCE                                         r  U_NRZ_L/cycle_cnt_reg[20]/C
  -------------------------------------------------------------------    -------------------
    SLICE_X4Y5           FDCE (Prop_fdce_C_Q)         0.419     5.575 f  U_NRZ_L/cycle_cnt_reg[20]/Q
                         net (fo=2, routed)           1.012     6.587    U_NRZ_L/cycle_cnt[20]
    SLICE_X4Y5           LUT6 (Prop_lut6_I0_O)        0.296     6.883 r  U_NRZ_L/cycle_cnt[24]_i_4/O
                         net (fo=1, routed)           0.800     7.683    U_NRZ_L/cycle_cnt[24]_i_4_n_0
    SLICE_X4Y3           LUT5 (Prop_lut5_I0_O)        0.124     7.807 f  U_NRZ_L/cycle_cnt[24]_i_3/O
                         net (fo=27, routed)          1.037     8.844    U_NRZ_L/cycle_cnt[24]_i_3_n_0
    SLICE_X4Y5           LUT3 (Prop_lut3_I1_O)        0.152     8.996 r  U_NRZ_L/cycle_cnt[19]_i_1/O
                         net (fo=1, routed)           0.000     8.996    U_NRZ_L/p_1_in[19]
    SLICE_X4Y5           FDCE                                         r  U_NRZ_L/cycle_cnt_reg[19]/D
  -------------------------------------------------------------------    -------------------

                         (clock sys_clk_pin rise edge)
                                                     10.000    10.000 r  
    W5                                                0.000    10.000 r  clk (IN)
                         net (fo=0)                   0.000    10.000    clk
    W5                   IBUF (Prop_ibuf_I_O)         1.388    11.388 r  clk_IBUF_inst/O
                         net (fo=1, routed)           1.862    13.250    clk_IBUF
    BUFGCTRL_X0Y0        BUFG (Prop_bufg_I_O)         0.091    13.341 r  clk_IBUF_BUFG_inst/O
                         net (fo=34, routed)          1.517    14.858    U_NRZ_L/clk_IBUF_BUFG
    SLICE_X4Y5           FDCE                                         r  U_NRZ_L/cycle_cnt_reg[19]/C
                         clock pessimism              0.298    15.156    
                         clock uncertainty           -0.035    15.121    
    SLICE_X4Y5           FDCE (Setup_fdce_C_D)        0.075    15.196    U_NRZ_L/cycle_cnt_reg[19]
  -------------------------------------------------------------------
                         required time                         15.196    
                         arrival time                          -8.996    
  -------------------------------------------------------------------
                         slack                                  6.200    

Slack (MET) :             6.219ns  (required time - arrival time)
  Source:                 U_NRZ_L/cycle_cnt_reg[20]/C
                            (rising edge-triggered cell FDCE clocked by sys_clk_pin  {rise@0.000ns fall@5.000ns period=10.000ns})
  Destination:            U_NRZ_L/cycle_cnt_reg[21]/D
                            (rising edge-triggered cell FDCE clocked by sys_clk_pin  {rise@0.000ns fall@5.000ns period=10.000ns})
  Path Group:             sys_clk_pin
  Path Type:              Setup (Max at Slow Process Corner)
  Requirement:            10.000ns  (sys_clk_pin rise@10.000ns - sys_clk_pin rise@0.000ns)
  Data Path Delay:        3.750ns  (logic 0.963ns (25.681%)  route 2.787ns (74.319%))
  Logic Levels:           3  (LUT3=1 LUT5=1 LUT6=1)
  Clock Path Skew:        -0.025ns (DCD - SCD + CPR)
    Destination Clock Delay (DCD):    4.858ns = ( 14.858 - 10.000 ) 
    Source Clock Delay      (SCD):    5.156ns
    Clock Pessimism Removal (CPR):    0.273ns
  Clock Uncertainty:      0.035ns  ((TSJ^2 + TIJ^2)^1/2 + DJ) / 2 + PE
    Total System Jitter     (TSJ):    0.071ns
    Total Input Jitter      (TIJ):    0.000ns
    Discrete Jitter          (DJ):    0.000ns
    Phase Error              (PE):    0.000ns

    Location             Delay type                Incr(ns)  Path(ns)    Netlist Resource(s)
  -------------------------------------------------------------------    -------------------
                         (clock sys_clk_pin rise edge)
                                                      0.000     0.000 r  
    W5                                                0.000     0.000 r  clk (IN)
                         net (fo=0)                   0.000     0.000    clk
    W5                   IBUF (Prop_ibuf_I_O)         1.458     1.458 r  clk_IBUF_inst/O
                         net (fo=1, routed)           1.967     3.425    clk_IBUF
    BUFGCTRL_X0Y0        BUFG (Prop_bufg_I_O)         0.096     3.521 r  clk_IBUF_BUFG_inst/O
                         net (fo=34, routed)          1.635     5.156    U_NRZ_L/clk_IBUF_BUFG
    SLICE_X4Y5           FDCE                                         r  U_NRZ_L/cycle_cnt_reg[20]/C
  -------------------------------------------------------------------    -------------------
    SLICE_X4Y5           FDCE (Prop_fdce_C_Q)         0.419     5.575 f  U_NRZ_L/cycle_cnt_reg[20]/Q
                         net (fo=2, routed)           1.012     6.587    U_NRZ_L/cycle_cnt[20]
    SLICE_X4Y5           LUT6 (Prop_lut6_I0_O)        0.296     6.883 r  U_NRZ_L/cycle_cnt[24]_i_4/O
                         net (fo=1, routed)           0.800     7.683    U_NRZ_L/cycle_cnt[24]_i_4_n_0
    SLICE_X4Y3           LUT5 (Prop_lut5_I0_O)        0.124     7.807 f  U_NRZ_L/cycle_cnt[24]_i_3/O
                         net (fo=27, routed)          0.975     8.782    U_NRZ_L/cycle_cnt[24]_i_3_n_0
    SLICE_X4Y6           LUT3 (Prop_lut3_I1_O)        0.124     8.906 r  U_NRZ_L/cycle_cnt[21]_i_1/O
                         net (fo=1, routed)           0.000     8.906    U_NRZ_L/p_1_in[21]
    SLICE_X4Y6           FDCE                                         r  U_NRZ_L/cycle_cnt_reg[21]/D
  -------------------------------------------------------------------    -------------------

                         (clock sys_clk_pin rise edge)
                                                     10.000    10.000 r  
    W5                                                0.000    10.000 r  clk (IN)
                         net (fo=0)                   0.000    10.000    clk
    W5                   IBUF (Prop_ibuf_I_O)         1.388    11.388 r  clk_IBUF_inst/O
                         net (fo=1, routed)           1.862    13.250    clk_IBUF
    BUFGCTRL_X0Y0        BUFG (Prop_bufg_I_O)         0.091    13.341 r  clk_IBUF_BUFG_inst/O
                         net (fo=34, routed)          1.517    14.858    U_NRZ_L/clk_IBUF_BUFG
    SLICE_X4Y6           FDCE                                         r  U_NRZ_L/cycle_cnt_reg[21]/C
                         clock pessimism              0.273    15.131    
                         clock uncertainty           -0.035    15.096    
    SLICE_X4Y6           FDCE (Setup_fdce_C_D)        0.029    15.125    U_NRZ_L/cycle_cnt_reg[21]
  -------------------------------------------------------------------
                         required time                         15.125    
                         arrival time                          -8.906    
  -------------------------------------------------------------------
                         slack                                  6.219    

Slack (MET) :             6.232ns  (required time - arrival time)
  Source:                 U_NRZ_L/cycle_cnt_reg[20]/C
                            (rising edge-triggered cell FDCE clocked by sys_clk_pin  {rise@0.000ns fall@5.000ns period=10.000ns})
  Destination:            U_NRZ_L/cycle_cnt_reg[22]/D
                            (rising edge-triggered cell FDCE clocked by sys_clk_pin  {rise@0.000ns fall@5.000ns period=10.000ns})
  Path Group:             sys_clk_pin
  Path Type:              Setup (Max at Slow Process Corner)
  Requirement:            10.000ns  (sys_clk_pin rise@10.000ns - sys_clk_pin rise@0.000ns)
  Data Path Delay:        3.739ns  (logic 0.963ns (25.758%)  route 2.776ns (74.242%))
  Logic Levels:           3  (LUT3=1 LUT5=1 LUT6=1)
  Clock Path Skew:        -0.025ns (DCD - SCD + CPR)
    Destination Clock Delay (DCD):    4.858ns = ( 14.858 - 10.000 ) 
    Source Clock Delay      (SCD):    5.156ns
    Clock Pessimism Removal (CPR):    0.273ns
  Clock Uncertainty:      0.035ns  ((TSJ^2 + TIJ^2)^1/2 + DJ) / 2 + PE
    Total System Jitter     (TSJ):    0.071ns
    Total Input Jitter      (TIJ):    0.000ns
    Discrete Jitter          (DJ):    0.000ns
    Phase Error              (PE):    0.000ns

    Location             Delay type                Incr(ns)  Path(ns)    Netlist Resource(s)
  -------------------------------------------------------------------    -------------------
                         (clock sys_clk_pin rise edge)
                                                      0.000     0.000 r  
    W5                                                0.000     0.000 r  clk (IN)
                         net (fo=0)                   0.000     0.000    clk
    W5                   IBUF (Prop_ibuf_I_O)         1.458     1.458 r  clk_IBUF_inst/O
                         net (fo=1, routed)           1.967     3.425    clk_IBUF
    BUFGCTRL_X0Y0        BUFG (Prop_bufg_I_O)         0.096     3.521 r  clk_IBUF_BUFG_inst/O
                         net (fo=34, routed)          1.635     5.156    U_NRZ_L/clk_IBUF_BUFG
    SLICE_X4Y5           FDCE                                         r  U_NRZ_L/cycle_cnt_reg[20]/C
  -------------------------------------------------------------------    -------------------
    SLICE_X4Y5           FDCE (Prop_fdce_C_Q)         0.419     5.575 f  U_NRZ_L/cycle_cnt_reg[20]/Q
                         net (fo=2, routed)           1.012     6.587    U_NRZ_L/cycle_cnt[20]
    SLICE_X4Y5           LUT6 (Prop_lut6_I0_O)        0.296     6.883 r  U_NRZ_L/cycle_cnt[24]_i_4/O
                         net (fo=1, routed)           0.800     7.683    U_NRZ_L/cycle_cnt[24]_i_4_n_0
    SLICE_X4Y3           LUT5 (Prop_lut5_I0_O)        0.124     7.807 f  U_NRZ_L/cycle_cnt[24]_i_3/O
                         net (fo=27, routed)          0.964     8.771    U_NRZ_L/cycle_cnt[24]_i_3_n_0
    SLICE_X4Y6           LUT3 (Prop_lut3_I1_O)        0.124     8.895 r  U_NRZ_L/cycle_cnt[22]_i_1/O
                         net (fo=1, routed)           0.000     8.895    U_NRZ_L/p_1_in[22]
    SLICE_X4Y6           FDCE                                         r  U_NRZ_L/cycle_cnt_reg[22]/D
  -------------------------------------------------------------------    -------------------

                         (clock sys_clk_pin rise edge)
                                                     10.000    10.000 r  
    W5                                                0.000    10.000 r  clk (IN)
                         net (fo=0)                   0.000    10.000    clk
    W5                   IBUF (Prop_ibuf_I_O)         1.388    11.388 r  clk_IBUF_inst/O
                         net (fo=1, routed)           1.862    13.250    clk_IBUF
    BUFGCTRL_X0Y0        BUFG (Prop_bufg_I_O)         0.091    13.341 r  clk_IBUF_BUFG_inst/O
                         net (fo=34, routed)          1.517    14.858    U_NRZ_L/clk_IBUF_BUFG
    SLICE_X4Y6           FDCE                                         r  U_NRZ_L/cycle_cnt_reg[22]/C
                         clock pessimism              0.273    15.131    
                         clock uncertainty           -0.035    15.096    
    SLICE_X4Y6           FDCE (Setup_fdce_C_D)        0.031    15.127    U_NRZ_L/cycle_cnt_reg[22]
  -------------------------------------------------------------------
                         required time                         15.127    
                         arrival time                          -8.895    
  -------------------------------------------------------------------
                         slack                                  6.232    

Slack (MET) :             6.239ns  (required time - arrival time)
  Source:                 U_NRZ_L/cycle_cnt_reg[20]/C
                            (rising edge-triggered cell FDCE clocked by sys_clk_pin  {rise@0.000ns fall@5.000ns period=10.000ns})
  Destination:            U_NRZ_L/cycle_cnt_reg[23]/D
                            (rising edge-triggered cell FDCE clocked by sys_clk_pin  {rise@0.000ns fall@5.000ns period=10.000ns})
  Path Group:             sys_clk_pin
  Path Type:              Setup (Max at Slow Process Corner)
  Requirement:            10.000ns  (sys_clk_pin rise@10.000ns - sys_clk_pin rise@0.000ns)
  Data Path Delay:        3.776ns  (logic 0.989ns (26.193%)  route 2.787ns (73.807%))
  Logic Levels:           3  (LUT3=1 LUT5=1 LUT6=1)
  Clock Path Skew:        -0.025ns (DCD - SCD + CPR)
    Destination Clock Delay (DCD):    4.858ns = ( 14.858 - 10.000 ) 
    Source Clock Delay      (SCD):    5.156ns
    Clock Pessimism Removal (CPR):    0.273ns
  Clock Uncertainty:      0.035ns  ((TSJ^2 + TIJ^2)^1/2 + DJ) / 2 + PE
    Total System Jitter     (TSJ):    0.071ns
    Total Input Jitter      (TIJ):    0.000ns
    Discrete Jitter          (DJ):    0.000ns
    Phase Error              (PE):    0.000ns

    Location             Delay type                Incr(ns)  Path(ns)    Netlist Resource(s)
  -------------------------------------------------------------------    -------------------
                         (clock sys_clk_pin rise edge)
                                                      0.000     0.000 r  
    W5                                                0.000     0.000 r  clk (IN)
                         net (fo=0)                   0.000     0.000    clk
    W5                   IBUF (Prop_ibuf_I_O)         1.458     1.458 r  clk_IBUF_inst/O
                         net (fo=1, routed)           1.967     3.425    clk_IBUF
    BUFGCTRL_X0Y0        BUFG (Prop_bufg_I_O)         0.096     3.521 r  clk_IBUF_BUFG_inst/O
                         net (fo=34, routed)          1.635     5.156    U_NRZ_L/clk_IBUF_BUFG
    SLICE_X4Y5           FDCE                                         r  U_NRZ_L/cycle_cnt_reg[20]/C
  -------------------------------------------------------------------    -------------------
    SLICE_X4Y5           FDCE (Prop_fdce_C_Q)         0.419     5.575 f  U_NRZ_L/cycle_cnt_reg[20]/Q
                         net (fo=2, routed)           1.012     6.587    U_NRZ_L/cycle_cnt[20]
    SLICE_X4Y5           LUT6 (Prop_lut6_I0_O)        0.296     6.883 r  U_NRZ_L/cycle_cnt[24]_i_4/O
                         net (fo=1, routed)           0.800     7.683    U_NRZ_L/cycle_cnt[24]_i_4_n_0
    SLICE_X4Y3           LUT5 (Prop_lut5_I0_O)        0.124     7.807 f  U_NRZ_L/cycle_cnt[24]_i_3/O
                         net (fo=27, routed)          0.975     8.782    U_NRZ_L/cycle_cnt[24]_i_3_n_0
    SLICE_X4Y6           LUT3 (Prop_lut3_I1_O)        0.150     8.932 r  U_NRZ_L/cycle_cnt[23]_i_1/O
                         net (fo=1, routed)           0.000     8.932    U_NRZ_L/p_1_in[23]
    SLICE_X4Y6           FDCE                                         r  U_NRZ_L/cycle_cnt_reg[23]/D
  -------------------------------------------------------------------    -------------------

                         (clock sys_clk_pin rise edge)
                                                     10.000    10.000 r  
    W5                                                0.000    10.000 r  clk (IN)
                         net (fo=0)                   0.000    10.000    clk
    W5                   IBUF (Prop_ibuf_I_O)         1.388    11.388 r  clk_IBUF_inst/O
                         net (fo=1, routed)           1.862    13.250    clk_IBUF
    BUFGCTRL_X0Y0        BUFG (Prop_bufg_I_O)         0.091    13.341 r  clk_IBUF_BUFG_inst/O
                         net (fo=34, routed)          1.517    14.858    U_NRZ_L/clk_IBUF_BUFG
    SLICE_X4Y6           FDCE                                         r  U_NRZ_L/cycle_cnt_reg[23]/C
                         clock pessimism              0.273    15.131    
                         clock uncertainty           -0.035    15.096    
    SLICE_X4Y6           FDCE (Setup_fdce_C_D)        0.075    15.171    U_NRZ_L/cycle_cnt_reg[23]
  -------------------------------------------------------------------
                         required time                         15.171    
                         arrival time                          -8.932    
  -------------------------------------------------------------------
                         slack                                  6.239    





Min Delay Paths
--------------------------------------------------------------------------------------
Slack (MET) :             0.208ns  (arrival time - required time)
  Source:                 U_NRZ_L/is_tx_reg/C
                            (rising edge-triggered cell FDCE clocked by sys_clk_pin  {rise@0.000ns fall@5.000ns period=10.000ns})
  Destination:            U_NRZ_L/bit_index_reg[0]/D
                            (rising edge-triggered cell FDPE clocked by sys_clk_pin  {rise@0.000ns fall@5.000ns period=10.000ns})
  Path Group:             sys_clk_pin
  Path Type:              Hold (Min at Fast Process Corner)
  Requirement:            0.000ns  (sys_clk_pin rise@0.000ns - sys_clk_pin rise@0.000ns)
  Data Path Delay:        0.345ns  (logic 0.186ns (53.855%)  route 0.159ns (46.145%))
  Logic Levels:           1  (LUT2=1)
  Clock Path Skew:        0.016ns (DCD - SCD - CPR)
    Destination Clock Delay (DCD):    1.992ns
    Source Clock Delay      (SCD):    1.477ns
    Clock Pessimism Removal (CPR):    0.499ns

    Location             Delay type                Incr(ns)  Path(ns)    Netlist Resource(s)
  -------------------------------------------------------------------    -------------------
                         (clock sys_clk_pin rise edge)
                                                      0.000     0.000 r  
    W5                                                0.000     0.000 r  clk (IN)
                         net (fo=0)                   0.000     0.000    clk
    W5                   IBUF (Prop_ibuf_I_O)         0.226     0.226 r  clk_IBUF_inst/O
                         net (fo=1, routed)           0.631     0.858    clk_IBUF
    BUFGCTRL_X0Y0        BUFG (Prop_bufg_I_O)         0.026     0.884 r  clk_IBUF_BUFG_inst/O
                         net (fo=34, routed)          0.594     1.477    U_NRZ_L/clk_IBUF_BUFG
    SLICE_X1Y9           FDCE                                         r  U_NRZ_L/is_tx_reg/C
  -------------------------------------------------------------------    -------------------
    SLICE_X1Y9           FDCE (Prop_fdce_C_Q)         0.141     1.618 f  U_NRZ_L/is_tx_reg/Q
                         net (fo=33, routed)          0.159     1.777    U_NRZ_L/is_tx
    SLICE_X2Y9           LUT2 (Prop_lut2_I0_O)        0.045     1.822 r  U_NRZ_L/bit_index[0]_i_1/O
                         net (fo=1, routed)           0.000     1.822    U_NRZ_L/bit_index[0]_i_1_n_0
    SLICE_X2Y9           FDPE                                         r  U_NRZ_L/bit_index_reg[0]/D
  -------------------------------------------------------------------    -------------------

                         (clock sys_clk_pin rise edge)
                                                      0.000     0.000 r  
    W5                                                0.000     0.000 r  clk (IN)
                         net (fo=0)                   0.000     0.000    clk
    W5                   IBUF (Prop_ibuf_I_O)         0.414     0.414 r  clk_IBUF_inst/O
                         net (fo=1, routed)           0.685     1.099    clk_IBUF
    BUFGCTRL_X0Y0        BUFG (Prop_bufg_I_O)         0.029     1.128 r  clk_IBUF_BUFG_inst/O
                         net (fo=34, routed)          0.865     1.992    U_NRZ_L/clk_IBUF_BUFG
    SLICE_X2Y9           FDPE                                         r  U_NRZ_L/bit_index_reg[0]/C
                         clock pessimism             -0.499     1.493    
    SLICE_X2Y9           FDPE (Hold_fdpe_C_D)         0.121     1.614    U_NRZ_L/bit_index_reg[0]
  -------------------------------------------------------------------
                         required time                         -1.614    
                         arrival time                           1.822    
  -------------------------------------------------------------------
                         slack                                  0.208    

Slack (MET) :             0.247ns  (arrival time - required time)
  Source:                 counter_25_reg[1]/C
                            (rising edge-triggered cell FDRE clocked by sys_clk_pin  {rise@0.000ns fall@5.000ns period=10.000ns})
  Destination:            clk_25_reg/D
                            (rising edge-triggered cell FDRE clocked by sys_clk_pin  {rise@0.000ns fall@5.000ns period=10.000ns})
  Path Group:             sys_clk_pin
  Path Type:              Hold (Min at Fast Process Corner)
  Requirement:            0.000ns  (sys_clk_pin rise@0.000ns - sys_clk_pin rise@0.000ns)
  Data Path Delay:        0.259ns  (logic 0.128ns (49.441%)  route 0.131ns (50.559%))
  Logic Levels:           0  
  Clock Path Skew:        0.000ns (DCD - SCD - CPR)
    Destination Clock Delay (DCD):    1.994ns
    Source Clock Delay      (SCD):    1.479ns
    Clock Pessimism Removal (CPR):    0.515ns

    Location             Delay type                Incr(ns)  Path(ns)    Netlist Resource(s)
  -------------------------------------------------------------------    -------------------
                         (clock sys_clk_pin rise edge)
                                                      0.000     0.000 r  
    W5                                                0.000     0.000 r  clk (IN)
                         net (fo=0)                   0.000     0.000    clk
    W5                   IBUF (Prop_ibuf_I_O)         0.226     0.226 r  clk_IBUF_inst/O
                         net (fo=1, routed)           0.631     0.858    clk_IBUF
    BUFGCTRL_X0Y0        BUFG (Prop_bufg_I_O)         0.026     0.884 r  clk_IBUF_BUFG_inst/O
                         net (fo=34, routed)          0.596     1.479    clk_IBUF_BUFG
    SLICE_X3Y1           FDRE                                         r  counter_25_reg[1]/C
  -------------------------------------------------------------------    -------------------
    SLICE_X3Y1           FDRE (Prop_fdre_C_Q)         0.128     1.607 r  counter_25_reg[1]/Q
                         net (fo=2, routed)           0.131     1.738    counter_25[1]
    SLICE_X3Y1           FDRE                                         r  clk_25_reg/D
  -------------------------------------------------------------------    -------------------

                         (clock sys_clk_pin rise edge)
                                                      0.000     0.000 r  
    W5                                                0.000     0.000 r  clk (IN)
                         net (fo=0)                   0.000     0.000    clk
    W5                   IBUF (Prop_ibuf_I_O)         0.414     0.414 r  clk_IBUF_inst/O
                         net (fo=1, routed)           0.685     1.099    clk_IBUF
    BUFGCTRL_X0Y0        BUFG (Prop_bufg_I_O)         0.029     1.128 r  clk_IBUF_BUFG_inst/O
                         net (fo=34, routed)          0.867     1.994    clk_IBUF_BUFG
    SLICE_X3Y1           FDRE                                         r  clk_25_reg/C
                         clock pessimism             -0.515     1.479    
    SLICE_X3Y1           FDRE (Hold_fdre_C_D)         0.012     1.491    clk_25_reg
  -------------------------------------------------------------------
                         required time                         -1.491    
                         arrival time                           1.738    
  -------------------------------------------------------------------
                         slack                                  0.247    

Slack (MET) :             0.274ns  (arrival time - required time)
  Source:                 U_NRZ_L/is_tx_reg/C
                            (rising edge-triggered cell FDCE clocked by sys_clk_pin  {rise@0.000ns fall@5.000ns period=10.000ns})
  Destination:            U_NRZ_L/is_tx_reg/D
                            (rising edge-triggered cell FDCE clocked by sys_clk_pin  {rise@0.000ns fall@5.000ns period=10.000ns})
  Path Group:             sys_clk_pin
  Path Type:              Hold (Min at Fast Process Corner)
  Requirement:            0.000ns  (sys_clk_pin rise@0.000ns - sys_clk_pin rise@0.000ns)
  Data Path Delay:        0.365ns  (logic 0.186ns (50.911%)  route 0.179ns (49.089%))
  Logic Levels:           1  (LUT6=1)
  Clock Path Skew:        0.000ns (DCD - SCD - CPR)
    Destination Clock Delay (DCD):    1.992ns
    Source Clock Delay      (SCD):    1.477ns
    Clock Pessimism Removal (CPR):    0.515ns

    Location             Delay type                Incr(ns)  Path(ns)    Netlist Resource(s)
  -------------------------------------------------------------------    -------------------
                         (clock sys_clk_pin rise edge)
                                                      0.000     0.000 r  
    W5                                                0.000     0.000 r  clk (IN)
                         net (fo=0)                   0.000     0.000    clk
    W5                   IBUF (Prop_ibuf_I_O)         0.226     0.226 r  clk_IBUF_inst/O
                         net (fo=1, routed)           0.631     0.858    clk_IBUF
    BUFGCTRL_X0Y0        BUFG (Prop_bufg_I_O)         0.026     0.884 r  clk_IBUF_BUFG_inst/O
                         net (fo=34, routed)          0.594     1.477    U_NRZ_L/clk_IBUF_BUFG
    SLICE_X1Y9           FDCE                                         r  U_NRZ_L/is_tx_reg/C
  -------------------------------------------------------------------    -------------------
    SLICE_X1Y9           FDCE (Prop_fdce_C_Q)         0.141     1.618 r  U_NRZ_L/is_tx_reg/Q
                         net (fo=33, routed)          0.179     1.797    U_NRZ_L/is_tx
    SLICE_X1Y9           LUT6 (Prop_lut6_I4_O)        0.045     1.842 r  U_NRZ_L/is_tx_i_1/O
                         net (fo=1, routed)           0.000     1.842    U_NRZ_L/is_tx_i_1_n_0
    SLICE_X1Y9           FDCE                                         r  U_NRZ_L/is_tx_reg/D
  -------------------------------------------------------------------    -------------------

                         (clock sys_clk_pin rise edge)
                                                      0.000     0.000 r  
    W5                                                0.000     0.000 r  clk (IN)
                         net (fo=0)                   0.000     0.000    clk
    W5                   IBUF (Prop_ibuf_I_O)         0.414     0.414 r  clk_IBUF_inst/O
                         net (fo=1, routed)           0.685     1.099    clk_IBUF
    BUFGCTRL_X0Y0        BUFG (Prop_bufg_I_O)         0.029     1.128 r  clk_IBUF_BUFG_inst/O
                         net (fo=34, routed)          0.865     1.992    U_NRZ_L/clk_IBUF_BUFG
    SLICE_X1Y9           FDCE                                         r  U_NRZ_L/is_tx_reg/C
                         clock pessimism             -0.515     1.477    
    SLICE_X1Y9           FDCE (Hold_fdce_C_D)         0.091     1.568    U_NRZ_L/is_tx_reg
  -------------------------------------------------------------------
                         required time                         -1.568    
                         arrival time                           1.842    
  -------------------------------------------------------------------
                         slack                                  0.274    

Slack (MET) :             0.275ns  (arrival time - required time)
  Source:                 U_NRZ_L/is_tx_reg/C
                            (rising edge-triggered cell FDCE clocked by sys_clk_pin  {rise@0.000ns fall@5.000ns period=10.000ns})
  Destination:            U_NRZ_L/nrz_l_out_reg/D
                            (rising edge-triggered cell FDCE clocked by sys_clk_pin  {rise@0.000ns fall@5.000ns period=10.000ns})
  Path Group:             sys_clk_pin
  Path Type:              Hold (Min at Fast Process Corner)
  Requirement:            0.000ns  (sys_clk_pin rise@0.000ns - sys_clk_pin rise@0.000ns)
  Data Path Delay:        0.367ns  (logic 0.186ns (50.634%)  route 0.181ns (49.366%))
  Logic Levels:           1  (LUT6=1)
  Clock Path Skew:        0.000ns (DCD - SCD - CPR)
    Destination Clock Delay (DCD):    1.992ns
    Source Clock Delay      (SCD):    1.477ns
    Clock Pessimism Removal (CPR):    0.515ns

    Location             Delay type                Incr(ns)  Path(ns)    Netlist Resource(s)
  -------------------------------------------------------------------    -------------------
                         (clock sys_clk_pin rise edge)
                                                      0.000     0.000 r  
    W5                                                0.000     0.000 r  clk (IN)
                         net (fo=0)                   0.000     0.000    clk
    W5                   IBUF (Prop_ibuf_I_O)         0.226     0.226 r  clk_IBUF_inst/O
                         net (fo=1, routed)           0.631     0.858    clk_IBUF
    BUFGCTRL_X0Y0        BUFG (Prop_bufg_I_O)         0.026     0.884 r  clk_IBUF_BUFG_inst/O
                         net (fo=34, routed)          0.594     1.477    U_NRZ_L/clk_IBUF_BUFG
    SLICE_X1Y9           FDCE                                         r  U_NRZ_L/is_tx_reg/C
  -------------------------------------------------------------------    -------------------
    SLICE_X1Y9           FDCE (Prop_fdce_C_Q)         0.141     1.618 r  U_NRZ_L/is_tx_reg/Q
                         net (fo=33, routed)          0.181     1.799    U_NRZ_L/is_tx
    SLICE_X1Y9           LUT6 (Prop_lut6_I3_O)        0.045     1.844 r  U_NRZ_L/nrz_l_out_i_1/O
                         net (fo=1, routed)           0.000     1.844    U_NRZ_L/nrz_l_out_i_1_n_0
    SLICE_X1Y9           FDCE                                         r  U_NRZ_L/nrz_l_out_reg/D
  -------------------------------------------------------------------    -------------------

                         (clock sys_clk_pin rise edge)
                                                      0.000     0.000 r  
    W5                                                0.000     0.000 r  clk (IN)
                         net (fo=0)                   0.000     0.000    clk
    W5                   IBUF (Prop_ibuf_I_O)         0.414     0.414 r  clk_IBUF_inst/O
                         net (fo=1, routed)           0.685     1.099    clk_IBUF
    BUFGCTRL_X0Y0        BUFG (Prop_bufg_I_O)         0.029     1.128 r  clk_IBUF_BUFG_inst/O
                         net (fo=34, routed)          0.865     1.992    U_NRZ_L/clk_IBUF_BUFG
    SLICE_X1Y9           FDCE                                         r  U_NRZ_L/nrz_l_out_reg/C
                         clock pessimism             -0.515     1.477    
    SLICE_X1Y9           FDCE (Hold_fdce_C_D)         0.092     1.569    U_NRZ_L/nrz_l_out_reg
  -------------------------------------------------------------------
                         required time                         -1.569    
                         arrival time                           1.844    
  -------------------------------------------------------------------
                         slack                                  0.275    

Slack (MET) :             0.277ns  (arrival time - required time)
  Source:                 U_NRZ_L/bit_index_reg[2]/C
                            (rising edge-triggered cell FDPE clocked by sys_clk_pin  {rise@0.000ns fall@5.000ns period=10.000ns})
  Destination:            U_NRZ_L/bit_index_reg[3]/D
                            (rising edge-triggered cell FDPE clocked by sys_clk_pin  {rise@0.000ns fall@5.000ns period=10.000ns})
  Path Group:             sys_clk_pin
  Path Type:              Hold (Min at Fast Process Corner)
  Requirement:            0.000ns  (sys_clk_pin rise@0.000ns - sys_clk_pin rise@0.000ns)
  Data Path Delay:        0.408ns  (logic 0.207ns (50.797%)  route 0.201ns (49.203%))
  Logic Levels:           1  (LUT5=1)
  Clock Path Skew:        0.000ns (DCD - SCD - CPR)
    Destination Clock Delay (DCD):    1.992ns
    Source Clock Delay      (SCD):    1.477ns
    Clock Pessimism Removal (CPR):    0.515ns

    Location             Delay type                Incr(ns)  Path(ns)    Netlist Resource(s)
  -------------------------------------------------------------------    -------------------
                         (clock sys_clk_pin rise edge)
                                                      0.000     0.000 r  
    W5                                                0.000     0.000 r  clk (IN)
                         net (fo=0)                   0.000     0.000    clk
    W5                   IBUF (Prop_ibuf_I_O)         0.226     0.226 r  clk_IBUF_inst/O
                         net (fo=1, routed)           0.631     0.858    clk_IBUF
    BUFGCTRL_X0Y0        BUFG (Prop_bufg_I_O)         0.026     0.884 r  clk_IBUF_BUFG_inst/O
                         net (fo=34, routed)          0.594     1.477    U_NRZ_L/clk_IBUF_BUFG
    SLICE_X2Y9           FDPE                                         r  U_NRZ_L/bit_index_reg[2]/C
  -------------------------------------------------------------------    -------------------
    SLICE_X2Y9           FDPE (Prop_fdpe_C_Q)         0.164     1.641 r  U_NRZ_L/bit_index_reg[2]/Q
                         net (fo=6, routed)           0.201     1.842    U_NRZ_L/bit_index_reg[2]
    SLICE_X2Y9           LUT5 (Prop_lut5_I4_O)        0.043     1.885 r  U_NRZ_L/bit_index[3]_i_2/O
                         net (fo=1, routed)           0.000     1.885    U_NRZ_L/bit_index[3]_i_2_n_0
    SLICE_X2Y9           FDPE                                         r  U_NRZ_L/bit_index_reg[3]/D
  -------------------------------------------------------------------    -------------------

                         (clock sys_clk_pin rise edge)
                                                      0.000     0.000 r  
    W5                                                0.000     0.000 r  clk (IN)
                         net (fo=0)                   0.000     0.000    clk
    W5                   IBUF (Prop_ibuf_I_O)         0.414     0.414 r  clk_IBUF_inst/O
                         net (fo=1, routed)           0.685     1.099    clk_IBUF
    BUFGCTRL_X0Y0        BUFG (Prop_bufg_I_O)         0.029     1.128 r  clk_IBUF_BUFG_inst/O
                         net (fo=34, routed)          0.865     1.992    U_NRZ_L/clk_IBUF_BUFG
    SLICE_X2Y9           FDPE                                         r  U_NRZ_L/bit_index_reg[3]/C
                         clock pessimism             -0.515     1.477    
    SLICE_X2Y9           FDPE (Hold_fdpe_C_D)         0.131     1.608    U_NRZ_L/bit_index_reg[3]
  -------------------------------------------------------------------
                         required time                         -1.608    
                         arrival time                           1.885    
  -------------------------------------------------------------------
                         slack                                  0.277    

Slack (MET) :             0.283ns  (arrival time - required time)
  Source:                 U_NRZ_L/is_tx_reg/C
                            (rising edge-triggered cell FDCE clocked by sys_clk_pin  {rise@0.000ns fall@5.000ns period=10.000ns})
  Destination:            U_NRZ_L/bit_index_reg[1]/D
                            (rising edge-triggered cell FDPE clocked by sys_clk_pin  {rise@0.000ns fall@5.000ns period=10.000ns})
  Path Group:             sys_clk_pin
  Path Type:              Hold (Min at Fast Process Corner)
  Requirement:            0.000ns  (sys_clk_pin rise@0.000ns - sys_clk_pin rise@0.000ns)
  Data Path Delay:        0.432ns  (logic 0.188ns (43.481%)  route 0.244ns (56.519%))
  Logic Levels:           1  (LUT3=1)
  Clock Path Skew:        0.016ns (DCD - SCD - CPR)
    Destination Clock Delay (DCD):    1.992ns
    Source Clock Delay      (SCD):    1.477ns
    Clock Pessimism Removal (CPR):    0.499ns

    Location             Delay type                Incr(ns)  Path(ns)    Netlist Resource(s)
  -------------------------------------------------------------------    -------------------
                         (clock sys_clk_pin rise edge)
                                                      0.000     0.000 r  
    W5                                                0.000     0.000 r  clk (IN)
                         net (fo=0)                   0.000     0.000    clk
    W5                   IBUF (Prop_ibuf_I_O)         0.226     0.226 r  clk_IBUF_inst/O
                         net (fo=1, routed)           0.631     0.858    clk_IBUF
    BUFGCTRL_X0Y0        BUFG (Prop_bufg_I_O)         0.026     0.884 r  clk_IBUF_BUFG_inst/O
                         net (fo=34, routed)          0.594     1.477    U_NRZ_L/clk_IBUF_BUFG
    SLICE_X1Y9           FDCE                                         r  U_NRZ_L/is_tx_reg/C
  -------------------------------------------------------------------    -------------------
    SLICE_X1Y9           FDCE (Prop_fdce_C_Q)         0.141     1.618 f  U_NRZ_L/is_tx_reg/Q
                         net (fo=33, routed)          0.244     1.862    U_NRZ_L/is_tx
    SLICE_X2Y9           LUT3 (Prop_lut3_I0_O)        0.047     1.909 r  U_NRZ_L/bit_index[1]_i_1/O
                         net (fo=1, routed)           0.000     1.909    U_NRZ_L/bit_index[1]_i_1_n_0
    SLICE_X2Y9           FDPE                                         r  U_NRZ_L/bit_index_reg[1]/D
  -------------------------------------------------------------------    -------------------

                         (clock sys_clk_pin rise edge)
                                                      0.000     0.000 r  
    W5                                                0.000     0.000 r  clk (IN)
                         net (fo=0)                   0.000     0.000    clk
    W5                   IBUF (Prop_ibuf_I_O)         0.414     0.414 r  clk_IBUF_inst/O
                         net (fo=1, routed)           0.685     1.099    clk_IBUF
    BUFGCTRL_X0Y0        BUFG (Prop_bufg_I_O)         0.029     1.128 r  clk_IBUF_BUFG_inst/O
                         net (fo=34, routed)          0.865     1.992    U_NRZ_L/clk_IBUF_BUFG
    SLICE_X2Y9           FDPE                                         r  U_NRZ_L/bit_index_reg[1]/C
                         clock pessimism             -0.499     1.493    
    SLICE_X2Y9           FDPE (Hold_fdpe_C_D)         0.133     1.626    U_NRZ_L/bit_index_reg[1]
  -------------------------------------------------------------------
                         required time                         -1.626    
                         arrival time                           1.909    
  -------------------------------------------------------------------
                         slack                                  0.283    

Slack (MET) :             0.290ns  (arrival time - required time)
  Source:                 U_NRZ_L/bit_index_reg[2]/C
                            (rising edge-triggered cell FDPE clocked by sys_clk_pin  {rise@0.000ns fall@5.000ns period=10.000ns})
  Destination:            U_NRZ_L/bit_index_reg[2]/D
                            (rising edge-triggered cell FDPE clocked by sys_clk_pin  {rise@0.000ns fall@5.000ns period=10.000ns})
  Path Group:             sys_clk_pin
  Path Type:              Hold (Min at Fast Process Corner)
  Requirement:            0.000ns  (sys_clk_pin rise@0.000ns - sys_clk_pin rise@0.000ns)
  Data Path Delay:        0.410ns  (logic 0.209ns (51.037%)  route 0.201ns (48.963%))
  Logic Levels:           1  (LUT4=1)
  Clock Path Skew:        0.000ns (DCD - SCD - CPR)
    Destination Clock Delay (DCD):    1.992ns
    Source Clock Delay      (SCD):    1.477ns
    Clock Pessimism Removal (CPR):    0.515ns

    Location             Delay type                Incr(ns)  Path(ns)    Netlist Resource(s)
  -------------------------------------------------------------------    -------------------
                         (clock sys_clk_pin rise edge)
                                                      0.000     0.000 r  
    W5                                                0.000     0.000 r  clk (IN)
                         net (fo=0)                   0.000     0.000    clk
    W5                   IBUF (Prop_ibuf_I_O)         0.226     0.226 r  clk_IBUF_inst/O
                         net (fo=1, routed)           0.631     0.858    clk_IBUF
    BUFGCTRL_X0Y0        BUFG (Prop_bufg_I_O)         0.026     0.884 r  clk_IBUF_BUFG_inst/O
                         net (fo=34, routed)          0.594     1.477    U_NRZ_L/clk_IBUF_BUFG
    SLICE_X2Y9           FDPE                                         r  U_NRZ_L/bit_index_reg[2]/C
  -------------------------------------------------------------------    -------------------
    SLICE_X2Y9           FDPE (Prop_fdpe_C_Q)         0.164     1.641 r  U_NRZ_L/bit_index_reg[2]/Q
                         net (fo=6, routed)           0.201     1.842    U_NRZ_L/bit_index_reg[2]
    SLICE_X2Y9           LUT4 (Prop_lut4_I1_O)        0.045     1.887 r  U_NRZ_L/bit_index[2]_i_1/O
                         net (fo=1, routed)           0.000     1.887    U_NRZ_L/bit_index[2]_i_1_n_0
    SLICE_X2Y9           FDPE                                         r  U_NRZ_L/bit_index_reg[2]/D
  -------------------------------------------------------------------    -------------------

                         (clock sys_clk_pin rise edge)
                                                      0.000     0.000 r  
    W5                                                0.000     0.000 r  clk (IN)
                         net (fo=0)                   0.000     0.000    clk
    W5                   IBUF (Prop_ibuf_I_O)         0.414     0.414 r  clk_IBUF_inst/O
                         net (fo=1, routed)           0.685     1.099    clk_IBUF
    BUFGCTRL_X0Y0        BUFG (Prop_bufg_I_O)         0.029     1.128 r  clk_IBUF_BUFG_inst/O
                         net (fo=34, routed)          0.865     1.992    U_NRZ_L/clk_IBUF_BUFG
    SLICE_X2Y9           FDPE                                         r  U_NRZ_L/bit_index_reg[2]/C
                         clock pessimism             -0.515     1.477    
    SLICE_X2Y9           FDPE (Hold_fdpe_C_D)         0.120     1.597    U_NRZ_L/bit_index_reg[2]
  -------------------------------------------------------------------
                         required time                         -1.597    
                         arrival time                           1.887    
  -------------------------------------------------------------------
                         slack                                  0.290    

Slack (MET) :             0.348ns  (arrival time - required time)
  Source:                 U_NRZ_L/cycle_cnt_reg[0]/C
                            (rising edge-triggered cell FDCE clocked by sys_clk_pin  {rise@0.000ns fall@5.000ns period=10.000ns})
  Destination:            U_NRZ_L/cycle_cnt_reg[0]/D
                            (rising edge-triggered cell FDCE clocked by sys_clk_pin  {rise@0.000ns fall@5.000ns period=10.000ns})
  Path Group:             sys_clk_pin
  Path Type:              Hold (Min at Fast Process Corner)
  Requirement:            0.000ns  (sys_clk_pin rise@0.000ns - sys_clk_pin rise@0.000ns)
  Data Path Delay:        0.440ns  (logic 0.186ns (42.314%)  route 0.254ns (57.686%))
  Logic Levels:           1  (LUT3=1)
  Clock Path Skew:        0.000ns (DCD - SCD - CPR)
    Destination Clock Delay (DCD):    1.992ns
    Source Clock Delay      (SCD):    1.477ns
    Clock Pessimism Removal (CPR):    0.515ns

    Location             Delay type                Incr(ns)  Path(ns)    Netlist Resource(s)
  -------------------------------------------------------------------    -------------------
                         (clock sys_clk_pin rise edge)
                                                      0.000     0.000 r  
    W5                                                0.000     0.000 r  clk (IN)
                         net (fo=0)                   0.000     0.000    clk
    W5                   IBUF (Prop_ibuf_I_O)         0.226     0.226 r  clk_IBUF_inst/O
                         net (fo=1, routed)           0.631     0.858    clk_IBUF
    BUFGCTRL_X0Y0        BUFG (Prop_bufg_I_O)         0.026     0.884 r  clk_IBUF_BUFG_inst/O
                         net (fo=34, routed)          0.594     1.477    U_NRZ_L/clk_IBUF_BUFG
    SLICE_X4Y1           FDCE                                         r  U_NRZ_L/cycle_cnt_reg[0]/C
  -------------------------------------------------------------------    -------------------
    SLICE_X4Y1           FDCE (Prop_fdce_C_Q)         0.141     1.618 f  U_NRZ_L/cycle_cnt_reg[0]/Q
                         net (fo=3, routed)           0.254     1.872    U_NRZ_L/cycle_cnt[0]
    SLICE_X4Y1           LUT3 (Prop_lut3_I2_O)        0.045     1.917 r  U_NRZ_L/cycle_cnt[0]_i_1/O
                         net (fo=1, routed)           0.000     1.917    U_NRZ_L/p_1_in[0]
    SLICE_X4Y1           FDCE                                         r  U_NRZ_L/cycle_cnt_reg[0]/D
  -------------------------------------------------------------------    -------------------

                         (clock sys_clk_pin rise edge)
                                                      0.000     0.000 r  
    W5                                                0.000     0.000 r  clk (IN)
                         net (fo=0)                   0.000     0.000    clk
    W5                   IBUF (Prop_ibuf_I_O)         0.414     0.414 r  clk_IBUF_inst/O
                         net (fo=1, routed)           0.685     1.099    clk_IBUF
    BUFGCTRL_X0Y0        BUFG (Prop_bufg_I_O)         0.029     1.128 r  clk_IBUF_BUFG_inst/O
                         net (fo=34, routed)          0.865     1.992    U_NRZ_L/clk_IBUF_BUFG
    SLICE_X4Y1           FDCE                                         r  U_NRZ_L/cycle_cnt_reg[0]/C
                         clock pessimism             -0.515     1.477    
    SLICE_X4Y1           FDCE (Hold_fdce_C_D)         0.092     1.569    U_NRZ_L/cycle_cnt_reg[0]
  -------------------------------------------------------------------
                         required time                         -1.569    
                         arrival time                           1.917    
  -------------------------------------------------------------------
                         slack                                  0.348    

Slack (MET) :             0.353ns  (arrival time - required time)
  Source:                 counter_25_reg[0]/C
                            (rising edge-triggered cell FDRE clocked by sys_clk_pin  {rise@0.000ns fall@5.000ns period=10.000ns})
  Destination:            counter_25_reg[1]/D
                            (rising edge-triggered cell FDRE clocked by sys_clk_pin  {rise@0.000ns fall@5.000ns period=10.000ns})
  Path Group:             sys_clk_pin
  Path Type:              Hold (Min at Fast Process Corner)
  Requirement:            0.000ns  (sys_clk_pin rise@0.000ns - sys_clk_pin rise@0.000ns)
  Data Path Delay:        0.460ns  (logic 0.185ns (40.202%)  route 0.275ns (59.798%))
  Logic Levels:           1  (LUT2=1)
  Clock Path Skew:        0.000ns (DCD - SCD - CPR)
    Destination Clock Delay (DCD):    1.994ns
    Source Clock Delay      (SCD):    1.479ns
    Clock Pessimism Removal (CPR):    0.515ns

    Location             Delay type                Incr(ns)  Path(ns)    Netlist Resource(s)
  -------------------------------------------------------------------    -------------------
                         (clock sys_clk_pin rise edge)
                                                      0.000     0.000 r  
    W5                                                0.000     0.000 r  clk (IN)
                         net (fo=0)                   0.000     0.000    clk
    W5                   IBUF (Prop_ibuf_I_O)         0.226     0.226 r  clk_IBUF_inst/O
                         net (fo=1, routed)           0.631     0.858    clk_IBUF
    BUFGCTRL_X0Y0        BUFG (Prop_bufg_I_O)         0.026     0.884 r  clk_IBUF_BUFG_inst/O
                         net (fo=34, routed)          0.596     1.479    clk_IBUF_BUFG
    SLICE_X3Y1           FDRE                                         r  counter_25_reg[0]/C
  -------------------------------------------------------------------    -------------------
    SLICE_X3Y1           FDRE (Prop_fdre_C_Q)         0.141     1.620 r  counter_25_reg[0]/Q
                         net (fo=2, routed)           0.275     1.895    counter_25[0]
    SLICE_X3Y1           LUT2 (Prop_lut2_I0_O)        0.044     1.939 r  counter_25[1]_i_1/O
                         net (fo=1, routed)           0.000     1.939    plusOp[1]
    SLICE_X3Y1           FDRE                                         r  counter_25_reg[1]/D
  -------------------------------------------------------------------    -------------------

                         (clock sys_clk_pin rise edge)
                                                      0.000     0.000 r  
    W5                                                0.000     0.000 r  clk (IN)
                         net (fo=0)                   0.000     0.000    clk
    W5                   IBUF (Prop_ibuf_I_O)         0.414     0.414 r  clk_IBUF_inst/O
                         net (fo=1, routed)           0.685     1.099    clk_IBUF
    BUFGCTRL_X0Y0        BUFG (Prop_bufg_I_O)         0.029     1.128 r  clk_IBUF_BUFG_inst/O
                         net (fo=34, routed)          0.867     1.994    clk_IBUF_BUFG
    SLICE_X3Y1           FDRE                                         r  counter_25_reg[1]/C
                         clock pessimism             -0.515     1.479    
    SLICE_X3Y1           FDRE (Hold_fdre_C_D)         0.107     1.586    counter_25_reg[1]
  -------------------------------------------------------------------
                         required time                         -1.586    
                         arrival time                           1.939    
  -------------------------------------------------------------------
                         slack                                  0.353    

Slack (MET) :             0.370ns  (arrival time - required time)
  Source:                 counter_25_reg[0]/C
                            (rising edge-triggered cell FDRE clocked by sys_clk_pin  {rise@0.000ns fall@5.000ns period=10.000ns})
  Destination:            counter_25_reg[0]/D
                            (rising edge-triggered cell FDRE clocked by sys_clk_pin  {rise@0.000ns fall@5.000ns period=10.000ns})
  Path Group:             sys_clk_pin
  Path Type:              Hold (Min at Fast Process Corner)
  Requirement:            0.000ns  (sys_clk_pin rise@0.000ns - sys_clk_pin rise@0.000ns)
  Data Path Delay:        0.461ns  (logic 0.186ns (40.332%)  route 0.275ns (59.668%))
  Logic Levels:           1  (LUT1=1)
  Clock Path Skew:        0.000ns (DCD - SCD - CPR)
    Destination Clock Delay (DCD):    1.994ns
    Source Clock Delay      (SCD):    1.479ns
    Clock Pessimism Removal (CPR):    0.515ns

    Location             Delay type                Incr(ns)  Path(ns)    Netlist Resource(s)
  -------------------------------------------------------------------    -------------------
                         (clock sys_clk_pin rise edge)
                                                      0.000     0.000 r  
    W5                                                0.000     0.000 r  clk (IN)
                         net (fo=0)                   0.000     0.000    clk
    W5                   IBUF (Prop_ibuf_I_O)         0.226     0.226 r  clk_IBUF_inst/O
                         net (fo=1, routed)           0.631     0.858    clk_IBUF
    BUFGCTRL_X0Y0        BUFG (Prop_bufg_I_O)         0.026     0.884 r  clk_IBUF_BUFG_inst/O
                         net (fo=34, routed)          0.596     1.479    clk_IBUF_BUFG
    SLICE_X3Y1           FDRE                                         r  counter_25_reg[0]/C
  -------------------------------------------------------------------    -------------------
    SLICE_X3Y1           FDRE (Prop_fdre_C_Q)         0.141     1.620 f  counter_25_reg[0]/Q
                         net (fo=2, routed)           0.275     1.895    counter_25[0]
    SLICE_X3Y1           LUT1 (Prop_lut1_I0_O)        0.045     1.940 r  counter_25[0]_i_1/O
                         net (fo=1, routed)           0.000     1.940    plusOp[0]
    SLICE_X3Y1           FDRE                                         r  counter_25_reg[0]/D
  -------------------------------------------------------------------    -------------------

                         (clock sys_clk_pin rise edge)
                                                      0.000     0.000 r  
    W5                                                0.000     0.000 r  clk (IN)
                         net (fo=0)                   0.000     0.000    clk
    W5                   IBUF (Prop_ibuf_I_O)         0.414     0.414 r  clk_IBUF_inst/O
                         net (fo=1, routed)           0.685     1.099    clk_IBUF
    BUFGCTRL_X0Y0        BUFG (Prop_bufg_I_O)         0.029     1.128 r  clk_IBUF_BUFG_inst/O
                         net (fo=34, routed)          0.867     1.994    clk_IBUF_BUFG
    SLICE_X3Y1           FDRE                                         r  counter_25_reg[0]/C
                         clock pessimism             -0.515     1.479    
    SLICE_X3Y1           FDRE (Hold_fdre_C_D)         0.091     1.570    counter_25_reg[0]
  -------------------------------------------------------------------
                         required time                         -1.570    
                         arrival time                           1.940    
  -------------------------------------------------------------------
                         slack                                  0.370    





Pulse Width Checks
--------------------------------------------------------------------------------------
Clock Name:         sys_clk_pin
Waveform(ns):       { 0.000 5.000 }
Period(ns):         10.000
Sources:            { clk }

Check Type        Corner  Lib Pin  Reference Pin  Required(ns)  Actual(ns)  Slack(ns)  Location       Pin
Min Period        n/a     BUFG/I   n/a            2.155         10.000      7.845      BUFGCTRL_X0Y0  clk_IBUF_BUFG_inst/I
Min Period        n/a     FDRE/C   n/a            1.000         10.000      9.000      SLICE_X3Y1     clk_25_reg/C
Min Period        n/a     FDRE/C   n/a            1.000         10.000      9.000      SLICE_X3Y1     counter_25_reg[0]/C
Min Period        n/a     FDRE/C   n/a            1.000         10.000      9.000      SLICE_X3Y1     counter_25_reg[1]/C
Min Period        n/a     FDPE/C   n/a            1.000         10.000      9.000      SLICE_X2Y9     U_NRZ_L/bit_index_reg[0]/C
Min Period        n/a     FDPE/C   n/a            1.000         10.000      9.000      SLICE_X2Y9     U_NRZ_L/bit_index_reg[1]/C
Min Period        n/a     FDPE/C   n/a            1.000         10.000      9.000      SLICE_X2Y9     U_NRZ_L/bit_index_reg[2]/C
Min Period        n/a     FDPE/C   n/a            1.000         10.000      9.000      SLICE_X2Y9     U_NRZ_L/bit_index_reg[3]/C
Min Period        n/a     FDCE/C   n/a            1.000         10.000      9.000      SLICE_X4Y1     U_NRZ_L/cycle_cnt_reg[0]/C
Min Period        n/a     FDCE/C   n/a            1.000         10.000      9.000      SLICE_X4Y3     U_NRZ_L/cycle_cnt_reg[10]/C
Low Pulse Width   Slow    FDRE/C   n/a            0.500         5.000       4.500      SLICE_X3Y1     clk_25_reg/C
Low Pulse Width   Fast    FDRE/C   n/a            0.500         5.000       4.500      SLICE_X3Y1     clk_25_reg/C
Low Pulse Width   Slow    FDRE/C   n/a            0.500         5.000       4.500      SLICE_X3Y1     counter_25_reg[0]/C
Low Pulse Width   Fast    FDRE/C   n/a            0.500         5.000       4.500      SLICE_X3Y1     counter_25_reg[0]/C
Low Pulse Width   Slow    FDRE/C   n/a            0.500         5.000       4.500      SLICE_X3Y1     counter_25_reg[1]/C
Low Pulse Width   Fast    FDRE/C   n/a            0.500         5.000       4.500      SLICE_X3Y1     counter_25_reg[1]/C
Low Pulse Width   Slow    FDPE/C   n/a            0.500         5.000       4.500      SLICE_X2Y9     U_NRZ_L/bit_index_reg[0]/C
Low Pulse Width   Fast    FDPE/C   n/a            0.500         5.000       4.500      SLICE_X2Y9     U_NRZ_L/bit_index_reg[0]/C
Low Pulse Width   Slow    FDPE/C   n/a            0.500         5.000       4.500      SLICE_X2Y9     U_NRZ_L/bit_index_reg[1]/C
Low Pulse Width   Fast    FDPE/C   n/a            0.500         5.000       4.500      SLICE_X2Y9     U_NRZ_L/bit_index_reg[1]/C
High Pulse Width  Slow    FDRE/C   n/a            0.500         5.000       4.500      SLICE_X3Y1     clk_25_reg/C
High Pulse Width  Fast    FDRE/C   n/a            0.500         5.000       4.500      SLICE_X3Y1     clk_25_reg/C
High Pulse Width  Slow    FDRE/C   n/a            0.500         5.000       4.500      SLICE_X3Y1     counter_25_reg[0]/C
High Pulse Width  Fast    FDRE/C   n/a            0.500         5.000       4.500      SLICE_X3Y1     counter_25_reg[0]/C
High Pulse Width  Slow    FDRE/C   n/a            0.500         5.000       4.500      SLICE_X3Y1     counter_25_reg[1]/C
High Pulse Width  Fast    FDRE/C   n/a            0.500         5.000       4.500      SLICE_X3Y1     counter_25_reg[1]/C
High Pulse Width  Slow    FDPE/C   n/a            0.500         5.000       4.500      SLICE_X2Y9     U_NRZ_L/bit_index_reg[0]/C
High Pulse Width  Fast    FDPE/C   n/a            0.500         5.000       4.500      SLICE_X2Y9     U_NRZ_L/bit_index_reg[0]/C
High Pulse Width  Slow    FDPE/C   n/a            0.500         5.000       4.500      SLICE_X2Y9     U_NRZ_L/bit_index_reg[1]/C
High Pulse Width  Fast    FDPE/C   n/a            0.500         5.000       4.500      SLICE_X2Y9     U_NRZ_L/bit_index_reg[1]/C



--------------------------------------------------------------------------------------
Path Group:  (none)
From Clock:  
  To Clock:  

Max Delay            65 Endpoints
Min Delay            65 Endpoints
--------------------------------------------------------------------------------------


Max Delay Paths
--------------------------------------------------------------------------------------
Slack:                    inf
  Source:                 v_cnt_reg[4]/C
                            (rising edge-triggered cell FDCE)
  Destination:            vgaRed[1]
                            (output port)
  Path Group:             (none)
  Path Type:              Max at Slow Process Corner
  Data Path Delay:        9.707ns  (logic 4.416ns (45.497%)  route 5.290ns (54.503%))
  Logic Levels:           4  (FDCE=1 LUT3=1 LUT6=1 OBUF=1)

    Location             Delay type                Incr(ns)  Path(ns)    Netlist Resource(s)
  -------------------------------------------------------------------    -------------------
    SLICE_X2Y3           FDCE                         0.000     0.000 r  v_cnt_reg[4]/C
    SLICE_X2Y3           FDCE (Prop_fdce_C_Q)         0.478     0.478 r  v_cnt_reg[4]/Q
                         net (fo=12, routed)          0.929     1.407    U_NRZ_L/Q[1]
    SLICE_X3Y3           LUT3 (Prop_lut3_I2_O)        0.295     1.702 f  U_NRZ_L/vgaRed_OBUF[3]_inst_i_3/O
                         net (fo=3, routed)           1.015     2.717    U_NRZ_L/vgaRed_OBUF[3]_inst_i_3_n_0
    SLICE_X0Y3           LUT6 (Prop_lut6_I1_O)        0.124     2.841 r  U_NRZ_L/vgaRed_OBUF[3]_inst_i_1/O
                         net (fo=4, routed)           3.347     6.187    vgaRed_OBUF[0]
    H19                  OBUF (Prop_obuf_I_O)         3.519     9.707 r  vgaRed_OBUF[1]_inst/O
                         net (fo=0)                   0.000     9.707    vgaRed[1]
    H19                                                               r  vgaRed[1] (OUT)
  -------------------------------------------------------------------    -------------------

Slack:                    inf
  Source:                 v_cnt_reg[4]/C
                            (rising edge-triggered cell FDCE)
  Destination:            vgaGreen[3]
                            (output port)
  Path Group:             (none)
  Path Type:              Max at Slow Process Corner
  Data Path Delay:        9.643ns  (logic 4.427ns (45.913%)  route 5.216ns (54.087%))
  Logic Levels:           4  (FDCE=1 LUT3=1 LUT6=1 OBUF=1)

    Location             Delay type                Incr(ns)  Path(ns)    Netlist Resource(s)
  -------------------------------------------------------------------    -------------------
    SLICE_X2Y3           FDCE                         0.000     0.000 r  v_cnt_reg[4]/C
    SLICE_X2Y3           FDCE (Prop_fdce_C_Q)         0.478     0.478 f  v_cnt_reg[4]/Q
                         net (fo=12, routed)          0.929     1.407    U_NRZ_L/Q[1]
    SLICE_X3Y3           LUT3 (Prop_lut3_I2_O)        0.295     1.702 r  U_NRZ_L/vgaRed_OBUF[3]_inst_i_3/O
                         net (fo=3, routed)           0.625     2.327    U_NRZ_L/vgaRed_OBUF[3]_inst_i_3_n_0
    SLICE_X0Y3           LUT6 (Prop_lut6_I0_O)        0.124     2.451 r  U_NRZ_L/vgaGreen_OBUF[3]_inst_i_1/O
                         net (fo=4, routed)           3.662     6.113    vgaGreen_OBUF[0]
    D17                  OBUF (Prop_obuf_I_O)         3.530     9.643 r  vgaGreen_OBUF[3]_inst/O
                         net (fo=0)                   0.000     9.643    vgaGreen[3]
    D17                                                               r  vgaGreen[3] (OUT)
  -------------------------------------------------------------------    -------------------

Slack:                    inf
  Source:                 v_cnt_reg[4]/C
                            (rising edge-triggered cell FDCE)
  Destination:            vgaRed[0]
                            (output port)
  Path Group:             (none)
  Path Type:              Max at Slow Process Corner
  Data Path Delay:        9.570ns  (logic 4.421ns (46.193%)  route 5.149ns (53.807%))
  Logic Levels:           4  (FDCE=1 LUT3=1 LUT6=1 OBUF=1)

    Location             Delay type                Incr(ns)  Path(ns)    Netlist Resource(s)
  -------------------------------------------------------------------    -------------------
    SLICE_X2Y3           FDCE                         0.000     0.000 r  v_cnt_reg[4]/C
    SLICE_X2Y3           FDCE (Prop_fdce_C_Q)         0.478     0.478 r  v_cnt_reg[4]/Q
                         net (fo=12, routed)          0.929     1.407    U_NRZ_L/Q[1]
    SLICE_X3Y3           LUT3 (Prop_lut3_I2_O)        0.295     1.702 f  U_NRZ_L/vgaRed_OBUF[3]_inst_i_3/O
                         net (fo=3, routed)           1.015     2.717    U_NRZ_L/vgaRed_OBUF[3]_inst_i_3_n_0
    SLICE_X0Y3           LUT6 (Prop_lut6_I1_O)        0.124     2.841 r  U_NRZ_L/vgaRed_OBUF[3]_inst_i_1/O
                         net (fo=4, routed)           3.206     6.046    vgaRed_OBUF[0]
    G19                  OBUF (Prop_obuf_I_O)         3.524     9.570 r  vgaRed_OBUF[0]_inst/O
                         net (fo=0)                   0.000     9.570    vgaRed[0]
    G19                                                               r  vgaRed[0] (OUT)
  -------------------------------------------------------------------    -------------------

Slack:                    inf
  Source:                 v_cnt_reg[4]/C
                            (rising edge-triggered cell FDCE)
  Destination:            vgaBlue[0]
                            (output port)
  Path Group:             (none)
  Path Type:              Max at Slow Process Corner
  Data Path Delay:        9.423ns  (logic 4.516ns (47.929%)  route 4.907ns (52.071%))
  Logic Levels:           5  (FDCE=1 LUT3=2 LUT6=1 OBUF=1)

    Location             Delay type                Incr(ns)  Path(ns)    Netlist Resource(s)
  -------------------------------------------------------------------    -------------------
    SLICE_X2Y3           FDCE                         0.000     0.000 r  v_cnt_reg[4]/C
    SLICE_X2Y3           FDCE (Prop_fdce_C_Q)         0.478     0.478 r  v_cnt_reg[4]/Q
                         net (fo=12, routed)          0.929     1.407    U_NRZ_L/Q[1]
    SLICE_X3Y3           LUT3 (Prop_lut3_I2_O)        0.295     1.702 f  U_NRZ_L/vgaRed_OBUF[3]_inst_i_3/O
                         net (fo=3, routed)           0.621     2.323    U_NRZ_L/vgaRed_OBUF[3]_inst_i_3_n_0
    SLICE_X0Y3           LUT6 (Prop_lut6_I1_O)        0.124     2.447 r  U_NRZ_L/vgaBlue_OBUF[0]_inst_i_4/O
                         net (fo=1, routed)           0.670     3.117    U_NRZ_L/vgaBlue_OBUF[0]_inst_i_4_n_0
    SLICE_X0Y3           LUT3 (Prop_lut3_I2_O)        0.124     3.241 r  U_NRZ_L/vgaBlue_OBUF[0]_inst_i_1/O
                         net (fo=1, routed)           2.686     5.928    vgaBlue_OBUF[0]
    N18                  OBUF (Prop_obuf_I_O)         3.495     9.423 r  vgaBlue_OBUF[0]_inst/O
                         net (fo=0)                   0.000     9.423    vgaBlue[0]
    N18                                                               r  vgaBlue[0] (OUT)
  -------------------------------------------------------------------    -------------------

Slack:                    inf
  Source:                 v_cnt_reg[4]/C
                            (rising edge-triggered cell FDCE)
  Destination:            vgaRed[2]
                            (output port)
  Path Group:             (none)
  Path Type:              Max at Slow Process Corner
  Data Path Delay:        9.277ns  (logic 4.421ns (47.655%)  route 4.856ns (52.345%))
  Logic Levels:           4  (FDCE=1 LUT3=1 LUT6=1 OBUF=1)

    Location             Delay type                Incr(ns)  Path(ns)    Netlist Resource(s)
  -------------------------------------------------------------------    -------------------
    SLICE_X2Y3           FDCE                         0.000     0.000 r  v_cnt_reg[4]/C
    SLICE_X2Y3           FDCE (Prop_fdce_C_Q)         0.478     0.478 r  v_cnt_reg[4]/Q
                         net (fo=12, routed)          0.929     1.407    U_NRZ_L/Q[1]
    SLICE_X3Y3           LUT3 (Prop_lut3_I2_O)        0.295     1.702 f  U_NRZ_L/vgaRed_OBUF[3]_inst_i_3/O
                         net (fo=3, routed)           1.015     2.717    U_NRZ_L/vgaRed_OBUF[3]_inst_i_3_n_0
    SLICE_X0Y3           LUT6 (Prop_lut6_I1_O)        0.124     2.841 r  U_NRZ_L/vgaRed_OBUF[3]_inst_i_1/O
                         net (fo=4, routed)           2.912     5.753    vgaRed_OBUF[0]
    J19                  OBUF (Prop_obuf_I_O)         3.524     9.277 r  vgaRed_OBUF[2]_inst/O
                         net (fo=0)                   0.000     9.277    vgaRed[2]
    J19                                                               r  vgaRed[2] (OUT)
  -------------------------------------------------------------------    -------------------

Slack:                    inf
  Source:                 v_cnt_reg[4]/C
                            (rising edge-triggered cell FDCE)
  Destination:            vgaGreen[1]
                            (output port)
  Path Group:             (none)
  Path Type:              Max at Slow Process Corner
  Data Path Delay:        9.140ns  (logic 4.402ns (48.169%)  route 4.737ns (51.831%))
  Logic Levels:           4  (FDCE=1 LUT3=1 LUT6=1 OBUF=1)

    Location             Delay type                Incr(ns)  Path(ns)    Netlist Resource(s)
  -------------------------------------------------------------------    -------------------
    SLICE_X2Y3           FDCE                         0.000     0.000 r  v_cnt_reg[4]/C
    SLICE_X2Y3           FDCE (Prop_fdce_C_Q)         0.478     0.478 f  v_cnt_reg[4]/Q
                         net (fo=12, routed)          0.929     1.407    U_NRZ_L/Q[1]
    SLICE_X3Y3           LUT3 (Prop_lut3_I2_O)        0.295     1.702 r  U_NRZ_L/vgaRed_OBUF[3]_inst_i_3/O
                         net (fo=3, routed)           0.625     2.327    U_NRZ_L/vgaRed_OBUF[3]_inst_i_3_n_0
    SLICE_X0Y3           LUT6 (Prop_lut6_I0_O)        0.124     2.451 r  U_NRZ_L/vgaGreen_OBUF[3]_inst_i_1/O
                         net (fo=4, routed)           3.183     5.634    vgaGreen_OBUF[0]
    H17                  OBUF (Prop_obuf_I_O)         3.505     9.140 r  vgaGreen_OBUF[1]_inst/O
                         net (fo=0)                   0.000     9.140    vgaGreen[1]
    H17                                                               r  vgaGreen[1] (OUT)
  -------------------------------------------------------------------    -------------------

Slack:                    inf
  Source:                 v_cnt_reg[4]/C
                            (rising edge-triggered cell FDCE)
  Destination:            vgaRed[3]
                            (output port)
  Path Group:             (none)
  Path Type:              Max at Slow Process Corner
  Data Path Delay:        9.052ns  (logic 4.399ns (48.602%)  route 4.653ns (51.398%))
  Logic Levels:           4  (FDCE=1 LUT3=1 LUT6=1 OBUF=1)

    Location             Delay type                Incr(ns)  Path(ns)    Netlist Resource(s)
  -------------------------------------------------------------------    -------------------
    SLICE_X2Y3           FDCE                         0.000     0.000 r  v_cnt_reg[4]/C
    SLICE_X2Y3           FDCE (Prop_fdce_C_Q)         0.478     0.478 r  v_cnt_reg[4]/Q
                         net (fo=12, routed)          0.929     1.407    U_NRZ_L/Q[1]
    SLICE_X3Y3           LUT3 (Prop_lut3_I2_O)        0.295     1.702 f  U_NRZ_L/vgaRed_OBUF[3]_inst_i_3/O
                         net (fo=3, routed)           1.015     2.717    U_NRZ_L/vgaRed_OBUF[3]_inst_i_3_n_0
    SLICE_X0Y3           LUT6 (Prop_lut6_I1_O)        0.124     2.841 r  U_NRZ_L/vgaRed_OBUF[3]_inst_i_1/O
                         net (fo=4, routed)           2.709     5.550    vgaRed_OBUF[0]
    N19                  OBUF (Prop_obuf_I_O)         3.502     9.052 r  vgaRed_OBUF[3]_inst/O
                         net (fo=0)                   0.000     9.052    vgaRed[3]
    N19                                                               r  vgaRed[3] (OUT)
  -------------------------------------------------------------------    -------------------

Slack:                    inf
  Source:                 v_cnt_reg[4]/C
                            (rising edge-triggered cell FDCE)
  Destination:            vgaGreen[2]
                            (output port)
  Path Group:             (none)
  Path Type:              Max at Slow Process Corner
  Data Path Delay:        9.012ns  (logic 4.426ns (49.112%)  route 4.586ns (50.888%))
  Logic Levels:           4  (FDCE=1 LUT3=1 LUT6=1 OBUF=1)

    Location             Delay type                Incr(ns)  Path(ns)    Netlist Resource(s)
  -------------------------------------------------------------------    -------------------
    SLICE_X2Y3           FDCE                         0.000     0.000 r  v_cnt_reg[4]/C
    SLICE_X2Y3           FDCE (Prop_fdce_C_Q)         0.478     0.478 f  v_cnt_reg[4]/Q
                         net (fo=12, routed)          0.929     1.407    U_NRZ_L/Q[1]
    SLICE_X3Y3           LUT3 (Prop_lut3_I2_O)        0.295     1.702 r  U_NRZ_L/vgaRed_OBUF[3]_inst_i_3/O
                         net (fo=3, routed)           0.625     2.327    U_NRZ_L/vgaRed_OBUF[3]_inst_i_3_n_0
    SLICE_X0Y3           LUT6 (Prop_lut6_I0_O)        0.124     2.451 r  U_NRZ_L/vgaGreen_OBUF[3]_inst_i_1/O
                         net (fo=4, routed)           3.032     5.483    vgaGreen_OBUF[0]
    G17                  OBUF (Prop_obuf_I_O)         3.529     9.012 r  vgaGreen_OBUF[2]_inst/O
                         net (fo=0)                   0.000     9.012    vgaGreen[2]
    G17                                                               r  vgaGreen[2] (OUT)
  -------------------------------------------------------------------    -------------------

Slack:                    inf
  Source:                 v_cnt_reg[4]/C
                            (rising edge-triggered cell FDCE)
  Destination:            vgaGreen[0]
                            (output port)
  Path Group:             (none)
  Path Type:              Max at Slow Process Corner
  Data Path Delay:        8.711ns  (logic 4.418ns (50.715%)  route 4.293ns (49.285%))
  Logic Levels:           4  (FDCE=1 LUT3=1 LUT6=1 OBUF=1)

    Location             Delay type                Incr(ns)  Path(ns)    Netlist Resource(s)
  -------------------------------------------------------------------    -------------------
    SLICE_X2Y3           FDCE                         0.000     0.000 r  v_cnt_reg[4]/C
    SLICE_X2Y3           FDCE (Prop_fdce_C_Q)         0.478     0.478 f  v_cnt_reg[4]/Q
                         net (fo=12, routed)          0.929     1.407    U_NRZ_L/Q[1]
    SLICE_X3Y3           LUT3 (Prop_lut3_I2_O)        0.295     1.702 r  U_NRZ_L/vgaRed_OBUF[3]_inst_i_3/O
                         net (fo=3, routed)           0.625     2.327    U_NRZ_L/vgaRed_OBUF[3]_inst_i_3_n_0
    SLICE_X0Y3           LUT6 (Prop_lut6_I0_O)        0.124     2.451 r  U_NRZ_L/vgaGreen_OBUF[3]_inst_i_1/O
                         net (fo=4, routed)           2.739     5.190    vgaGreen_OBUF[0]
    J17                  OBUF (Prop_obuf_I_O)         3.521     8.711 r  vgaGreen_OBUF[0]_inst/O
                         net (fo=0)                   0.000     8.711    vgaGreen[0]
    J17                                                               r  vgaGreen[0] (OUT)
  -------------------------------------------------------------------    -------------------

Slack:                    inf
  Source:                 Vsync_reg/C
                            (rising edge-triggered cell FDPE)
  Destination:            Vsync
                            (output port)
  Path Group:             (none)
  Path Type:              Max at Slow Process Corner
  Data Path Delay:        6.638ns  (logic 3.959ns (59.643%)  route 2.679ns (40.357%))
  Logic Levels:           2  (FDPE=1 OBUF=1)

    Location             Delay type                Incr(ns)  Path(ns)    Netlist Resource(s)
  -------------------------------------------------------------------    -------------------
    SLICE_X3Y3           FDPE                         0.000     0.000 r  Vsync_reg/C
    SLICE_X3Y3           FDPE (Prop_fdpe_C_Q)         0.456     0.456 r  Vsync_reg/Q
                         net (fo=1, routed)           2.679     3.135    Vsync_OBUF
    R19                  OBUF (Prop_obuf_I_O)         3.503     6.638 r  Vsync_OBUF_inst/O
                         net (fo=0)                   0.000     6.638    Vsync
    R19                                                               r  Vsync (OUT)
  -------------------------------------------------------------------    -------------------





Min Delay Paths
--------------------------------------------------------------------------------------
Slack:                    inf
  Source:                 v_cnt_reg[9]/C
                            (rising edge-triggered cell FDCE)
  Destination:            Vsync_reg/D
  Path Group:             (none)
  Path Type:              Min at Fast Process Corner
  Data Path Delay:        0.283ns  (logic 0.209ns (73.754%)  route 0.074ns (26.246%))
  Logic Levels:           2  (FDCE=1 LUT6=1)

    Location             Delay type                Incr(ns)  Path(ns)    Netlist Resource(s)
  -------------------------------------------------------------------    -------------------
    SLICE_X2Y3           FDCE                         0.000     0.000 r  v_cnt_reg[9]/C
    SLICE_X2Y3           FDCE (Prop_fdce_C_Q)         0.164     0.164 r  v_cnt_reg[9]/Q
                         net (fo=6, routed)           0.074     0.238    v_cnt_reg_n_0_[9]
    SLICE_X3Y3           LUT6 (Prop_lut6_I4_O)        0.045     0.283 r  Vsync_i_1/O
                         net (fo=1, routed)           0.000     0.283    Vsync_i_1_n_0
    SLICE_X3Y3           FDPE                                         r  Vsync_reg/D
  -------------------------------------------------------------------    -------------------

Slack:                    inf
  Source:                 v_cnt_reg[6]/C
                            (rising edge-triggered cell FDCE)
  Destination:            v_cnt_reg[8]/D
  Path Group:             (none)
  Path Type:              Min at Fast Process Corner
  Data Path Delay:        0.347ns  (logic 0.186ns (53.636%)  route 0.161ns (46.364%))
  Logic Levels:           2  (FDCE=1 LUT6=1)

    Location             Delay type                Incr(ns)  Path(ns)    Netlist Resource(s)
  -------------------------------------------------------------------    -------------------
    SLICE_X1Y4           FDCE                         0.000     0.000 r  v_cnt_reg[6]/C
    SLICE_X1Y4           FDCE (Prop_fdce_C_Q)         0.141     0.141 r  v_cnt_reg[6]/Q
                         net (fo=10, routed)          0.161     0.302    v_cnt_reg_n_0_[6]
    SLICE_X1Y4           LUT6 (Prop_lut6_I3_O)        0.045     0.347 r  v_cnt[8]_i_1/O
                         net (fo=1, routed)           0.000     0.347    v_cnt[8]_i_1_n_0
    SLICE_X1Y4           FDCE                                         r  v_cnt_reg[8]/D
  -------------------------------------------------------------------    -------------------

Slack:                    inf
  Source:                 h_cnt_reg[8]/C
                            (rising edge-triggered cell FDCE)
  Destination:            h_cnt_reg[9]/D
  Path Group:             (none)
  Path Type:              Min at Fast Process Corner
  Data Path Delay:        0.353ns  (logic 0.186ns (52.753%)  route 0.167ns (47.247%))
  Logic Levels:           2  (FDCE=1 LUT6=1)

    Location             Delay type                Incr(ns)  Path(ns)    Netlist Resource(s)
  -------------------------------------------------------------------    -------------------
    SLICE_X0Y5           FDCE                         0.000     0.000 r  h_cnt_reg[8]/C
    SLICE_X0Y5           FDCE (Prop_fdce_C_Q)         0.141     0.141 r  h_cnt_reg[8]/Q
                         net (fo=6, routed)           0.167     0.308    h_cnt_reg_n_0_[8]
    SLICE_X0Y4           LUT6 (Prop_lut6_I1_O)        0.045     0.353 r  h_cnt[9]_i_1/O
                         net (fo=1, routed)           0.000     0.353    h_cnt[9]
    SLICE_X0Y4           FDCE                                         r  h_cnt_reg[9]/D
  -------------------------------------------------------------------    -------------------

Slack:                    inf
  Source:                 h_cnt_reg[6]/C
                            (rising edge-triggered cell FDCE)
  Destination:            Hsync_reg/D
  Path Group:             (none)
  Path Type:              Min at Fast Process Corner
  Data Path Delay:        0.353ns  (logic 0.186ns (52.723%)  route 0.167ns (47.277%))
  Logic Levels:           2  (FDCE=1 LUT6=1)

    Location             Delay type                Incr(ns)  Path(ns)    Netlist Resource(s)
  -------------------------------------------------------------------    -------------------
    SLICE_X0Y5           FDCE                         0.000     0.000 r  h_cnt_reg[6]/C
    SLICE_X0Y5           FDCE (Prop_fdce_C_Q)         0.141     0.141 r  h_cnt_reg[6]/Q
                         net (fo=7, routed)           0.167     0.308    h_cnt_reg_n_0_[6]
    SLICE_X0Y5           LUT6 (Prop_lut6_I0_O)        0.045     0.353 r  Hsync_i_1/O
                         net (fo=1, routed)           0.000     0.353    Hsync_i_1_n_0
    SLICE_X0Y5           FDPE                                         r  Hsync_reg/D
  -------------------------------------------------------------------    -------------------

Slack:                    inf
  Source:                 v_cnt_reg[2]/C
                            (rising edge-triggered cell FDCE)
  Destination:            v_cnt_reg[0]/D
  Path Group:             (none)
  Path Type:              Min at Fast Process Corner
  Data Path Delay:        0.354ns  (logic 0.186ns (52.504%)  route 0.168ns (47.496%))
  Logic Levels:           2  (FDCE=1 LUT6=1)

    Location             Delay type                Incr(ns)  Path(ns)    Netlist Resource(s)
  -------------------------------------------------------------------    -------------------
    SLICE_X1Y3           FDCE                         0.000     0.000 r  v_cnt_reg[2]/C
    SLICE_X1Y3           FDCE (Prop_fdce_C_Q)         0.141     0.141 f  v_cnt_reg[2]/Q
                         net (fo=8, routed)           0.168     0.309    v_cnt_reg_n_0_[2]
    SLICE_X1Y3           LUT6 (Prop_lut6_I3_O)        0.045     0.354 r  v_cnt[0]_i_1/O
                         net (fo=1, routed)           0.000     0.354    v_cnt[0]_i_1_n_0
    SLICE_X1Y3           FDCE                                         r  v_cnt_reg[0]/D
  -------------------------------------------------------------------    -------------------

Slack:                    inf
  Source:                 v_cnt_reg[3]/C
                            (rising edge-triggered cell FDCE)
  Destination:            v_cnt_reg[3]/D
  Path Group:             (none)
  Path Type:              Min at Fast Process Corner
  Data Path Delay:        0.365ns  (logic 0.186ns (50.936%)  route 0.179ns (49.064%))
  Logic Levels:           2  (FDCE=1 LUT6=1)

    Location             Delay type                Incr(ns)  Path(ns)    Netlist Resource(s)
  -------------------------------------------------------------------    -------------------
    SLICE_X1Y3           FDCE                         0.000     0.000 r  v_cnt_reg[3]/C
    SLICE_X1Y3           FDCE (Prop_fdce_C_Q)         0.141     0.141 r  v_cnt_reg[3]/Q
                         net (fo=12, routed)          0.179     0.320    v_cnt_reg_n_0_[3]
    SLICE_X1Y3           LUT6 (Prop_lut6_I1_O)        0.045     0.365 r  v_cnt[3]_i_1/O
                         net (fo=1, routed)           0.000     0.365    v_cnt[3]_i_1_n_0
    SLICE_X1Y3           FDCE                                         r  v_cnt_reg[3]/D
  -------------------------------------------------------------------    -------------------

Slack:                    inf
  Source:                 v_cnt_reg[2]/C
                            (rising edge-triggered cell FDCE)
  Destination:            v_cnt_reg[2]/D
  Path Group:             (none)
  Path Type:              Min at Fast Process Corner
  Data Path Delay:        0.365ns  (logic 0.186ns (50.911%)  route 0.179ns (49.089%))
  Logic Levels:           2  (FDCE=1 LUT6=1)

    Location             Delay type                Incr(ns)  Path(ns)    Netlist Resource(s)
  -------------------------------------------------------------------    -------------------
    SLICE_X1Y3           FDCE                         0.000     0.000 r  v_cnt_reg[2]/C
    SLICE_X1Y3           FDCE (Prop_fdce_C_Q)         0.141     0.141 r  v_cnt_reg[2]/Q
                         net (fo=8, routed)           0.179     0.320    v_cnt_reg_n_0_[2]
    SLICE_X1Y3           LUT6 (Prop_lut6_I1_O)        0.045     0.365 r  v_cnt[2]_i_1/O
                         net (fo=1, routed)           0.000     0.365    v_cnt[2]_i_1_n_0
    SLICE_X1Y3           FDCE                                         r  v_cnt_reg[2]/D
  -------------------------------------------------------------------    -------------------

Slack:                    inf
  Source:                 v_cnt_reg[3]/C
                            (rising edge-triggered cell FDCE)
  Destination:            v_cnt_reg[5]/D
  Path Group:             (none)
  Path Type:              Min at Fast Process Corner
  Data Path Delay:        0.369ns  (logic 0.186ns (50.381%)  route 0.183ns (49.619%))
  Logic Levels:           2  (FDCE=1 LUT6=1)

    Location             Delay type                Incr(ns)  Path(ns)    Netlist Resource(s)
  -------------------------------------------------------------------    -------------------
    SLICE_X1Y3           FDCE                         0.000     0.000 r  v_cnt_reg[3]/C
    SLICE_X1Y3           FDCE (Prop_fdce_C_Q)         0.141     0.141 r  v_cnt_reg[3]/Q
                         net (fo=12, routed)          0.183     0.324    v_cnt_reg_n_0_[3]
    SLICE_X2Y3           LUT6 (Prop_lut6_I3_O)        0.045     0.369 r  v_cnt[5]_i_1/O
                         net (fo=1, routed)           0.000     0.369    v_cnt[5]_i_1_n_0
    SLICE_X2Y3           FDCE                                         r  v_cnt_reg[5]/D
  -------------------------------------------------------------------    -------------------

Slack:                    inf
  Source:                 h_cnt_reg[5]/C
                            (rising edge-triggered cell FDCE)
  Destination:            h_cnt_reg[5]/D
  Path Group:             (none)
  Path Type:              Min at Fast Process Corner
  Data Path Delay:        0.370ns  (logic 0.186ns (50.247%)  route 0.184ns (49.753%))
  Logic Levels:           2  (FDCE=1 LUT6=1)

    Location             Delay type                Incr(ns)  Path(ns)    Netlist Resource(s)
  -------------------------------------------------------------------    -------------------
    SLICE_X0Y5           FDCE                         0.000     0.000 r  h_cnt_reg[5]/C
    SLICE_X0Y5           FDCE (Prop_fdce_C_Q)         0.141     0.141 r  h_cnt_reg[5]/Q
                         net (fo=7, routed)           0.184     0.325    h_cnt_reg_n_0_[5]
    SLICE_X0Y5           LUT6 (Prop_lut6_I5_O)        0.045     0.370 r  h_cnt[5]_i_1/O
                         net (fo=1, routed)           0.000     0.370    h_cnt[5]
    SLICE_X0Y5           FDCE                                         r  h_cnt_reg[5]/D
  -------------------------------------------------------------------    -------------------

Slack:                    inf
  Source:                 h_cnt_reg[5]/C
                            (rising edge-triggered cell FDCE)
  Destination:            h_cnt_reg[8]/D
  Path Group:             (none)
  Path Type:              Min at Fast Process Corner
  Data Path Delay:        0.373ns  (logic 0.186ns (49.864%)  route 0.187ns (50.136%))
  Logic Levels:           2  (FDCE=1 LUT6=1)

    Location             Delay type                Incr(ns)  Path(ns)    Netlist Resource(s)
  -------------------------------------------------------------------    -------------------
    SLICE_X0Y5           FDCE                         0.000     0.000 r  h_cnt_reg[5]/C
    SLICE_X0Y5           FDCE (Prop_fdce_C_Q)         0.141     0.141 r  h_cnt_reg[5]/Q
                         net (fo=7, routed)           0.187     0.328    h_cnt_reg_n_0_[5]
    SLICE_X0Y5           LUT6 (Prop_lut6_I2_O)        0.045     0.373 r  h_cnt[8]_i_1/O
                         net (fo=1, routed)           0.000     0.373    h_cnt[8]
    SLICE_X0Y5           FDCE                                         r  h_cnt_reg[8]/D
  -------------------------------------------------------------------    -------------------





--------------------------------------------------------------------------------------
Path Group:  (none)
From Clock:  sys_clk_pin
  To Clock:  

Max Delay            10 Endpoints
Min Delay            10 Endpoints
--------------------------------------------------------------------------------------


Max Delay Paths
--------------------------------------------------------------------------------------
Slack:                    inf
  Source:                 U_NRZ_L/nrz_l_out_reg/C
                            (rising edge-triggered cell FDCE clocked by sys_clk_pin  {rise@0.000ns fall@5.000ns period=10.000ns})
  Destination:            vgaRed[1]
                            (output port)
  Path Group:             (none)
  Path Type:              Max at Slow Process Corner
  Data Path Delay:        9.324ns  (logic 4.223ns (45.295%)  route 5.101ns (54.705%))
  Logic Levels:           3  (LUT6=2 OBUF=1)
  Clock Uncertainty:      0.025ns  ((TSJ^2 + TIJ^2)^1/2 + DJ) / 2 + PE
    Total System Jitter     (TSJ):    0.050ns
    Total Input Jitter      (TIJ):    0.000ns
    Discrete Jitter          (DJ):    0.000ns
    Phase Error              (PE):    0.000ns

    Location             Delay type                Incr(ns)  Path(ns)    Netlist Resource(s)
  -------------------------------------------------------------------    -------------------
                         (clock sys_clk_pin rise edge)
                                                      0.000     0.000 r  
    W5                                                0.000     0.000 r  clk (IN)
                         net (fo=0)                   0.000     0.000    clk
    W5                   IBUF (Prop_ibuf_I_O)         1.458     1.458 r  clk_IBUF_inst/O
                         net (fo=1, routed)           1.967     3.425    clk_IBUF
    BUFGCTRL_X0Y0        BUFG (Prop_bufg_I_O)         0.096     3.521 r  clk_IBUF_BUFG_inst/O
                         net (fo=34, routed)          1.636     5.157    U_NRZ_L/clk_IBUF_BUFG
    SLICE_X1Y9           FDCE                                         r  U_NRZ_L/nrz_l_out_reg/C
  -------------------------------------------------------------------    -------------------
    SLICE_X1Y9           FDCE (Prop_fdce_C_Q)         0.456     5.613 f  U_NRZ_L/nrz_l_out_reg/Q
                         net (fo=8, routed)           1.252     6.866    U_NRZ_L/nrz_l_out_OBUF
    SLICE_X1Y3           LUT6 (Prop_lut6_I0_O)        0.124     6.990 r  U_NRZ_L/vgaRed_OBUF[3]_inst_i_2/O
                         net (fo=1, routed)           0.502     7.491    U_NRZ_L/vgaRed_OBUF[3]_inst_i_2_n_0
    SLICE_X0Y3           LUT6 (Prop_lut6_I0_O)        0.124     7.615 r  U_NRZ_L/vgaRed_OBUF[3]_inst_i_1/O
                         net (fo=4, routed)           3.347    10.962    vgaRed_OBUF[0]
    H19                  OBUF (Prop_obuf_I_O)         3.519    14.481 r  vgaRed_OBUF[1]_inst/O
                         net (fo=0)                   0.000    14.481    vgaRed[1]
    H19                                                               r  vgaRed[1] (OUT)
  -------------------------------------------------------------------    -------------------

Slack:                    inf
  Source:                 U_NRZ_L/nrz_l_out_reg/C
                            (rising edge-triggered cell FDCE clocked by sys_clk_pin  {rise@0.000ns fall@5.000ns period=10.000ns})
  Destination:            vgaRed[0]
                            (output port)
  Path Group:             (none)
  Path Type:              Max at Slow Process Corner
  Data Path Delay:        9.187ns  (logic 4.228ns (46.017%)  route 4.960ns (53.983%))
  Logic Levels:           3  (LUT6=2 OBUF=1)
  Clock Uncertainty:      0.025ns  ((TSJ^2 + TIJ^2)^1/2 + DJ) / 2 + PE
    Total System Jitter     (TSJ):    0.050ns
    Total Input Jitter      (TIJ):    0.000ns
    Discrete Jitter          (DJ):    0.000ns
    Phase Error              (PE):    0.000ns

    Location             Delay type                Incr(ns)  Path(ns)    Netlist Resource(s)
  -------------------------------------------------------------------    -------------------
                         (clock sys_clk_pin rise edge)
                                                      0.000     0.000 r  
    W5                                                0.000     0.000 r  clk (IN)
                         net (fo=0)                   0.000     0.000    clk
    W5                   IBUF (Prop_ibuf_I_O)         1.458     1.458 r  clk_IBUF_inst/O
                         net (fo=1, routed)           1.967     3.425    clk_IBUF
    BUFGCTRL_X0Y0        BUFG (Prop_bufg_I_O)         0.096     3.521 r  clk_IBUF_BUFG_inst/O
                         net (fo=34, routed)          1.636     5.157    U_NRZ_L/clk_IBUF_BUFG
    SLICE_X1Y9           FDCE                                         r  U_NRZ_L/nrz_l_out_reg/C
  -------------------------------------------------------------------    -------------------
    SLICE_X1Y9           FDCE (Prop_fdce_C_Q)         0.456     5.613 f  U_NRZ_L/nrz_l_out_reg/Q
                         net (fo=8, routed)           1.252     6.866    U_NRZ_L/nrz_l_out_OBUF
    SLICE_X1Y3           LUT6 (Prop_lut6_I0_O)        0.124     6.990 r  U_NRZ_L/vgaRed_OBUF[3]_inst_i_2/O
                         net (fo=1, routed)           0.502     7.491    U_NRZ_L/vgaRed_OBUF[3]_inst_i_2_n_0
    SLICE_X0Y3           LUT6 (Prop_lut6_I0_O)        0.124     7.615 r  U_NRZ_L/vgaRed_OBUF[3]_inst_i_1/O
                         net (fo=4, routed)           3.206    10.821    vgaRed_OBUF[0]
    G19                  OBUF (Prop_obuf_I_O)         3.524    14.345 r  vgaRed_OBUF[0]_inst/O
                         net (fo=0)                   0.000    14.345    vgaRed[0]
    G19                                                               r  vgaRed[0] (OUT)
  -------------------------------------------------------------------    -------------------

Slack:                    inf
  Source:                 U_NRZ_L/nrz_l_out_reg/C
                            (rising edge-triggered cell FDCE clocked by sys_clk_pin  {rise@0.000ns fall@5.000ns period=10.000ns})
  Destination:            vgaRed[2]
                            (output port)
  Path Group:             (none)
  Path Type:              Max at Slow Process Corner
  Data Path Delay:        8.894ns  (logic 4.228ns (47.536%)  route 4.666ns (52.464%))
  Logic Levels:           3  (LUT6=2 OBUF=1)
  Clock Uncertainty:      0.025ns  ((TSJ^2 + TIJ^2)^1/2 + DJ) / 2 + PE
    Total System Jitter     (TSJ):    0.050ns
    Total Input Jitter      (TIJ):    0.000ns
    Discrete Jitter          (DJ):    0.000ns
    Phase Error              (PE):    0.000ns

    Location             Delay type                Incr(ns)  Path(ns)    Netlist Resource(s)
  -------------------------------------------------------------------    -------------------
                         (clock sys_clk_pin rise edge)
                                                      0.000     0.000 r  
    W5                                                0.000     0.000 r  clk (IN)
                         net (fo=0)                   0.000     0.000    clk
    W5                   IBUF (Prop_ibuf_I_O)         1.458     1.458 r  clk_IBUF_inst/O
                         net (fo=1, routed)           1.967     3.425    clk_IBUF
    BUFGCTRL_X0Y0        BUFG (Prop_bufg_I_O)         0.096     3.521 r  clk_IBUF_BUFG_inst/O
                         net (fo=34, routed)          1.636     5.157    U_NRZ_L/clk_IBUF_BUFG
    SLICE_X1Y9           FDCE                                         r  U_NRZ_L/nrz_l_out_reg/C
  -------------------------------------------------------------------    -------------------
    SLICE_X1Y9           FDCE (Prop_fdce_C_Q)         0.456     5.613 f  U_NRZ_L/nrz_l_out_reg/Q
                         net (fo=8, routed)           1.252     6.866    U_NRZ_L/nrz_l_out_OBUF
    SLICE_X1Y3           LUT6 (Prop_lut6_I0_O)        0.124     6.990 r  U_NRZ_L/vgaRed_OBUF[3]_inst_i_2/O
                         net (fo=1, routed)           0.502     7.491    U_NRZ_L/vgaRed_OBUF[3]_inst_i_2_n_0
    SLICE_X0Y3           LUT6 (Prop_lut6_I0_O)        0.124     7.615 r  U_NRZ_L/vgaRed_OBUF[3]_inst_i_1/O
                         net (fo=4, routed)           2.912    10.528    vgaRed_OBUF[0]
    J19                  OBUF (Prop_obuf_I_O)         3.524    14.051 r  vgaRed_OBUF[2]_inst/O
                         net (fo=0)                   0.000    14.051    vgaRed[2]
    J19                                                               r  vgaRed[2] (OUT)
  -------------------------------------------------------------------    -------------------

Slack:                    inf
  Source:                 U_NRZ_L/nrz_l_out_reg/C
                            (rising edge-triggered cell FDCE clocked by sys_clk_pin  {rise@0.000ns fall@5.000ns period=10.000ns})
  Destination:            vgaGreen[3]
                            (output port)
  Path Group:             (none)
  Path Type:              Max at Slow Process Corner
  Data Path Delay:        8.873ns  (logic 4.110ns (46.324%)  route 4.763ns (53.676%))
  Logic Levels:           2  (LUT6=1 OBUF=1)
  Clock Uncertainty:      0.025ns  ((TSJ^2 + TIJ^2)^1/2 + DJ) / 2 + PE
    Total System Jitter     (TSJ):    0.050ns
    Total Input Jitter      (TIJ):    0.000ns
    Discrete Jitter          (DJ):    0.000ns
    Phase Error              (PE):    0.000ns

    Location             Delay type                Incr(ns)  Path(ns)    Netlist Resource(s)
  -------------------------------------------------------------------    -------------------
                         (clock sys_clk_pin rise edge)
                                                      0.000     0.000 r  
    W5                                                0.000     0.000 r  clk (IN)
                         net (fo=0)                   0.000     0.000    clk
    W5                   IBUF (Prop_ibuf_I_O)         1.458     1.458 r  clk_IBUF_inst/O
                         net (fo=1, routed)           1.967     3.425    clk_IBUF
    BUFGCTRL_X0Y0        BUFG (Prop_bufg_I_O)         0.096     3.521 r  clk_IBUF_BUFG_inst/O
                         net (fo=34, routed)          1.636     5.157    U_NRZ_L/clk_IBUF_BUFG
    SLICE_X1Y9           FDCE                                         r  U_NRZ_L/nrz_l_out_reg/C
  -------------------------------------------------------------------    -------------------
    SLICE_X1Y9           FDCE (Prop_fdce_C_Q)         0.456     5.613 r  U_NRZ_L/nrz_l_out_reg/Q
                         net (fo=8, routed)           1.101     6.714    U_NRZ_L/nrz_l_out_OBUF
    SLICE_X0Y3           LUT6 (Prop_lut6_I3_O)        0.124     6.838 r  U_NRZ_L/vgaGreen_OBUF[3]_inst_i_1/O
                         net (fo=4, routed)           3.662    10.500    vgaGreen_OBUF[0]
    D17                  OBUF (Prop_obuf_I_O)         3.530    14.031 r  vgaGreen_OBUF[3]_inst/O
                         net (fo=0)                   0.000    14.031    vgaGreen[3]
    D17                                                               r  vgaGreen[3] (OUT)
  -------------------------------------------------------------------    -------------------

Slack:                    inf
  Source:                 U_NRZ_L/nrz_l_out_reg/C
                            (rising edge-triggered cell FDCE clocked by sys_clk_pin  {rise@0.000ns fall@5.000ns period=10.000ns})
  Destination:            vgaBlue[0]
                            (output port)
  Path Group:             (none)
  Path Type:              Max at Slow Process Corner
  Data Path Delay:        8.851ns  (logic 4.199ns (47.444%)  route 4.652ns (52.556%))
  Logic Levels:           3  (LUT3=1 LUT6=1 OBUF=1)
  Clock Uncertainty:      0.025ns  ((TSJ^2 + TIJ^2)^1/2 + DJ) / 2 + PE
    Total System Jitter     (TSJ):    0.050ns
    Total Input Jitter      (TIJ):    0.000ns
    Discrete Jitter          (DJ):    0.000ns
    Phase Error              (PE):    0.000ns

    Location             Delay type                Incr(ns)  Path(ns)    Netlist Resource(s)
  -------------------------------------------------------------------    -------------------
                         (clock sys_clk_pin rise edge)
                                                      0.000     0.000 r  
    W5                                                0.000     0.000 r  clk (IN)
                         net (fo=0)                   0.000     0.000    clk
    W5                   IBUF (Prop_ibuf_I_O)         1.458     1.458 r  clk_IBUF_inst/O
                         net (fo=1, routed)           1.967     3.425    clk_IBUF
    BUFGCTRL_X0Y0        BUFG (Prop_bufg_I_O)         0.096     3.521 r  clk_IBUF_BUFG_inst/O
                         net (fo=34, routed)          1.636     5.157    U_NRZ_L/clk_IBUF_BUFG
    SLICE_X1Y9           FDCE                                         r  U_NRZ_L/nrz_l_out_reg/C
  -------------------------------------------------------------------    -------------------
    SLICE_X1Y9           FDCE (Prop_fdce_C_Q)         0.456     5.613 r  U_NRZ_L/nrz_l_out_reg/Q
                         net (fo=8, routed)           1.398     7.012    U_NRZ_L/nrz_l_out_OBUF
    SLICE_X3Y3           LUT6 (Prop_lut6_I4_O)        0.124     7.136 r  U_NRZ_L/vgaBlue_OBUF[0]_inst_i_2/O
                         net (fo=1, routed)           0.567     7.703    U_NRZ_L/vgaBlue_OBUF[0]_inst_i_2_n_0
    SLICE_X0Y3           LUT3 (Prop_lut3_I0_O)        0.124     7.827 r  U_NRZ_L/vgaBlue_OBUF[0]_inst_i_1/O
                         net (fo=1, routed)           2.686    10.513    vgaBlue_OBUF[0]
    N18                  OBUF (Prop_obuf_I_O)         3.495    14.008 r  vgaBlue_OBUF[0]_inst/O
                         net (fo=0)                   0.000    14.008    vgaBlue[0]
    N18                                                               r  vgaBlue[0] (OUT)
  -------------------------------------------------------------------    -------------------

Slack:                    inf
  Source:                 U_NRZ_L/nrz_l_out_reg/C
                            (rising edge-triggered cell FDCE clocked by sys_clk_pin  {rise@0.000ns fall@5.000ns period=10.000ns})
  Destination:            vgaRed[3]
                            (output port)
  Path Group:             (none)
  Path Type:              Max at Slow Process Corner
  Data Path Delay:        8.669ns  (logic 4.206ns (48.521%)  route 4.463ns (51.479%))
  Logic Levels:           3  (LUT6=2 OBUF=1)
  Clock Uncertainty:      0.025ns  ((TSJ^2 + TIJ^2)^1/2 + DJ) / 2 + PE
    Total System Jitter     (TSJ):    0.050ns
    Total Input Jitter      (TIJ):    0.000ns
    Discrete Jitter          (DJ):    0.000ns
    Phase Error              (PE):    0.000ns

    Location             Delay type                Incr(ns)  Path(ns)    Netlist Resource(s)
  -------------------------------------------------------------------    -------------------
                         (clock sys_clk_pin rise edge)
                                                      0.000     0.000 r  
    W5                                                0.000     0.000 r  clk (IN)
                         net (fo=0)                   0.000     0.000    clk
    W5                   IBUF (Prop_ibuf_I_O)         1.458     1.458 r  clk_IBUF_inst/O
                         net (fo=1, routed)           1.967     3.425    clk_IBUF
    BUFGCTRL_X0Y0        BUFG (Prop_bufg_I_O)         0.096     3.521 r  clk_IBUF_BUFG_inst/O
                         net (fo=34, routed)          1.636     5.157    U_NRZ_L/clk_IBUF_BUFG
    SLICE_X1Y9           FDCE                                         r  U_NRZ_L/nrz_l_out_reg/C
  -------------------------------------------------------------------    -------------------
    SLICE_X1Y9           FDCE (Prop_fdce_C_Q)         0.456     5.613 f  U_NRZ_L/nrz_l_out_reg/Q
                         net (fo=8, routed)           1.252     6.866    U_NRZ_L/nrz_l_out_OBUF
    SLICE_X1Y3           LUT6 (Prop_lut6_I0_O)        0.124     6.990 r  U_NRZ_L/vgaRed_OBUF[3]_inst_i_2/O
                         net (fo=1, routed)           0.502     7.491    U_NRZ_L/vgaRed_OBUF[3]_inst_i_2_n_0
    SLICE_X0Y3           LUT6 (Prop_lut6_I0_O)        0.124     7.615 r  U_NRZ_L/vgaRed_OBUF[3]_inst_i_1/O
                         net (fo=4, routed)           2.709    10.324    vgaRed_OBUF[0]
    N19                  OBUF (Prop_obuf_I_O)         3.502    13.827 r  vgaRed_OBUF[3]_inst/O
                         net (fo=0)                   0.000    13.827    vgaRed[3]
    N19                                                               r  vgaRed[3] (OUT)
  -------------------------------------------------------------------    -------------------

Slack:                    inf
  Source:                 U_NRZ_L/nrz_l_out_reg/C
                            (rising edge-triggered cell FDCE clocked by sys_clk_pin  {rise@0.000ns fall@5.000ns period=10.000ns})
  Destination:            vgaGreen[1]
                            (output port)
  Path Group:             (none)
  Path Type:              Max at Slow Process Corner
  Data Path Delay:        8.370ns  (logic 4.085ns (48.811%)  route 4.284ns (51.189%))
  Logic Levels:           2  (LUT6=1 OBUF=1)
  Clock Uncertainty:      0.025ns  ((TSJ^2 + TIJ^2)^1/2 + DJ) / 2 + PE
    Total System Jitter     (TSJ):    0.050ns
    Total Input Jitter      (TIJ):    0.000ns
    Discrete Jitter          (DJ):    0.000ns
    Phase Error              (PE):    0.000ns

    Location             Delay type                Incr(ns)  Path(ns)    Netlist Resource(s)
  -------------------------------------------------------------------    -------------------
                         (clock sys_clk_pin rise edge)
                                                      0.000     0.000 r  
    W5                                                0.000     0.000 r  clk (IN)
                         net (fo=0)                   0.000     0.000    clk
    W5                   IBUF (Prop_ibuf_I_O)         1.458     1.458 r  clk_IBUF_inst/O
                         net (fo=1, routed)           1.967     3.425    clk_IBUF
    BUFGCTRL_X0Y0        BUFG (Prop_bufg_I_O)         0.096     3.521 r  clk_IBUF_BUFG_inst/O
                         net (fo=34, routed)          1.636     5.157    U_NRZ_L/clk_IBUF_BUFG
    SLICE_X1Y9           FDCE                                         r  U_NRZ_L/nrz_l_out_reg/C
  -------------------------------------------------------------------    -------------------
    SLICE_X1Y9           FDCE (Prop_fdce_C_Q)         0.456     5.613 r  U_NRZ_L/nrz_l_out_reg/Q
                         net (fo=8, routed)           1.101     6.714    U_NRZ_L/nrz_l_out_OBUF
    SLICE_X0Y3           LUT6 (Prop_lut6_I3_O)        0.124     6.838 r  U_NRZ_L/vgaGreen_OBUF[3]_inst_i_1/O
                         net (fo=4, routed)           3.183    10.022    vgaGreen_OBUF[0]
    H17                  OBUF (Prop_obuf_I_O)         3.505    13.527 r  vgaGreen_OBUF[1]_inst/O
                         net (fo=0)                   0.000    13.527    vgaGreen[1]
    H17                                                               r  vgaGreen[1] (OUT)
  -------------------------------------------------------------------    -------------------

Slack:                    inf
  Source:                 U_NRZ_L/nrz_l_out_reg/C
                            (rising edge-triggered cell FDCE clocked by sys_clk_pin  {rise@0.000ns fall@5.000ns period=10.000ns})
  Destination:            vgaGreen[2]
                            (output port)
  Path Group:             (none)
  Path Type:              Max at Slow Process Corner
  Data Path Delay:        8.243ns  (logic 4.109ns (49.852%)  route 4.133ns (50.148%))
  Logic Levels:           2  (LUT6=1 OBUF=1)
  Clock Uncertainty:      0.025ns  ((TSJ^2 + TIJ^2)^1/2 + DJ) / 2 + PE
    Total System Jitter     (TSJ):    0.050ns
    Total Input Jitter      (TIJ):    0.000ns
    Discrete Jitter          (DJ):    0.000ns
    Phase Error              (PE):    0.000ns

    Location             Delay type                Incr(ns)  Path(ns)    Netlist Resource(s)
  -------------------------------------------------------------------    -------------------
                         (clock sys_clk_pin rise edge)
                                                      0.000     0.000 r  
    W5                                                0.000     0.000 r  clk (IN)
                         net (fo=0)                   0.000     0.000    clk
    W5                   IBUF (Prop_ibuf_I_O)         1.458     1.458 r  clk_IBUF_inst/O
                         net (fo=1, routed)           1.967     3.425    clk_IBUF
    BUFGCTRL_X0Y0        BUFG (Prop_bufg_I_O)         0.096     3.521 r  clk_IBUF_BUFG_inst/O
                         net (fo=34, routed)          1.636     5.157    U_NRZ_L/clk_IBUF_BUFG
    SLICE_X1Y9           FDCE                                         r  U_NRZ_L/nrz_l_out_reg/C
  -------------------------------------------------------------------    -------------------
    SLICE_X1Y9           FDCE (Prop_fdce_C_Q)         0.456     5.613 r  U_NRZ_L/nrz_l_out_reg/Q
                         net (fo=8, routed)           1.101     6.714    U_NRZ_L/nrz_l_out_OBUF
    SLICE_X0Y3           LUT6 (Prop_lut6_I3_O)        0.124     6.838 r  U_NRZ_L/vgaGreen_OBUF[3]_inst_i_1/O
                         net (fo=4, routed)           3.032     9.871    vgaGreen_OBUF[0]
    G17                  OBUF (Prop_obuf_I_O)         3.529    13.400 r  vgaGreen_OBUF[2]_inst/O
                         net (fo=0)                   0.000    13.400    vgaGreen[2]
    G17                                                               r  vgaGreen[2] (OUT)
  -------------------------------------------------------------------    -------------------

Slack:                    inf
  Source:                 U_NRZ_L/nrz_l_out_reg/C
                            (rising edge-triggered cell FDCE clocked by sys_clk_pin  {rise@0.000ns fall@5.000ns period=10.000ns})
  Destination:            vgaGreen[0]
                            (output port)
  Path Group:             (none)
  Path Type:              Max at Slow Process Corner
  Data Path Delay:        7.941ns  (logic 4.101ns (51.639%)  route 3.840ns (48.361%))
  Logic Levels:           2  (LUT6=1 OBUF=1)
  Clock Uncertainty:      0.025ns  ((TSJ^2 + TIJ^2)^1/2 + DJ) / 2 + PE
    Total System Jitter     (TSJ):    0.050ns
    Total Input Jitter      (TIJ):    0.000ns
    Discrete Jitter          (DJ):    0.000ns
    Phase Error              (PE):    0.000ns

    Location             Delay type                Incr(ns)  Path(ns)    Netlist Resource(s)
  -------------------------------------------------------------------    -------------------
                         (clock sys_clk_pin rise edge)
                                                      0.000     0.000 r  
    W5                                                0.000     0.000 r  clk (IN)
                         net (fo=0)                   0.000     0.000    clk
    W5                   IBUF (Prop_ibuf_I_O)         1.458     1.458 r  clk_IBUF_inst/O
                         net (fo=1, routed)           1.967     3.425    clk_IBUF
    BUFGCTRL_X0Y0        BUFG (Prop_bufg_I_O)         0.096     3.521 r  clk_IBUF_BUFG_inst/O
                         net (fo=34, routed)          1.636     5.157    U_NRZ_L/clk_IBUF_BUFG
    SLICE_X1Y9           FDCE                                         r  U_NRZ_L/nrz_l_out_reg/C
  -------------------------------------------------------------------    -------------------
    SLICE_X1Y9           FDCE (Prop_fdce_C_Q)         0.456     5.613 r  U_NRZ_L/nrz_l_out_reg/Q
                         net (fo=8, routed)           1.101     6.714    U_NRZ_L/nrz_l_out_OBUF
    SLICE_X0Y3           LUT6 (Prop_lut6_I3_O)        0.124     6.838 r  U_NRZ_L/vgaGreen_OBUF[3]_inst_i_1/O
                         net (fo=4, routed)           2.739     9.578    vgaGreen_OBUF[0]
    J17                  OBUF (Prop_obuf_I_O)         3.521    13.099 r  vgaGreen_OBUF[0]_inst/O
                         net (fo=0)                   0.000    13.099    vgaGreen[0]
    J17                                                               r  vgaGreen[0] (OUT)
  -------------------------------------------------------------------    -------------------

Slack:                    inf
  Source:                 U_NRZ_L/nrz_l_out_reg/C
                            (rising edge-triggered cell FDCE clocked by sys_clk_pin  {rise@0.000ns fall@5.000ns period=10.000ns})
  Destination:            nrz_l_out
                            (output port)
  Path Group:             (none)
  Path Type:              Max at Slow Process Corner
  Data Path Delay:        6.249ns  (logic 3.961ns (63.378%)  route 2.289ns (36.622%))
  Logic Levels:           1  (OBUF=1)
  Clock Uncertainty:      0.025ns  ((TSJ^2 + TIJ^2)^1/2 + DJ) / 2 + PE
    Total System Jitter     (TSJ):    0.050ns
    Total Input Jitter      (TIJ):    0.000ns
    Discrete Jitter          (DJ):    0.000ns
    Phase Error              (PE):    0.000ns

    Location             Delay type                Incr(ns)  Path(ns)    Netlist Resource(s)
  -------------------------------------------------------------------    -------------------
                         (clock sys_clk_pin rise edge)
                                                      0.000     0.000 r  
    W5                                                0.000     0.000 r  clk (IN)
                         net (fo=0)                   0.000     0.000    clk
    W5                   IBUF (Prop_ibuf_I_O)         1.458     1.458 r  clk_IBUF_inst/O
                         net (fo=1, routed)           1.967     3.425    clk_IBUF
    BUFGCTRL_X0Y0        BUFG (Prop_bufg_I_O)         0.096     3.521 r  clk_IBUF_BUFG_inst/O
                         net (fo=34, routed)          1.636     5.157    U_NRZ_L/clk_IBUF_BUFG
    SLICE_X1Y9           FDCE                                         r  U_NRZ_L/nrz_l_out_reg/C
  -------------------------------------------------------------------    -------------------
    SLICE_X1Y9           FDCE (Prop_fdce_C_Q)         0.456     5.613 r  U_NRZ_L/nrz_l_out_reg/Q
                         net (fo=8, routed)           2.289     7.902    nrz_l_out_OBUF
    U16                  OBUF (Prop_obuf_I_O)         3.505    11.407 r  nrz_l_out_OBUF_inst/O
                         net (fo=0)                   0.000    11.407    nrz_l_out
    U16                                                               r  nrz_l_out (OUT)
  -------------------------------------------------------------------    -------------------





Min Delay Paths
--------------------------------------------------------------------------------------
Slack:                    inf
  Source:                 U_NRZ_L/nrz_l_out_reg/C
                            (rising edge-triggered cell FDCE clocked by sys_clk_pin  {rise@0.000ns fall@5.000ns period=10.000ns})
  Destination:            nrz_l_out
                            (output port)
  Path Group:             (none)
  Path Type:              Min at Fast Process Corner
  Data Path Delay:        1.977ns  (logic 1.347ns (68.143%)  route 0.630ns (31.857%))
  Logic Levels:           1  (OBUF=1)
  Clock Uncertainty:      0.025ns  ((TSJ^2 + TIJ^2)^1/2 + DJ) / 2 + PE
    Total System Jitter     (TSJ):    0.050ns
    Total Input Jitter      (TIJ):    0.000ns
    Discrete Jitter          (DJ):    0.000ns
    Phase Error              (PE):    0.000ns

    Location             Delay type                Incr(ns)  Path(ns)    Netlist Resource(s)
  -------------------------------------------------------------------    -------------------
                         (clock sys_clk_pin rise edge)
                                                      0.000     0.000 r  
    W5                                                0.000     0.000 r  clk (IN)
                         net (fo=0)                   0.000     0.000    clk
    W5                   IBUF (Prop_ibuf_I_O)         0.226     0.226 r  clk_IBUF_inst/O
                         net (fo=1, routed)           0.631     0.858    clk_IBUF
    BUFGCTRL_X0Y0        BUFG (Prop_bufg_I_O)         0.026     0.884 r  clk_IBUF_BUFG_inst/O
                         net (fo=34, routed)          0.594     1.477    U_NRZ_L/clk_IBUF_BUFG
    SLICE_X1Y9           FDCE                                         r  U_NRZ_L/nrz_l_out_reg/C
  -------------------------------------------------------------------    -------------------
    SLICE_X1Y9           FDCE (Prop_fdce_C_Q)         0.141     1.618 r  U_NRZ_L/nrz_l_out_reg/Q
                         net (fo=8, routed)           0.630     2.248    nrz_l_out_OBUF
    U16                  OBUF (Prop_obuf_I_O)         1.206     3.454 r  nrz_l_out_OBUF_inst/O
                         net (fo=0)                   0.000     3.454    nrz_l_out
    U16                                                               r  nrz_l_out (OUT)
  -------------------------------------------------------------------    -------------------

Slack:                    inf
  Source:                 U_NRZ_L/nrz_l_out_reg/C
                            (rising edge-triggered cell FDCE clocked by sys_clk_pin  {rise@0.000ns fall@5.000ns period=10.000ns})
  Destination:            vgaGreen[0]
                            (output port)
  Path Group:             (none)
  Path Type:              Min at Fast Process Corner
  Data Path Delay:        2.646ns  (logic 1.408ns (53.200%)  route 1.238ns (46.800%))
  Logic Levels:           2  (LUT6=1 OBUF=1)
  Clock Uncertainty:      0.025ns  ((TSJ^2 + TIJ^2)^1/2 + DJ) / 2 + PE
    Total System Jitter     (TSJ):    0.050ns
    Total Input Jitter      (TIJ):    0.000ns
    Discrete Jitter          (DJ):    0.000ns
    Phase Error              (PE):    0.000ns

    Location             Delay type                Incr(ns)  Path(ns)    Netlist Resource(s)
  -------------------------------------------------------------------    -------------------
                         (clock sys_clk_pin rise edge)
                                                      0.000     0.000 r  
    W5                                                0.000     0.000 r  clk (IN)
                         net (fo=0)                   0.000     0.000    clk
    W5                   IBUF (Prop_ibuf_I_O)         0.226     0.226 r  clk_IBUF_inst/O
                         net (fo=1, routed)           0.631     0.858    clk_IBUF
    BUFGCTRL_X0Y0        BUFG (Prop_bufg_I_O)         0.026     0.884 r  clk_IBUF_BUFG_inst/O
                         net (fo=34, routed)          0.594     1.477    U_NRZ_L/clk_IBUF_BUFG
    SLICE_X1Y9           FDCE                                         r  U_NRZ_L/nrz_l_out_reg/C
  -------------------------------------------------------------------    -------------------
    SLICE_X1Y9           FDCE (Prop_fdce_C_Q)         0.141     1.618 r  U_NRZ_L/nrz_l_out_reg/Q
                         net (fo=8, routed)           0.437     2.055    U_NRZ_L/nrz_l_out_OBUF
    SLICE_X0Y3           LUT6 (Prop_lut6_I3_O)        0.045     2.100 r  U_NRZ_L/vgaGreen_OBUF[3]_inst_i_1/O
                         net (fo=4, routed)           0.801     2.902    vgaGreen_OBUF[0]
    J17                  OBUF (Prop_obuf_I_O)         1.222     4.123 r  vgaGreen_OBUF[0]_inst/O
                         net (fo=0)                   0.000     4.123    vgaGreen[0]
    J17                                                               r  vgaGreen[0] (OUT)
  -------------------------------------------------------------------    -------------------

Slack:                    inf
  Source:                 U_NRZ_L/nrz_l_out_reg/C
                            (rising edge-triggered cell FDCE clocked by sys_clk_pin  {rise@0.000ns fall@5.000ns period=10.000ns})
  Destination:            vgaRed[3]
                            (output port)
  Path Group:             (none)
  Path Type:              Min at Fast Process Corner
  Data Path Delay:        2.678ns  (logic 1.390ns (51.889%)  route 1.288ns (48.111%))
  Logic Levels:           2  (LUT6=1 OBUF=1)
  Clock Uncertainty:      0.025ns  ((TSJ^2 + TIJ^2)^1/2 + DJ) / 2 + PE
    Total System Jitter     (TSJ):    0.050ns
    Total Input Jitter      (TIJ):    0.000ns
    Discrete Jitter          (DJ):    0.000ns
    Phase Error              (PE):    0.000ns

    Location             Delay type                Incr(ns)  Path(ns)    Netlist Resource(s)
  -------------------------------------------------------------------    -------------------
                         (clock sys_clk_pin rise edge)
                                                      0.000     0.000 r  
    W5                                                0.000     0.000 r  clk (IN)
                         net (fo=0)                   0.000     0.000    clk
    W5                   IBUF (Prop_ibuf_I_O)         0.226     0.226 r  clk_IBUF_inst/O
                         net (fo=1, routed)           0.631     0.858    clk_IBUF
    BUFGCTRL_X0Y0        BUFG (Prop_bufg_I_O)         0.026     0.884 r  clk_IBUF_BUFG_inst/O
                         net (fo=34, routed)          0.594     1.477    U_NRZ_L/clk_IBUF_BUFG
    SLICE_X1Y9           FDCE                                         r  U_NRZ_L/nrz_l_out_reg/C
  -------------------------------------------------------------------    -------------------
    SLICE_X1Y9           FDCE (Prop_fdce_C_Q)         0.141     1.618 f  U_NRZ_L/nrz_l_out_reg/Q
                         net (fo=8, routed)           0.499     2.117    U_NRZ_L/nrz_l_out_OBUF
    SLICE_X0Y3           LUT6 (Prop_lut6_I4_O)        0.045     2.162 r  U_NRZ_L/vgaRed_OBUF[3]_inst_i_1/O
                         net (fo=4, routed)           0.790     2.952    vgaRed_OBUF[0]
    N19                  OBUF (Prop_obuf_I_O)         1.204     4.155 r  vgaRed_OBUF[3]_inst/O
                         net (fo=0)                   0.000     4.155    vgaRed[3]
    N19                                                               r  vgaRed[3] (OUT)
  -------------------------------------------------------------------    -------------------

Slack:                    inf
  Source:                 U_NRZ_L/nrz_l_out_reg/C
                            (rising edge-triggered cell FDCE clocked by sys_clk_pin  {rise@0.000ns fall@5.000ns period=10.000ns})
  Destination:            vgaGreen[2]
                            (output port)
  Path Group:             (none)
  Path Type:              Min at Fast Process Corner
  Data Path Delay:        2.779ns  (logic 1.416ns (50.945%)  route 1.363ns (49.055%))
  Logic Levels:           2  (LUT6=1 OBUF=1)
  Clock Uncertainty:      0.025ns  ((TSJ^2 + TIJ^2)^1/2 + DJ) / 2 + PE
    Total System Jitter     (TSJ):    0.050ns
    Total Input Jitter      (TIJ):    0.000ns
    Discrete Jitter          (DJ):    0.000ns
    Phase Error              (PE):    0.000ns

    Location             Delay type                Incr(ns)  Path(ns)    Netlist Resource(s)
  -------------------------------------------------------------------    -------------------
                         (clock sys_clk_pin rise edge)
                                                      0.000     0.000 r  
    W5                                                0.000     0.000 r  clk (IN)
                         net (fo=0)                   0.000     0.000    clk
    W5                   IBUF (Prop_ibuf_I_O)         0.226     0.226 r  clk_IBUF_inst/O
                         net (fo=1, routed)           0.631     0.858    clk_IBUF
    BUFGCTRL_X0Y0        BUFG (Prop_bufg_I_O)         0.026     0.884 r  clk_IBUF_BUFG_inst/O
                         net (fo=34, routed)          0.594     1.477    U_NRZ_L/clk_IBUF_BUFG
    SLICE_X1Y9           FDCE                                         r  U_NRZ_L/nrz_l_out_reg/C
  -------------------------------------------------------------------    -------------------
    SLICE_X1Y9           FDCE (Prop_fdce_C_Q)         0.141     1.618 r  U_NRZ_L/nrz_l_out_reg/Q
                         net (fo=8, routed)           0.437     2.055    U_NRZ_L/nrz_l_out_OBUF
    SLICE_X0Y3           LUT6 (Prop_lut6_I3_O)        0.045     2.100 r  U_NRZ_L/vgaGreen_OBUF[3]_inst_i_1/O
                         net (fo=4, routed)           0.926     3.027    vgaGreen_OBUF[0]
    G17                  OBUF (Prop_obuf_I_O)         1.230     4.257 r  vgaGreen_OBUF[2]_inst/O
                         net (fo=0)                   0.000     4.257    vgaGreen[2]
    G17                                                               r  vgaGreen[2] (OUT)
  -------------------------------------------------------------------    -------------------

Slack:                    inf
  Source:                 U_NRZ_L/nrz_l_out_reg/C
                            (rising edge-triggered cell FDCE clocked by sys_clk_pin  {rise@0.000ns fall@5.000ns period=10.000ns})
  Destination:            vgaRed[2]
                            (output port)
  Path Group:             (none)
  Path Type:              Min at Fast Process Corner
  Data Path Delay:        2.790ns  (logic 1.411ns (50.574%)  route 1.379ns (49.426%))
  Logic Levels:           2  (LUT6=1 OBUF=1)
  Clock Uncertainty:      0.025ns  ((TSJ^2 + TIJ^2)^1/2 + DJ) / 2 + PE
    Total System Jitter     (TSJ):    0.050ns
    Total Input Jitter      (TIJ):    0.000ns
    Discrete Jitter          (DJ):    0.000ns
    Phase Error              (PE):    0.000ns

    Location             Delay type                Incr(ns)  Path(ns)    Netlist Resource(s)
  -------------------------------------------------------------------    -------------------
                         (clock sys_clk_pin rise edge)
                                                      0.000     0.000 r  
    W5                                                0.000     0.000 r  clk (IN)
                         net (fo=0)                   0.000     0.000    clk
    W5                   IBUF (Prop_ibuf_I_O)         0.226     0.226 r  clk_IBUF_inst/O
                         net (fo=1, routed)           0.631     0.858    clk_IBUF
    BUFGCTRL_X0Y0        BUFG (Prop_bufg_I_O)         0.026     0.884 r  clk_IBUF_BUFG_inst/O
                         net (fo=34, routed)          0.594     1.477    U_NRZ_L/clk_IBUF_BUFG
    SLICE_X1Y9           FDCE                                         r  U_NRZ_L/nrz_l_out_reg/C
  -------------------------------------------------------------------    -------------------
    SLICE_X1Y9           FDCE (Prop_fdce_C_Q)         0.141     1.618 f  U_NRZ_L/nrz_l_out_reg/Q
                         net (fo=8, routed)           0.499     2.117    U_NRZ_L/nrz_l_out_OBUF
    SLICE_X0Y3           LUT6 (Prop_lut6_I4_O)        0.045     2.162 r  U_NRZ_L/vgaRed_OBUF[3]_inst_i_1/O
                         net (fo=4, routed)           0.880     3.042    vgaRed_OBUF[0]
    J19                  OBUF (Prop_obuf_I_O)         1.225     4.267 r  vgaRed_OBUF[2]_inst/O
                         net (fo=0)                   0.000     4.267    vgaRed[2]
    J19                                                               r  vgaRed[2] (OUT)
  -------------------------------------------------------------------    -------------------

Slack:                    inf
  Source:                 U_NRZ_L/nrz_l_out_reg/C
                            (rising edge-triggered cell FDCE clocked by sys_clk_pin  {rise@0.000ns fall@5.000ns period=10.000ns})
  Destination:            vgaGreen[1]
                            (output port)
  Path Group:             (none)
  Path Type:              Min at Fast Process Corner
  Data Path Delay:        2.821ns  (logic 1.393ns (49.365%)  route 1.428ns (50.635%))
  Logic Levels:           2  (LUT6=1 OBUF=1)
  Clock Uncertainty:      0.025ns  ((TSJ^2 + TIJ^2)^1/2 + DJ) / 2 + PE
    Total System Jitter     (TSJ):    0.050ns
    Total Input Jitter      (TIJ):    0.000ns
    Discrete Jitter          (DJ):    0.000ns
    Phase Error              (PE):    0.000ns

    Location             Delay type                Incr(ns)  Path(ns)    Netlist Resource(s)
  -------------------------------------------------------------------    -------------------
                         (clock sys_clk_pin rise edge)
                                                      0.000     0.000 r  
    W5                                                0.000     0.000 r  clk (IN)
                         net (fo=0)                   0.000     0.000    clk
    W5                   IBUF (Prop_ibuf_I_O)         0.226     0.226 r  clk_IBUF_inst/O
                         net (fo=1, routed)           0.631     0.858    clk_IBUF
    BUFGCTRL_X0Y0        BUFG (Prop_bufg_I_O)         0.026     0.884 r  clk_IBUF_BUFG_inst/O
                         net (fo=34, routed)          0.594     1.477    U_NRZ_L/clk_IBUF_BUFG
    SLICE_X1Y9           FDCE                                         r  U_NRZ_L/nrz_l_out_reg/C
  -------------------------------------------------------------------    -------------------
    SLICE_X1Y9           FDCE (Prop_fdce_C_Q)         0.141     1.618 r  U_NRZ_L/nrz_l_out_reg/Q
                         net (fo=8, routed)           0.437     2.055    U_NRZ_L/nrz_l_out_OBUF
    SLICE_X0Y3           LUT6 (Prop_lut6_I3_O)        0.045     2.100 r  U_NRZ_L/vgaGreen_OBUF[3]_inst_i_1/O
                         net (fo=4, routed)           0.991     3.092    vgaGreen_OBUF[0]
    H17                  OBUF (Prop_obuf_I_O)         1.207     4.298 r  vgaGreen_OBUF[1]_inst/O
                         net (fo=0)                   0.000     4.298    vgaGreen[1]
    H17                                                               r  vgaGreen[1] (OUT)
  -------------------------------------------------------------------    -------------------

Slack:                    inf
  Source:                 U_NRZ_L/nrz_l_out_reg/C
                            (rising edge-triggered cell FDCE clocked by sys_clk_pin  {rise@0.000ns fall@5.000ns period=10.000ns})
  Destination:            vgaBlue[0]
                            (output port)
  Path Group:             (none)
  Path Type:              Min at Fast Process Corner
  Data Path Delay:        2.850ns  (logic 1.428ns (50.090%)  route 1.422ns (49.910%))
  Logic Levels:           3  (LUT3=1 LUT6=1 OBUF=1)
  Clock Uncertainty:      0.025ns  ((TSJ^2 + TIJ^2)^1/2 + DJ) / 2 + PE
    Total System Jitter     (TSJ):    0.050ns
    Total Input Jitter      (TIJ):    0.000ns
    Discrete Jitter          (DJ):    0.000ns
    Phase Error              (PE):    0.000ns

    Location             Delay type                Incr(ns)  Path(ns)    Netlist Resource(s)
  -------------------------------------------------------------------    -------------------
                         (clock sys_clk_pin rise edge)
                                                      0.000     0.000 r  
    W5                                                0.000     0.000 r  clk (IN)
                         net (fo=0)                   0.000     0.000    clk
    W5                   IBUF (Prop_ibuf_I_O)         0.226     0.226 r  clk_IBUF_inst/O
                         net (fo=1, routed)           0.631     0.858    clk_IBUF
    BUFGCTRL_X0Y0        BUFG (Prop_bufg_I_O)         0.026     0.884 r  clk_IBUF_BUFG_inst/O
                         net (fo=34, routed)          0.594     1.477    U_NRZ_L/clk_IBUF_BUFG
    SLICE_X1Y9           FDCE                                         r  U_NRZ_L/nrz_l_out_reg/C
  -------------------------------------------------------------------    -------------------
    SLICE_X1Y9           FDCE (Prop_fdce_C_Q)         0.141     1.618 f  U_NRZ_L/nrz_l_out_reg/Q
                         net (fo=8, routed)           0.430     2.048    U_NRZ_L/nrz_l_out_OBUF
    SLICE_X0Y4           LUT6 (Prop_lut6_I5_O)        0.045     2.093 r  U_NRZ_L/vgaBlue_OBUF[0]_inst_i_3/O
                         net (fo=1, routed)           0.215     2.308    U_NRZ_L/vgaBlue_OBUF[0]_inst_i_3_n_0
    SLICE_X0Y3           LUT3 (Prop_lut3_I1_O)        0.045     2.353 r  U_NRZ_L/vgaBlue_OBUF[0]_inst_i_1/O
                         net (fo=1, routed)           0.777     3.130    vgaBlue_OBUF[0]
    N18                  OBUF (Prop_obuf_I_O)         1.197     4.327 r  vgaBlue_OBUF[0]_inst/O
                         net (fo=0)                   0.000     4.327    vgaBlue[0]
    N18                                                               r  vgaBlue[0] (OUT)
  -------------------------------------------------------------------    -------------------

Slack:                    inf
  Source:                 U_NRZ_L/nrz_l_out_reg/C
                            (rising edge-triggered cell FDCE clocked by sys_clk_pin  {rise@0.000ns fall@5.000ns period=10.000ns})
  Destination:            vgaRed[0]
                            (output port)
  Path Group:             (none)
  Path Type:              Min at Fast Process Corner
  Data Path Delay:        2.919ns  (logic 1.411ns (48.328%)  route 1.508ns (51.672%))
  Logic Levels:           2  (LUT6=1 OBUF=1)
  Clock Uncertainty:      0.025ns  ((TSJ^2 + TIJ^2)^1/2 + DJ) / 2 + PE
    Total System Jitter     (TSJ):    0.050ns
    Total Input Jitter      (TIJ):    0.000ns
    Discrete Jitter          (DJ):    0.000ns
    Phase Error              (PE):    0.000ns

    Location             Delay type                Incr(ns)  Path(ns)    Netlist Resource(s)
  -------------------------------------------------------------------    -------------------
                         (clock sys_clk_pin rise edge)
                                                      0.000     0.000 r  
    W5                                                0.000     0.000 r  clk (IN)
                         net (fo=0)                   0.000     0.000    clk
    W5                   IBUF (Prop_ibuf_I_O)         0.226     0.226 r  clk_IBUF_inst/O
                         net (fo=1, routed)           0.631     0.858    clk_IBUF
    BUFGCTRL_X0Y0        BUFG (Prop_bufg_I_O)         0.026     0.884 r  clk_IBUF_BUFG_inst/O
                         net (fo=34, routed)          0.594     1.477    U_NRZ_L/clk_IBUF_BUFG
    SLICE_X1Y9           FDCE                                         r  U_NRZ_L/nrz_l_out_reg/C
  -------------------------------------------------------------------    -------------------
    SLICE_X1Y9           FDCE (Prop_fdce_C_Q)         0.141     1.618 f  U_NRZ_L/nrz_l_out_reg/Q
                         net (fo=8, routed)           0.499     2.117    U_NRZ_L/nrz_l_out_OBUF
    SLICE_X0Y3           LUT6 (Prop_lut6_I4_O)        0.045     2.162 r  U_NRZ_L/vgaRed_OBUF[3]_inst_i_1/O
                         net (fo=4, routed)           1.010     3.171    vgaRed_OBUF[0]
    G19                  OBUF (Prop_obuf_I_O)         1.225     4.396 r  vgaRed_OBUF[0]_inst/O
                         net (fo=0)                   0.000     4.396    vgaRed[0]
    G19                                                               r  vgaRed[0] (OUT)
  -------------------------------------------------------------------    -------------------

Slack:                    inf
  Source:                 U_NRZ_L/nrz_l_out_reg/C
                            (rising edge-triggered cell FDCE clocked by sys_clk_pin  {rise@0.000ns fall@5.000ns period=10.000ns})
  Destination:            vgaRed[1]
                            (output port)
  Path Group:             (none)
  Path Type:              Min at Fast Process Corner
  Data Path Delay:        2.970ns  (logic 1.406ns (47.356%)  route 1.563ns (52.644%))
  Logic Levels:           2  (LUT6=1 OBUF=1)
  Clock Uncertainty:      0.025ns  ((TSJ^2 + TIJ^2)^1/2 + DJ) / 2 + PE
    Total System Jitter     (TSJ):    0.050ns
    Total Input Jitter      (TIJ):    0.000ns
    Discrete Jitter          (DJ):    0.000ns
    Phase Error              (PE):    0.000ns

    Location             Delay type                Incr(ns)  Path(ns)    Netlist Resource(s)
  -------------------------------------------------------------------    -------------------
                         (clock sys_clk_pin rise edge)
                                                      0.000     0.000 r  
    W5                                                0.000     0.000 r  clk (IN)
                         net (fo=0)                   0.000     0.000    clk
    W5                   IBUF (Prop_ibuf_I_O)         0.226     0.226 r  clk_IBUF_inst/O
                         net (fo=1, routed)           0.631     0.858    clk_IBUF
    BUFGCTRL_X0Y0        BUFG (Prop_bufg_I_O)         0.026     0.884 r  clk_IBUF_BUFG_inst/O
                         net (fo=34, routed)          0.594     1.477    U_NRZ_L/clk_IBUF_BUFG
    SLICE_X1Y9           FDCE                                         r  U_NRZ_L/nrz_l_out_reg/C
  -------------------------------------------------------------------    -------------------
    SLICE_X1Y9           FDCE (Prop_fdce_C_Q)         0.141     1.618 f  U_NRZ_L/nrz_l_out_reg/Q
                         net (fo=8, routed)           0.499     2.117    U_NRZ_L/nrz_l_out_OBUF
    SLICE_X0Y3           LUT6 (Prop_lut6_I4_O)        0.045     2.162 r  U_NRZ_L/vgaRed_OBUF[3]_inst_i_1/O
                         net (fo=4, routed)           1.065     3.226    vgaRed_OBUF[0]
    H19                  OBUF (Prop_obuf_I_O)         1.220     4.447 r  vgaRed_OBUF[1]_inst/O
                         net (fo=0)                   0.000     4.447    vgaRed[1]
    H19                                                               r  vgaRed[1] (OUT)
  -------------------------------------------------------------------    -------------------

Slack:                    inf
  Source:                 U_NRZ_L/nrz_l_out_reg/C
                            (rising edge-triggered cell FDCE clocked by sys_clk_pin  {rise@0.000ns fall@5.000ns period=10.000ns})
  Destination:            vgaGreen[3]
                            (output port)
  Path Group:             (none)
  Path Type:              Min at Fast Process Corner
  Data Path Delay:        3.043ns  (logic 1.417ns (46.574%)  route 1.626ns (53.426%))
  Logic Levels:           2  (LUT6=1 OBUF=1)
  Clock Uncertainty:      0.025ns  ((TSJ^2 + TIJ^2)^1/2 + DJ) / 2 + PE
    Total System Jitter     (TSJ):    0.050ns
    Total Input Jitter      (TIJ):    0.000ns
    Discrete Jitter          (DJ):    0.000ns
    Phase Error              (PE):    0.000ns

    Location             Delay type                Incr(ns)  Path(ns)    Netlist Resource(s)
  -------------------------------------------------------------------    -------------------
                         (clock sys_clk_pin rise edge)
                                                      0.000     0.000 r  
    W5                                                0.000     0.000 r  clk (IN)
                         net (fo=0)                   0.000     0.000    clk
    W5                   IBUF (Prop_ibuf_I_O)         0.226     0.226 r  clk_IBUF_inst/O
                         net (fo=1, routed)           0.631     0.858    clk_IBUF
    BUFGCTRL_X0Y0        BUFG (Prop_bufg_I_O)         0.026     0.884 r  clk_IBUF_BUFG_inst/O
                         net (fo=34, routed)          0.594     1.477    U_NRZ_L/clk_IBUF_BUFG
    SLICE_X1Y9           FDCE                                         r  U_NRZ_L/nrz_l_out_reg/C
  -------------------------------------------------------------------    -------------------
    SLICE_X1Y9           FDCE (Prop_fdce_C_Q)         0.141     1.618 r  U_NRZ_L/nrz_l_out_reg/Q
                         net (fo=8, routed)           0.437     2.055    U_NRZ_L/nrz_l_out_OBUF
    SLICE_X0Y3           LUT6 (Prop_lut6_I3_O)        0.045     2.100 r  U_NRZ_L/vgaGreen_OBUF[3]_inst_i_1/O
                         net (fo=4, routed)           1.189     3.289    vgaGreen_OBUF[0]
    D17                  OBUF (Prop_obuf_I_O)         1.231     4.520 r  vgaGreen_OBUF[3]_inst/O
                         net (fo=0)                   0.000     4.520    vgaGreen[3]
    D17                                                               r  vgaGreen[3] (OUT)
  -------------------------------------------------------------------    -------------------





--------------------------------------------------------------------------------------
Path Group:  (none)
From Clock:  
  To Clock:  sys_clk_pin

Max Delay            62 Endpoints
Min Delay            62 Endpoints
--------------------------------------------------------------------------------------


Max Delay Paths
--------------------------------------------------------------------------------------
Slack:                    inf
  Source:                 data_in[15]
                            (input port)
  Destination:            U_NRZ_L/nrz_l_out_reg/D
                            (rising edge-triggered cell FDCE clocked by sys_clk_pin  {rise@0.000ns fall@5.000ns period=10.000ns})
  Path Group:             (none)
  Path Type:              Setup (Max at Slow Process Corner)
  Data Path Delay:        6.983ns  (logic 2.091ns (29.949%)  route 4.891ns (70.051%))
  Logic Levels:           4  (IBUF=1 LUT6=2 MUXF7=1)
  Clock Path Skew:        4.858ns (DCD - SCD + CPR)
    Destination Clock Delay (DCD):    4.858ns
    Source Clock Delay      (SCD):    0.000ns
    Clock Pessimism Removal (CPR):    0.000ns
  Clock Uncertainty:      0.025ns  ((TSJ^2 + TIJ^2)^1/2 + DJ) / 2 + PE
    Total System Jitter     (TSJ):    0.050ns
    Total Input Jitter      (TIJ):    0.000ns
    Discrete Jitter          (DJ):    0.000ns
    Phase Error              (PE):    0.000ns

    Location             Delay type                Incr(ns)  Path(ns)    Netlist Resource(s)
  -------------------------------------------------------------------    -------------------
    R2                                                0.000     0.000 r  data_in[15] (IN)
                         net (fo=0)                   0.000     0.000    data_in[15]
    R2                   IBUF (Prop_ibuf_I_O)         1.456     1.456 r  data_in_IBUF[15]_inst/O
                         net (fo=1, routed)           3.195     4.651    U_NRZ_L/data_in_IBUF[15]
    SLICE_X34Y21         LUT6 (Prop_lut6_I0_O)        0.124     4.775 r  U_NRZ_L/nrz_l_out_i_7/O
                         net (fo=1, routed)           0.000     4.775    U_NRZ_L/nrz_l_out_i_7_n_0
    SLICE_X34Y21         MUXF7 (Prop_muxf7_I1_O)      0.214     4.989 r  U_NRZ_L/nrz_l_out_reg_i_3/O
                         net (fo=1, routed)           1.696     6.686    U_NRZ_L/nrz_l_out_reg_i_3_n_0
    SLICE_X1Y9           LUT6 (Prop_lut6_I2_O)        0.297     6.983 r  U_NRZ_L/nrz_l_out_i_1/O
                         net (fo=1, routed)           0.000     6.983    U_NRZ_L/nrz_l_out_i_1_n_0
    SLICE_X1Y9           FDCE                                         r  U_NRZ_L/nrz_l_out_reg/D
  -------------------------------------------------------------------    -------------------

                         (clock sys_clk_pin rise edge)
                                                      0.000     0.000 r  
    W5                                                0.000     0.000 r  clk (IN)
                         net (fo=0)                   0.000     0.000    clk
    W5                   IBUF (Prop_ibuf_I_O)         1.388     1.388 r  clk_IBUF_inst/O
                         net (fo=1, routed)           1.862     3.250    clk_IBUF
    BUFGCTRL_X0Y0        BUFG (Prop_bufg_I_O)         0.091     3.341 r  clk_IBUF_BUFG_inst/O
                         net (fo=34, routed)          1.517     4.858    U_NRZ_L/clk_IBUF_BUFG
    SLICE_X1Y9           FDCE                                         r  U_NRZ_L/nrz_l_out_reg/C

Slack:                    inf
  Source:                 rst
                            (input port)
  Destination:            U_NRZ_L/cycle_cnt_reg[0]/CLR
                            (recovery check against rising-edge clock sys_clk_pin  {rise@0.000ns fall@5.000ns period=10.000ns})
  Path Group:             (none)
  Path Type:              Recovery (Max at Slow Process Corner)
  Data Path Delay:        4.253ns  (logic 1.454ns (34.178%)  route 2.800ns (65.822%))
  Logic Levels:           1  (IBUF=1)
  Clock Path Skew:        4.859ns (DCD - SCD + CPR)
    Destination Clock Delay (DCD):    4.859ns
    Source Clock Delay      (SCD):    0.000ns
    Clock Pessimism Removal (CPR):    0.000ns
  Clock Uncertainty:      0.025ns  ((TSJ^2 + TIJ^2)^1/2 + DJ) / 2 + PE
    Total System Jitter     (TSJ):    0.050ns
    Total Input Jitter      (TIJ):    0.000ns
    Discrete Jitter          (DJ):    0.000ns
    Phase Error              (PE):    0.000ns

    Location             Delay type                Incr(ns)  Path(ns)    Netlist Resource(s)
  -------------------------------------------------------------------    -------------------
    T18                                               0.000     0.000 f  rst (IN)
                         net (fo=0)                   0.000     0.000    rst
    T18                  IBUF (Prop_ibuf_I_O)         1.454     1.454 f  rst_IBUF_inst/O
                         net (fo=53, routed)          2.800     4.253    U_NRZ_L/AR[0]
    SLICE_X4Y1           FDCE                                         f  U_NRZ_L/cycle_cnt_reg[0]/CLR
  -------------------------------------------------------------------    -------------------

                         (clock sys_clk_pin rise edge)
                                                      0.000     0.000 r  
    W5                                                0.000     0.000 r  clk (IN)
                         net (fo=0)                   0.000     0.000    clk
    W5                   IBUF (Prop_ibuf_I_O)         1.388     1.388 r  clk_IBUF_inst/O
                         net (fo=1, routed)           1.862     3.250    clk_IBUF
    BUFGCTRL_X0Y0        BUFG (Prop_bufg_I_O)         0.091     3.341 r  clk_IBUF_BUFG_inst/O
                         net (fo=34, routed)          1.518     4.859    U_NRZ_L/clk_IBUF_BUFG
    SLICE_X4Y1           FDCE                                         r  U_NRZ_L/cycle_cnt_reg[0]/C

Slack:                    inf
  Source:                 rst
                            (input port)
  Destination:            U_NRZ_L/cycle_cnt_reg[1]/CLR
                            (recovery check against rising-edge clock sys_clk_pin  {rise@0.000ns fall@5.000ns period=10.000ns})
  Path Group:             (none)
  Path Type:              Recovery (Max at Slow Process Corner)
  Data Path Delay:        4.253ns  (logic 1.454ns (34.178%)  route 2.800ns (65.822%))
  Logic Levels:           1  (IBUF=1)
  Clock Path Skew:        4.859ns (DCD - SCD + CPR)
    Destination Clock Delay (DCD):    4.859ns
    Source Clock Delay      (SCD):    0.000ns
    Clock Pessimism Removal (CPR):    0.000ns
  Clock Uncertainty:      0.025ns  ((TSJ^2 + TIJ^2)^1/2 + DJ) / 2 + PE
    Total System Jitter     (TSJ):    0.050ns
    Total Input Jitter      (TIJ):    0.000ns
    Discrete Jitter          (DJ):    0.000ns
    Phase Error              (PE):    0.000ns

    Location             Delay type                Incr(ns)  Path(ns)    Netlist Resource(s)
  -------------------------------------------------------------------    -------------------
    T18                                               0.000     0.000 f  rst (IN)
                         net (fo=0)                   0.000     0.000    rst
    T18                  IBUF (Prop_ibuf_I_O)         1.454     1.454 f  rst_IBUF_inst/O
                         net (fo=53, routed)          2.800     4.253    U_NRZ_L/AR[0]
    SLICE_X4Y1           FDCE                                         f  U_NRZ_L/cycle_cnt_reg[1]/CLR
  -------------------------------------------------------------------    -------------------

                         (clock sys_clk_pin rise edge)
                                                      0.000     0.000 r  
    W5                                                0.000     0.000 r  clk (IN)
                         net (fo=0)                   0.000     0.000    clk
    W5                   IBUF (Prop_ibuf_I_O)         1.388     1.388 r  clk_IBUF_inst/O
                         net (fo=1, routed)           1.862     3.250    clk_IBUF
    BUFGCTRL_X0Y0        BUFG (Prop_bufg_I_O)         0.091     3.341 r  clk_IBUF_BUFG_inst/O
                         net (fo=34, routed)          1.518     4.859    U_NRZ_L/clk_IBUF_BUFG
    SLICE_X4Y1           FDCE                                         r  U_NRZ_L/cycle_cnt_reg[1]/C

Slack:                    inf
  Source:                 rst
                            (input port)
  Destination:            U_NRZ_L/cycle_cnt_reg[2]/CLR
                            (recovery check against rising-edge clock sys_clk_pin  {rise@0.000ns fall@5.000ns period=10.000ns})
  Path Group:             (none)
  Path Type:              Recovery (Max at Slow Process Corner)
  Data Path Delay:        4.253ns  (logic 1.454ns (34.178%)  route 2.800ns (65.822%))
  Logic Levels:           1  (IBUF=1)
  Clock Path Skew:        4.859ns (DCD - SCD + CPR)
    Destination Clock Delay (DCD):    4.859ns
    Source Clock Delay      (SCD):    0.000ns
    Clock Pessimism Removal (CPR):    0.000ns
  Clock Uncertainty:      0.025ns  ((TSJ^2 + TIJ^2)^1/2 + DJ) / 2 + PE
    Total System Jitter     (TSJ):    0.050ns
    Total Input Jitter      (TIJ):    0.000ns
    Discrete Jitter          (DJ):    0.000ns
    Phase Error              (PE):    0.000ns

    Location             Delay type                Incr(ns)  Path(ns)    Netlist Resource(s)
  -------------------------------------------------------------------    -------------------
    T18                                               0.000     0.000 f  rst (IN)
                         net (fo=0)                   0.000     0.000    rst
    T18                  IBUF (Prop_ibuf_I_O)         1.454     1.454 f  rst_IBUF_inst/O
                         net (fo=53, routed)          2.800     4.253    U_NRZ_L/AR[0]
    SLICE_X4Y1           FDCE                                         f  U_NRZ_L/cycle_cnt_reg[2]/CLR
  -------------------------------------------------------------------    -------------------

                         (clock sys_clk_pin rise edge)
                                                      0.000     0.000 r  
    W5                                                0.000     0.000 r  clk (IN)
                         net (fo=0)                   0.000     0.000    clk
    W5                   IBUF (Prop_ibuf_I_O)         1.388     1.388 r  clk_IBUF_inst/O
                         net (fo=1, routed)           1.862     3.250    clk_IBUF
    BUFGCTRL_X0Y0        BUFG (Prop_bufg_I_O)         0.091     3.341 r  clk_IBUF_BUFG_inst/O
                         net (fo=34, routed)          1.518     4.859    U_NRZ_L/clk_IBUF_BUFG
    SLICE_X4Y1           FDCE                                         r  U_NRZ_L/cycle_cnt_reg[2]/C

Slack:                    inf
  Source:                 rst
                            (input port)
  Destination:            U_NRZ_L/cycle_cnt_reg[3]/CLR
                            (recovery check against rising-edge clock sys_clk_pin  {rise@0.000ns fall@5.000ns period=10.000ns})
  Path Group:             (none)
  Path Type:              Recovery (Max at Slow Process Corner)
  Data Path Delay:        4.253ns  (logic 1.454ns (34.178%)  route 2.800ns (65.822%))
  Logic Levels:           1  (IBUF=1)
  Clock Path Skew:        4.859ns (DCD - SCD + CPR)
    Destination Clock Delay (DCD):    4.859ns
    Source Clock Delay      (SCD):    0.000ns
    Clock Pessimism Removal (CPR):    0.000ns
  Clock Uncertainty:      0.025ns  ((TSJ^2 + TIJ^2)^1/2 + DJ) / 2 + PE
    Total System Jitter     (TSJ):    0.050ns
    Total Input Jitter      (TIJ):    0.000ns
    Discrete Jitter          (DJ):    0.000ns
    Phase Error              (PE):    0.000ns

    Location             Delay type                Incr(ns)  Path(ns)    Netlist Resource(s)
  -------------------------------------------------------------------    -------------------
    T18                                               0.000     0.000 f  rst (IN)
                         net (fo=0)                   0.000     0.000    rst
    T18                  IBUF (Prop_ibuf_I_O)         1.454     1.454 f  rst_IBUF_inst/O
                         net (fo=53, routed)          2.800     4.253    U_NRZ_L/AR[0]
    SLICE_X4Y1           FDCE                                         f  U_NRZ_L/cycle_cnt_reg[3]/CLR
  -------------------------------------------------------------------    -------------------

                         (clock sys_clk_pin rise edge)
                                                      0.000     0.000 r  
    W5                                                0.000     0.000 r  clk (IN)
                         net (fo=0)                   0.000     0.000    clk
    W5                   IBUF (Prop_ibuf_I_O)         1.388     1.388 r  clk_IBUF_inst/O
                         net (fo=1, routed)           1.862     3.250    clk_IBUF
    BUFGCTRL_X0Y0        BUFG (Prop_bufg_I_O)         0.091     3.341 r  clk_IBUF_BUFG_inst/O
                         net (fo=34, routed)          1.518     4.859    U_NRZ_L/clk_IBUF_BUFG
    SLICE_X4Y1           FDCE                                         r  U_NRZ_L/cycle_cnt_reg[3]/C

Slack:                    inf
  Source:                 rst
                            (input port)
  Destination:            U_NRZ_L/cycle_cnt_reg[4]/CLR
                            (recovery check against rising-edge clock sys_clk_pin  {rise@0.000ns fall@5.000ns period=10.000ns})
  Path Group:             (none)
  Path Type:              Recovery (Max at Slow Process Corner)
  Data Path Delay:        4.253ns  (logic 1.454ns (34.178%)  route 2.800ns (65.822%))
  Logic Levels:           1  (IBUF=1)
  Clock Path Skew:        4.859ns (DCD - SCD + CPR)
    Destination Clock Delay (DCD):    4.859ns
    Source Clock Delay      (SCD):    0.000ns
    Clock Pessimism Removal (CPR):    0.000ns
  Clock Uncertainty:      0.025ns  ((TSJ^2 + TIJ^2)^1/2 + DJ) / 2 + PE
    Total System Jitter     (TSJ):    0.050ns
    Total Input Jitter      (TIJ):    0.000ns
    Discrete Jitter          (DJ):    0.000ns
    Phase Error              (PE):    0.000ns

    Location             Delay type                Incr(ns)  Path(ns)    Netlist Resource(s)
  -------------------------------------------------------------------    -------------------
    T18                                               0.000     0.000 f  rst (IN)
                         net (fo=0)                   0.000     0.000    rst
    T18                  IBUF (Prop_ibuf_I_O)         1.454     1.454 f  rst_IBUF_inst/O
                         net (fo=53, routed)          2.800     4.253    U_NRZ_L/AR[0]
    SLICE_X4Y1           FDCE                                         f  U_NRZ_L/cycle_cnt_reg[4]/CLR
  -------------------------------------------------------------------    -------------------

                         (clock sys_clk_pin rise edge)
                                                      0.000     0.000 r  
    W5                                                0.000     0.000 r  clk (IN)
                         net (fo=0)                   0.000     0.000    clk
    W5                   IBUF (Prop_ibuf_I_O)         1.388     1.388 r  clk_IBUF_inst/O
                         net (fo=1, routed)           1.862     3.250    clk_IBUF
    BUFGCTRL_X0Y0        BUFG (Prop_bufg_I_O)         0.091     3.341 r  clk_IBUF_BUFG_inst/O
                         net (fo=34, routed)          1.518     4.859    U_NRZ_L/clk_IBUF_BUFG
    SLICE_X4Y1           FDCE                                         r  U_NRZ_L/cycle_cnt_reg[4]/C

Slack:                    inf
  Source:                 rst
                            (input port)
  Destination:            U_NRZ_L/cycle_cnt_reg[5]/CLR
                            (recovery check against rising-edge clock sys_clk_pin  {rise@0.000ns fall@5.000ns period=10.000ns})
  Path Group:             (none)
  Path Type:              Recovery (Max at Slow Process Corner)
  Data Path Delay:        4.124ns  (logic 1.454ns (35.255%)  route 2.670ns (64.745%))
  Logic Levels:           1  (IBUF=1)
  Clock Path Skew:        4.859ns (DCD - SCD + CPR)
    Destination Clock Delay (DCD):    4.859ns
    Source Clock Delay      (SCD):    0.000ns
    Clock Pessimism Removal (CPR):    0.000ns
  Clock Uncertainty:      0.025ns  ((TSJ^2 + TIJ^2)^1/2 + DJ) / 2 + PE
    Total System Jitter     (TSJ):    0.050ns
    Total Input Jitter      (TIJ):    0.000ns
    Discrete Jitter          (DJ):    0.000ns
    Phase Error              (PE):    0.000ns

    Location             Delay type                Incr(ns)  Path(ns)    Netlist Resource(s)
  -------------------------------------------------------------------    -------------------
    T18                                               0.000     0.000 f  rst (IN)
                         net (fo=0)                   0.000     0.000    rst
    T18                  IBUF (Prop_ibuf_I_O)         1.454     1.454 f  rst_IBUF_inst/O
                         net (fo=53, routed)          2.670     4.124    U_NRZ_L/AR[0]
    SLICE_X4Y2           FDCE                                         f  U_NRZ_L/cycle_cnt_reg[5]/CLR
  -------------------------------------------------------------------    -------------------

                         (clock sys_clk_pin rise edge)
                                                      0.000     0.000 r  
    W5                                                0.000     0.000 r  clk (IN)
                         net (fo=0)                   0.000     0.000    clk
    W5                   IBUF (Prop_ibuf_I_O)         1.388     1.388 r  clk_IBUF_inst/O
                         net (fo=1, routed)           1.862     3.250    clk_IBUF
    BUFGCTRL_X0Y0        BUFG (Prop_bufg_I_O)         0.091     3.341 r  clk_IBUF_BUFG_inst/O
                         net (fo=34, routed)          1.518     4.859    U_NRZ_L/clk_IBUF_BUFG
    SLICE_X4Y2           FDCE                                         r  U_NRZ_L/cycle_cnt_reg[5]/C

Slack:                    inf
  Source:                 rst
                            (input port)
  Destination:            U_NRZ_L/cycle_cnt_reg[6]/CLR
                            (recovery check against rising-edge clock sys_clk_pin  {rise@0.000ns fall@5.000ns period=10.000ns})
  Path Group:             (none)
  Path Type:              Recovery (Max at Slow Process Corner)
  Data Path Delay:        4.124ns  (logic 1.454ns (35.255%)  route 2.670ns (64.745%))
  Logic Levels:           1  (IBUF=1)
  Clock Path Skew:        4.859ns (DCD - SCD + CPR)
    Destination Clock Delay (DCD):    4.859ns
    Source Clock Delay      (SCD):    0.000ns
    Clock Pessimism Removal (CPR):    0.000ns
  Clock Uncertainty:      0.025ns  ((TSJ^2 + TIJ^2)^1/2 + DJ) / 2 + PE
    Total System Jitter     (TSJ):    0.050ns
    Total Input Jitter      (TIJ):    0.000ns
    Discrete Jitter          (DJ):    0.000ns
    Phase Error              (PE):    0.000ns

    Location             Delay type                Incr(ns)  Path(ns)    Netlist Resource(s)
  -------------------------------------------------------------------    -------------------
    T18                                               0.000     0.000 f  rst (IN)
                         net (fo=0)                   0.000     0.000    rst
    T18                  IBUF (Prop_ibuf_I_O)         1.454     1.454 f  rst_IBUF_inst/O
                         net (fo=53, routed)          2.670     4.124    U_NRZ_L/AR[0]
    SLICE_X4Y2           FDCE                                         f  U_NRZ_L/cycle_cnt_reg[6]/CLR
  -------------------------------------------------------------------    -------------------

                         (clock sys_clk_pin rise edge)
                                                      0.000     0.000 r  
    W5                                                0.000     0.000 r  clk (IN)
                         net (fo=0)                   0.000     0.000    clk
    W5                   IBUF (Prop_ibuf_I_O)         1.388     1.388 r  clk_IBUF_inst/O
                         net (fo=1, routed)           1.862     3.250    clk_IBUF
    BUFGCTRL_X0Y0        BUFG (Prop_bufg_I_O)         0.091     3.341 r  clk_IBUF_BUFG_inst/O
                         net (fo=34, routed)          1.518     4.859    U_NRZ_L/clk_IBUF_BUFG
    SLICE_X4Y2           FDCE                                         r  U_NRZ_L/cycle_cnt_reg[6]/C

Slack:                    inf
  Source:                 rst
                            (input port)
  Destination:            U_NRZ_L/cycle_cnt_reg[7]/CLR
                            (recovery check against rising-edge clock sys_clk_pin  {rise@0.000ns fall@5.000ns period=10.000ns})
  Path Group:             (none)
  Path Type:              Recovery (Max at Slow Process Corner)
  Data Path Delay:        4.124ns  (logic 1.454ns (35.255%)  route 2.670ns (64.745%))
  Logic Levels:           1  (IBUF=1)
  Clock Path Skew:        4.859ns (DCD - SCD + CPR)
    Destination Clock Delay (DCD):    4.859ns
    Source Clock Delay      (SCD):    0.000ns
    Clock Pessimism Removal (CPR):    0.000ns
  Clock Uncertainty:      0.025ns  ((TSJ^2 + TIJ^2)^1/2 + DJ) / 2 + PE
    Total System Jitter     (TSJ):    0.050ns
    Total Input Jitter      (TIJ):    0.000ns
    Discrete Jitter          (DJ):    0.000ns
    Phase Error              (PE):    0.000ns

    Location             Delay type                Incr(ns)  Path(ns)    Netlist Resource(s)
  -------------------------------------------------------------------    -------------------
    T18                                               0.000     0.000 f  rst (IN)
                         net (fo=0)                   0.000     0.000    rst
    T18                  IBUF (Prop_ibuf_I_O)         1.454     1.454 f  rst_IBUF_inst/O
                         net (fo=53, routed)          2.670     4.124    U_NRZ_L/AR[0]
    SLICE_X4Y2           FDCE                                         f  U_NRZ_L/cycle_cnt_reg[7]/CLR
  -------------------------------------------------------------------    -------------------

                         (clock sys_clk_pin rise edge)
                                                      0.000     0.000 r  
    W5                                                0.000     0.000 r  clk (IN)
                         net (fo=0)                   0.000     0.000    clk
    W5                   IBUF (Prop_ibuf_I_O)         1.388     1.388 r  clk_IBUF_inst/O
                         net (fo=1, routed)           1.862     3.250    clk_IBUF
    BUFGCTRL_X0Y0        BUFG (Prop_bufg_I_O)         0.091     3.341 r  clk_IBUF_BUFG_inst/O
                         net (fo=34, routed)          1.518     4.859    U_NRZ_L/clk_IBUF_BUFG
    SLICE_X4Y2           FDCE                                         r  U_NRZ_L/cycle_cnt_reg[7]/C

Slack:                    inf
  Source:                 rst
                            (input port)
  Destination:            U_NRZ_L/cycle_cnt_reg[8]/CLR
                            (recovery check against rising-edge clock sys_clk_pin  {rise@0.000ns fall@5.000ns period=10.000ns})
  Path Group:             (none)
  Path Type:              Recovery (Max at Slow Process Corner)
  Data Path Delay:        4.124ns  (logic 1.454ns (35.255%)  route 2.670ns (64.745%))
  Logic Levels:           1  (IBUF=1)
  Clock Path Skew:        4.859ns (DCD - SCD + CPR)
    Destination Clock Delay (DCD):    4.859ns
    Source Clock Delay      (SCD):    0.000ns
    Clock Pessimism Removal (CPR):    0.000ns
  Clock Uncertainty:      0.025ns  ((TSJ^2 + TIJ^2)^1/2 + DJ) / 2 + PE
    Total System Jitter     (TSJ):    0.050ns
    Total Input Jitter      (TIJ):    0.000ns
    Discrete Jitter          (DJ):    0.000ns
    Phase Error              (PE):    0.000ns

    Location             Delay type                Incr(ns)  Path(ns)    Netlist Resource(s)
  -------------------------------------------------------------------    -------------------
    T18                                               0.000     0.000 f  rst (IN)
                         net (fo=0)                   0.000     0.000    rst
    T18                  IBUF (Prop_ibuf_I_O)         1.454     1.454 f  rst_IBUF_inst/O
                         net (fo=53, routed)          2.670     4.124    U_NRZ_L/AR[0]
    SLICE_X4Y2           FDCE                                         f  U_NRZ_L/cycle_cnt_reg[8]/CLR
  -------------------------------------------------------------------    -------------------

                         (clock sys_clk_pin rise edge)
                                                      0.000     0.000 r  
    W5                                                0.000     0.000 r  clk (IN)
                         net (fo=0)                   0.000     0.000    clk
    W5                   IBUF (Prop_ibuf_I_O)         1.388     1.388 r  clk_IBUF_inst/O
                         net (fo=1, routed)           1.862     3.250    clk_IBUF
    BUFGCTRL_X0Y0        BUFG (Prop_bufg_I_O)         0.091     3.341 r  clk_IBUF_BUFG_inst/O
                         net (fo=34, routed)          1.518     4.859    U_NRZ_L/clk_IBUF_BUFG
    SLICE_X4Y2           FDCE                                         r  U_NRZ_L/cycle_cnt_reg[8]/C





Min Delay Paths
--------------------------------------------------------------------------------------
Slack:                    inf
  Source:                 rst
                            (input port)
  Destination:            U_NRZ_L/is_tx_reg/CLR
                            (removal check against rising-edge clock sys_clk_pin  {rise@0.000ns fall@5.000ns period=10.000ns})
  Path Group:             (none)
  Path Type:              Removal (Min at Fast Process Corner)
  Data Path Delay:        0.667ns  (logic 0.222ns (33.249%)  route 0.445ns (66.751%))
  Logic Levels:           1  (IBUF=1)
  Clock Path Skew:        1.992ns (DCD - SCD - CPR)
    Destination Clock Delay (DCD):    1.992ns
    Source Clock Delay      (SCD):    0.000ns
    Clock Pessimism Removal (CPR):    -0.000ns

    Location             Delay type                Incr(ns)  Path(ns)    Netlist Resource(s)
  -------------------------------------------------------------------    -------------------
    T18                                               0.000     0.000 f  rst (IN)
                         net (fo=0)                   0.000     0.000    rst
    T18                  IBUF (Prop_ibuf_I_O)         0.222     0.222 f  rst_IBUF_inst/O
                         net (fo=53, routed)          0.445     0.667    U_NRZ_L/AR[0]
    SLICE_X1Y9           FDCE                                         f  U_NRZ_L/is_tx_reg/CLR
  -------------------------------------------------------------------    -------------------

                         (clock sys_clk_pin rise edge)
                                                      0.000     0.000 r  
    W5                                                0.000     0.000 r  clk (IN)
                         net (fo=0)                   0.000     0.000    clk
    W5                   IBUF (Prop_ibuf_I_O)         0.414     0.414 r  clk_IBUF_inst/O
                         net (fo=1, routed)           0.685     1.099    clk_IBUF
    BUFGCTRL_X0Y0        BUFG (Prop_bufg_I_O)         0.029     1.128 r  clk_IBUF_BUFG_inst/O
                         net (fo=34, routed)          0.865     1.992    U_NRZ_L/clk_IBUF_BUFG
    SLICE_X1Y9           FDCE                                         r  U_NRZ_L/is_tx_reg/C

Slack:                    inf
  Source:                 rst
                            (input port)
  Destination:            U_NRZ_L/nrz_l_out_reg/CLR
                            (removal check against rising-edge clock sys_clk_pin  {rise@0.000ns fall@5.000ns period=10.000ns})
  Path Group:             (none)
  Path Type:              Removal (Min at Fast Process Corner)
  Data Path Delay:        0.667ns  (logic 0.222ns (33.249%)  route 0.445ns (66.751%))
  Logic Levels:           1  (IBUF=1)
  Clock Path Skew:        1.992ns (DCD - SCD - CPR)
    Destination Clock Delay (DCD):    1.992ns
    Source Clock Delay      (SCD):    0.000ns
    Clock Pessimism Removal (CPR):    -0.000ns

    Location             Delay type                Incr(ns)  Path(ns)    Netlist Resource(s)
  -------------------------------------------------------------------    -------------------
    T18                                               0.000     0.000 f  rst (IN)
                         net (fo=0)                   0.000     0.000    rst
    T18                  IBUF (Prop_ibuf_I_O)         0.222     0.222 f  rst_IBUF_inst/O
                         net (fo=53, routed)          0.445     0.667    U_NRZ_L/AR[0]
    SLICE_X1Y9           FDCE                                         f  U_NRZ_L/nrz_l_out_reg/CLR
  -------------------------------------------------------------------    -------------------

                         (clock sys_clk_pin rise edge)
                                                      0.000     0.000 r  
    W5                                                0.000     0.000 r  clk (IN)
                         net (fo=0)                   0.000     0.000    clk
    W5                   IBUF (Prop_ibuf_I_O)         0.414     0.414 r  clk_IBUF_inst/O
                         net (fo=1, routed)           0.685     1.099    clk_IBUF
    BUFGCTRL_X0Y0        BUFG (Prop_bufg_I_O)         0.029     1.128 r  clk_IBUF_BUFG_inst/O
                         net (fo=34, routed)          0.865     1.992    U_NRZ_L/clk_IBUF_BUFG
    SLICE_X1Y9           FDCE                                         r  U_NRZ_L/nrz_l_out_reg/C

Slack:                    inf
  Source:                 rst
                            (input port)
  Destination:            U_NRZ_L/bit_index_reg[0]/PRE
                            (removal check against rising-edge clock sys_clk_pin  {rise@0.000ns fall@5.000ns period=10.000ns})
  Path Group:             (none)
  Path Type:              Removal (Min at Fast Process Corner)
  Data Path Delay:        0.775ns  (logic 0.222ns (28.634%)  route 0.553ns (71.366%))
  Logic Levels:           1  (IBUF=1)
  Clock Path Skew:        1.992ns (DCD - SCD - CPR)
    Destination Clock Delay (DCD):    1.992ns
    Source Clock Delay      (SCD):    0.000ns
    Clock Pessimism Removal (CPR):    -0.000ns

    Location             Delay type                Incr(ns)  Path(ns)    Netlist Resource(s)
  -------------------------------------------------------------------    -------------------
    T18                                               0.000     0.000 f  rst (IN)
                         net (fo=0)                   0.000     0.000    rst
    T18                  IBUF (Prop_ibuf_I_O)         0.222     0.222 f  rst_IBUF_inst/O
                         net (fo=53, routed)          0.553     0.775    U_NRZ_L/AR[0]
    SLICE_X2Y9           FDPE                                         f  U_NRZ_L/bit_index_reg[0]/PRE
  -------------------------------------------------------------------    -------------------

                         (clock sys_clk_pin rise edge)
                                                      0.000     0.000 r  
    W5                                                0.000     0.000 r  clk (IN)
                         net (fo=0)                   0.000     0.000    clk
    W5                   IBUF (Prop_ibuf_I_O)         0.414     0.414 r  clk_IBUF_inst/O
                         net (fo=1, routed)           0.685     1.099    clk_IBUF
    BUFGCTRL_X0Y0        BUFG (Prop_bufg_I_O)         0.029     1.128 r  clk_IBUF_BUFG_inst/O
                         net (fo=34, routed)          0.865     1.992    U_NRZ_L/clk_IBUF_BUFG
    SLICE_X2Y9           FDPE                                         r  U_NRZ_L/bit_index_reg[0]/C

Slack:                    inf
  Source:                 rst
                            (input port)
  Destination:            U_NRZ_L/bit_index_reg[1]/PRE
                            (removal check against rising-edge clock sys_clk_pin  {rise@0.000ns fall@5.000ns period=10.000ns})
  Path Group:             (none)
  Path Type:              Removal (Min at Fast Process Corner)
  Data Path Delay:        0.775ns  (logic 0.222ns (28.634%)  route 0.553ns (71.366%))
  Logic Levels:           1  (IBUF=1)
  Clock Path Skew:        1.992ns (DCD - SCD - CPR)
    Destination Clock Delay (DCD):    1.992ns
    Source Clock Delay      (SCD):    0.000ns
    Clock Pessimism Removal (CPR):    -0.000ns

    Location             Delay type                Incr(ns)  Path(ns)    Netlist Resource(s)
  -------------------------------------------------------------------    -------------------
    T18                                               0.000     0.000 f  rst (IN)
                         net (fo=0)                   0.000     0.000    rst
    T18                  IBUF (Prop_ibuf_I_O)         0.222     0.222 f  rst_IBUF_inst/O
                         net (fo=53, routed)          0.553     0.775    U_NRZ_L/AR[0]
    SLICE_X2Y9           FDPE                                         f  U_NRZ_L/bit_index_reg[1]/PRE
  -------------------------------------------------------------------    -------------------

                         (clock sys_clk_pin rise edge)
                                                      0.000     0.000 r  
    W5                                                0.000     0.000 r  clk (IN)
                         net (fo=0)                   0.000     0.000    clk
    W5                   IBUF (Prop_ibuf_I_O)         0.414     0.414 r  clk_IBUF_inst/O
                         net (fo=1, routed)           0.685     1.099    clk_IBUF
    BUFGCTRL_X0Y0        BUFG (Prop_bufg_I_O)         0.029     1.128 r  clk_IBUF_BUFG_inst/O
                         net (fo=34, routed)          0.865     1.992    U_NRZ_L/clk_IBUF_BUFG
    SLICE_X2Y9           FDPE                                         r  U_NRZ_L/bit_index_reg[1]/C

Slack:                    inf
  Source:                 rst
                            (input port)
  Destination:            U_NRZ_L/bit_index_reg[2]/PRE
                            (removal check against rising-edge clock sys_clk_pin  {rise@0.000ns fall@5.000ns period=10.000ns})
  Path Group:             (none)
  Path Type:              Removal (Min at Fast Process Corner)
  Data Path Delay:        0.775ns  (logic 0.222ns (28.634%)  route 0.553ns (71.366%))
  Logic Levels:           1  (IBUF=1)
  Clock Path Skew:        1.992ns (DCD - SCD - CPR)
    Destination Clock Delay (DCD):    1.992ns
    Source Clock Delay      (SCD):    0.000ns
    Clock Pessimism Removal (CPR):    -0.000ns

    Location             Delay type                Incr(ns)  Path(ns)    Netlist Resource(s)
  -------------------------------------------------------------------    -------------------
    T18                                               0.000     0.000 f  rst (IN)
                         net (fo=0)                   0.000     0.000    rst
    T18                  IBUF (Prop_ibuf_I_O)         0.222     0.222 f  rst_IBUF_inst/O
                         net (fo=53, routed)          0.553     0.775    U_NRZ_L/AR[0]
    SLICE_X2Y9           FDPE                                         f  U_NRZ_L/bit_index_reg[2]/PRE
  -------------------------------------------------------------------    -------------------

                         (clock sys_clk_pin rise edge)
                                                      0.000     0.000 r  
    W5                                                0.000     0.000 r  clk (IN)
                         net (fo=0)                   0.000     0.000    clk
    W5                   IBUF (Prop_ibuf_I_O)         0.414     0.414 r  clk_IBUF_inst/O
                         net (fo=1, routed)           0.685     1.099    clk_IBUF
    BUFGCTRL_X0Y0        BUFG (Prop_bufg_I_O)         0.029     1.128 r  clk_IBUF_BUFG_inst/O
                         net (fo=34, routed)          0.865     1.992    U_NRZ_L/clk_IBUF_BUFG
    SLICE_X2Y9           FDPE                                         r  U_NRZ_L/bit_index_reg[2]/C

Slack:                    inf
  Source:                 rst
                            (input port)
  Destination:            U_NRZ_L/bit_index_reg[3]/PRE
                            (removal check against rising-edge clock sys_clk_pin  {rise@0.000ns fall@5.000ns period=10.000ns})
  Path Group:             (none)
  Path Type:              Removal (Min at Fast Process Corner)
  Data Path Delay:        0.775ns  (logic 0.222ns (28.634%)  route 0.553ns (71.366%))
  Logic Levels:           1  (IBUF=1)
  Clock Path Skew:        1.992ns (DCD - SCD - CPR)
    Destination Clock Delay (DCD):    1.992ns
    Source Clock Delay      (SCD):    0.000ns
    Clock Pessimism Removal (CPR):    -0.000ns

    Location             Delay type                Incr(ns)  Path(ns)    Netlist Resource(s)
  -------------------------------------------------------------------    -------------------
    T18                                               0.000     0.000 f  rst (IN)
                         net (fo=0)                   0.000     0.000    rst
    T18                  IBUF (Prop_ibuf_I_O)         0.222     0.222 f  rst_IBUF_inst/O
                         net (fo=53, routed)          0.553     0.775    U_NRZ_L/AR[0]
    SLICE_X2Y9           FDPE                                         f  U_NRZ_L/bit_index_reg[3]/PRE
  -------------------------------------------------------------------    -------------------

                         (clock sys_clk_pin rise edge)
                                                      0.000     0.000 r  
    W5                                                0.000     0.000 r  clk (IN)
                         net (fo=0)                   0.000     0.000    clk
    W5                   IBUF (Prop_ibuf_I_O)         0.414     0.414 r  clk_IBUF_inst/O
                         net (fo=1, routed)           0.685     1.099    clk_IBUF
    BUFGCTRL_X0Y0        BUFG (Prop_bufg_I_O)         0.029     1.128 r  clk_IBUF_BUFG_inst/O
                         net (fo=34, routed)          0.865     1.992    U_NRZ_L/clk_IBUF_BUFG
    SLICE_X2Y9           FDPE                                         r  U_NRZ_L/bit_index_reg[3]/C

Slack:                    inf
  Source:                 enable
                            (input port)
  Destination:            U_NRZ_L/nrz_l_out_reg/D
                            (rising edge-triggered cell FDCE clocked by sys_clk_pin  {rise@0.000ns fall@5.000ns period=10.000ns})
  Path Group:             (none)
  Path Type:              Hold (Min at Fast Process Corner)
  Data Path Delay:        0.779ns  (logic 0.255ns (32.686%)  route 0.524ns (67.314%))
  Logic Levels:           2  (IBUF=1 LUT6=1)
  Clock Path Skew:        1.992ns (DCD - SCD - CPR)
    Destination Clock Delay (DCD):    1.992ns
    Source Clock Delay      (SCD):    0.000ns
    Clock Pessimism Removal (CPR):    -0.000ns

    Location             Delay type                Incr(ns)  Path(ns)    Netlist Resource(s)
  -------------------------------------------------------------------    -------------------
    U18                                               0.000     0.000 r  enable (IN)
                         net (fo=0)                   0.000     0.000    enable
    U18                  IBUF (Prop_ibuf_I_O)         0.210     0.210 r  enable_IBUF_inst/O
                         net (fo=4, routed)           0.524     0.734    U_NRZ_L/enable_IBUF
    SLICE_X1Y9           LUT6 (Prop_lut6_I4_O)        0.045     0.779 r  U_NRZ_L/nrz_l_out_i_1/O
                         net (fo=1, routed)           0.000     0.779    U_NRZ_L/nrz_l_out_i_1_n_0
    SLICE_X1Y9           FDCE                                         r  U_NRZ_L/nrz_l_out_reg/D
  -------------------------------------------------------------------    -------------------

                         (clock sys_clk_pin rise edge)
                                                      0.000     0.000 r  
    W5                                                0.000     0.000 r  clk (IN)
                         net (fo=0)                   0.000     0.000    clk
    W5                   IBUF (Prop_ibuf_I_O)         0.414     0.414 r  clk_IBUF_inst/O
                         net (fo=1, routed)           0.685     1.099    clk_IBUF
    BUFGCTRL_X0Y0        BUFG (Prop_bufg_I_O)         0.029     1.128 r  clk_IBUF_BUFG_inst/O
                         net (fo=34, routed)          0.865     1.992    U_NRZ_L/clk_IBUF_BUFG
    SLICE_X1Y9           FDCE                                         r  U_NRZ_L/nrz_l_out_reg/C

Slack:                    inf
  Source:                 enable
                            (input port)
  Destination:            U_NRZ_L/is_tx_reg/D
                            (rising edge-triggered cell FDCE clocked by sys_clk_pin  {rise@0.000ns fall@5.000ns period=10.000ns})
  Path Group:             (none)
  Path Type:              Hold (Min at Fast Process Corner)
  Data Path Delay:        0.889ns  (logic 0.255ns (28.624%)  route 0.635ns (71.376%))
  Logic Levels:           2  (IBUF=1 LUT6=1)
  Clock Path Skew:        1.992ns (DCD - SCD - CPR)
    Destination Clock Delay (DCD):    1.992ns
    Source Clock Delay      (SCD):    0.000ns
    Clock Pessimism Removal (CPR):    -0.000ns

    Location             Delay type                Incr(ns)  Path(ns)    Netlist Resource(s)
  -------------------------------------------------------------------    -------------------
    U18                                               0.000     0.000 r  enable (IN)
                         net (fo=0)                   0.000     0.000    enable
    U18                  IBUF (Prop_ibuf_I_O)         0.210     0.210 r  enable_IBUF_inst/O
                         net (fo=4, routed)           0.635     0.844    U_NRZ_L/enable_IBUF
    SLICE_X1Y9           LUT6 (Prop_lut6_I5_O)        0.045     0.889 r  U_NRZ_L/is_tx_i_1/O
                         net (fo=1, routed)           0.000     0.889    U_NRZ_L/is_tx_i_1_n_0
    SLICE_X1Y9           FDCE                                         r  U_NRZ_L/is_tx_reg/D
  -------------------------------------------------------------------    -------------------

                         (clock sys_clk_pin rise edge)
                                                      0.000     0.000 r  
    W5                                                0.000     0.000 r  clk (IN)
                         net (fo=0)                   0.000     0.000    clk
    W5                   IBUF (Prop_ibuf_I_O)         0.414     0.414 r  clk_IBUF_inst/O
                         net (fo=1, routed)           0.685     1.099    clk_IBUF
    BUFGCTRL_X0Y0        BUFG (Prop_bufg_I_O)         0.029     1.128 r  clk_IBUF_BUFG_inst/O
                         net (fo=34, routed)          0.865     1.992    U_NRZ_L/clk_IBUF_BUFG
    SLICE_X1Y9           FDCE                                         r  U_NRZ_L/is_tx_reg/C

Slack:                    inf
  Source:                 rst
                            (input port)
  Destination:            U_NRZ_L/cycle_cnt_reg[21]/CLR
                            (removal check against rising-edge clock sys_clk_pin  {rise@0.000ns fall@5.000ns period=10.000ns})
  Path Group:             (none)
  Path Type:              Removal (Min at Fast Process Corner)
  Data Path Delay:        0.901ns  (logic 0.222ns (24.631%)  route 0.679ns (75.369%))
  Logic Levels:           1  (IBUF=1)
  Clock Path Skew:        1.991ns (DCD - SCD - CPR)
    Destination Clock Delay (DCD):    1.991ns
    Source Clock Delay      (SCD):    0.000ns
    Clock Pessimism Removal (CPR):    -0.000ns

    Location             Delay type                Incr(ns)  Path(ns)    Netlist Resource(s)
  -------------------------------------------------------------------    -------------------
    T18                                               0.000     0.000 f  rst (IN)
                         net (fo=0)                   0.000     0.000    rst
    T18                  IBUF (Prop_ibuf_I_O)         0.222     0.222 f  rst_IBUF_inst/O
                         net (fo=53, routed)          0.679     0.901    U_NRZ_L/AR[0]
    SLICE_X4Y6           FDCE                                         f  U_NRZ_L/cycle_cnt_reg[21]/CLR
  -------------------------------------------------------------------    -------------------

                         (clock sys_clk_pin rise edge)
                                                      0.000     0.000 r  
    W5                                                0.000     0.000 r  clk (IN)
                         net (fo=0)                   0.000     0.000    clk
    W5                   IBUF (Prop_ibuf_I_O)         0.414     0.414 r  clk_IBUF_inst/O
                         net (fo=1, routed)           0.685     1.099    clk_IBUF
    BUFGCTRL_X0Y0        BUFG (Prop_bufg_I_O)         0.029     1.128 r  clk_IBUF_BUFG_inst/O
                         net (fo=34, routed)          0.864     1.991    U_NRZ_L/clk_IBUF_BUFG
    SLICE_X4Y6           FDCE                                         r  U_NRZ_L/cycle_cnt_reg[21]/C

Slack:                    inf
  Source:                 rst
                            (input port)
  Destination:            U_NRZ_L/cycle_cnt_reg[22]/CLR
                            (removal check against rising-edge clock sys_clk_pin  {rise@0.000ns fall@5.000ns period=10.000ns})
  Path Group:             (none)
  Path Type:              Removal (Min at Fast Process Corner)
  Data Path Delay:        0.901ns  (logic 0.222ns (24.631%)  route 0.679ns (75.369%))
  Logic Levels:           1  (IBUF=1)
  Clock Path Skew:        1.991ns (DCD - SCD - CPR)
    Destination Clock Delay (DCD):    1.991ns
    Source Clock Delay      (SCD):    0.000ns
    Clock Pessimism Removal (CPR):    -0.000ns

    Location             Delay type                Incr(ns)  Path(ns)    Netlist Resource(s)
  -------------------------------------------------------------------    -------------------
    T18                                               0.000     0.000 f  rst (IN)
                         net (fo=0)                   0.000     0.000    rst
    T18                  IBUF (Prop_ibuf_I_O)         0.222     0.222 f  rst_IBUF_inst/O
                         net (fo=53, routed)          0.679     0.901    U_NRZ_L/AR[0]
    SLICE_X4Y6           FDCE                                         f  U_NRZ_L/cycle_cnt_reg[22]/CLR
  -------------------------------------------------------------------    -------------------

                         (clock sys_clk_pin rise edge)
                                                      0.000     0.000 r  
    W5                                                0.000     0.000 r  clk (IN)
                         net (fo=0)                   0.000     0.000    clk
    W5                   IBUF (Prop_ibuf_I_O)         0.414     0.414 r  clk_IBUF_inst/O
                         net (fo=1, routed)           0.685     1.099    clk_IBUF
    BUFGCTRL_X0Y0        BUFG (Prop_bufg_I_O)         0.029     1.128 r  clk_IBUF_BUFG_inst/O
                         net (fo=34, routed)          0.864     1.991    U_NRZ_L/clk_IBUF_BUFG
    SLICE_X4Y6           FDCE                                         r  U_NRZ_L/cycle_cnt_reg[22]/C





