Copyright 1986-2022 Xilinx, Inc. All Rights Reserved. Copyright 2022-2025 Advanced Micro Devices, Inc. All Rights Reserved.
---------------------------------------------------------------------------------------------------------------------------------------------------------------------------------------------------------------------------------
| Tool Version : Vivado v.2025.2 (win64) Build 6299465 Fri Nov 14 19:35:11 GMT 2025
| Date         : Fri May 22 21:35:23 2026
| Host         : CE-LAB6936 running 64-bit major release  (build 9200)
| Command      : report_timing_summary -max_paths 10 -routable_nets -report_unconstrained -file vga_top_timing_summary_routed.rpt -pb vga_top_timing_summary_routed.pb -rpx vga_top_timing_summary_routed.rpx -warn_on_violation
| Design       : vga_top
| Device       : 7a35t-cpg236
| Speed File   : -1  PRODUCTION 1.23 2018-06-13
| Design State : Routed
---------------------------------------------------------------------------------------------------------------------------------------------------------------------------------------------------------------------------------

Timing Summary Report

------------------------------------------------------------------------------------------------
| Timer Settings
| --------------
------------------------------------------------------------------------------------------------

  Enable Multi Corner Analysis               :  Yes
  Enable Pessimism Removal                   :  Yes
  Pessimism Removal Resolution               :  Nearest Common Node
  Enable Input Delay Default Clock           :  No
  Enable Preset / Clear Arcs                 :  No
  Disable Flight Delays                      :  No
  Ignore I/O Paths                           :  No
  Timing Early Launch at Borrowing Latches   :  No
  Borrow Time for Max Delay Exceptions       :  Yes
  Merge Timing Exceptions                    :  Yes
  Inter-SLR Compensation                     :  Conservative

  Corner  Analyze    Analyze    
  Name    Max Paths  Min Paths  
  ------  ---------  ---------  
  Slow    Yes        Yes        
  Fast    Yes        Yes        


------------------------------------------------------------------------------------------------
| Report Methodology
| ------------------
------------------------------------------------------------------------------------------------

Rule       Severity          Description                    Violations  
---------  ----------------  -----------------------------  ----------  
TIMING-17  Critical Warning  Non-clocked sequential cell    22          
TIMING-18  Warning           Missing input or output delay  31          

Note: This report is based on the most recent report_methodology run and may not be up-to-date. Run report_methodology on the current design for the latest report.



check_timing report

Table of Contents
-----------------
1. checking no_clock (22)
2. checking constant_clock (0)
3. checking pulse_width_clock (0)
4. checking unconstrained_internal_endpoints (54)
5. checking no_input_delay (18)
6. checking no_output_delay (12)
7. checking multiple_clock (0)
8. checking generated_clocks (0)
9. checking loops (0)
10. checking partial_input_delay (0)
11. checking partial_output_delay (0)
12. checking latch_loops (0)

1. checking no_clock (22)
-------------------------
 There are 22 register/latch pins with no clock driven by root clock pin: clk_25_reg/Q (HIGH)


2. checking constant_clock (0)
------------------------------
 There are 0 register/latch pins with constant_clock.


3. checking pulse_width_clock (0)
---------------------------------
 There are 0 register/latch pins which need pulse_width check


4. checking unconstrained_internal_endpoints (54)
-------------------------------------------------
 There are 54 pins that are not constrained for maximum delay. (HIGH)

 There are 0 pins that are not constrained for maximum delay due to constant clock.


5. checking no_input_delay (18)
-------------------------------
 There are 18 input ports with no input delay specified. (HIGH)

 There are 0 input ports with no input delay but user has a false path constraint.


6. checking no_output_delay (12)
--------------------------------
 There are 12 ports with no output delay specified. (HIGH)

 There are 0 ports with no output delay but user has a false path constraint

 There are 0 ports with no output delay but with a timing clock defined on it or propagating through it


7. checking multiple_clock (0)
------------------------------
 There are 0 register/latch pins with multiple clocks.


8. checking generated_clocks (0)
--------------------------------
 There are 0 generated clocks that are not connected to a clock source.


9. checking loops (0)
---------------------
 There are 0 combinational loops in the design.


10. checking partial_input_delay (0)
------------------------------------
 There are 0 input ports with partial input delay specified.


11. checking partial_output_delay (0)
-------------------------------------
 There are 0 ports with partial output delay specified.


12. checking latch_loops (0)
----------------------------
 There are 0 combinational latch loops in the design through latch input



------------------------------------------------------------------------------------------------
| Design Timing Summary
| ---------------------
------------------------------------------------------------------------------------------------

    WNS(ns)      TNS(ns)  TNS Failing Endpoints  TNS Total Endpoints      WHS(ns)      THS(ns)  THS Failing Endpoints  THS Total Endpoints     WPWS(ns)     TPWS(ns)  TPWS Failing Endpoints  TPWS Total Endpoints  
    -------      -------  ---------------------  -------------------      -------      -------  ---------------------  -------------------     --------     --------  ----------------------  --------------------  
      4.595        0.000                      0                   67        0.250        0.000                      0                   67        4.500        0.000                       0                    38  


All user specified timing constraints are met.


------------------------------------------------------------------------------------------------
| Clock Summary
| -------------
------------------------------------------------------------------------------------------------

Clock        Waveform(ns)       Period(ns)      Frequency(MHz)
-----        ------------       ----------      --------------
sys_clk_pin  {0.000 5.000}      10.000          100.000         


------------------------------------------------------------------------------------------------
| Intra Clock Table
| -----------------
------------------------------------------------------------------------------------------------

Clock             WNS(ns)      TNS(ns)  TNS Failing Endpoints  TNS Total Endpoints      WHS(ns)      THS(ns)  THS Failing Endpoints  THS Total Endpoints     WPWS(ns)     TPWS(ns)  TPWS Failing Endpoints  TPWS Total Endpoints  
-----             -------      -------  ---------------------  -------------------      -------      -------  ---------------------  -------------------     --------     --------  ----------------------  --------------------  
sys_clk_pin         4.595        0.000                      0                   67        0.250        0.000                      0                   67        4.500        0.000                       0                    38  


------------------------------------------------------------------------------------------------
| Inter Clock Table
| -----------------
------------------------------------------------------------------------------------------------

From Clock    To Clock          WNS(ns)      TNS(ns)  TNS Failing Endpoints  TNS Total Endpoints      WHS(ns)      THS(ns)  THS Failing Endpoints  THS Total Endpoints  
----------    --------          -------      -------  ---------------------  -------------------      -------      -------  ---------------------  -------------------  


------------------------------------------------------------------------------------------------
| Other Path Groups Table
| -----------------------
------------------------------------------------------------------------------------------------

Path Group    From Clock    To Clock          WNS(ns)      TNS(ns)  TNS Failing Endpoints  TNS Total Endpoints      WHS(ns)      THS(ns)  THS Failing Endpoints  THS Total Endpoints  
----------    ----------    --------          -------      -------  ---------------------  -------------------      -------      -------  ---------------------  -------------------  


------------------------------------------------------------------------------------------------
| User Ignored Path Table
| -----------------------
------------------------------------------------------------------------------------------------

Path Group    From Clock    To Clock    
----------    ----------    --------    


------------------------------------------------------------------------------------------------
| Unconstrained Path Table
| ------------------------
------------------------------------------------------------------------------------------------

Path Group    From Clock    To Clock    
----------    ----------    --------    
(none)                                    
(none)        sys_clk_pin                 
(none)                      sys_clk_pin   


------------------------------------------------------------------------------------------------
| Timing Details
| --------------
------------------------------------------------------------------------------------------------


---------------------------------------------------------------------------------------------------
From Clock:  sys_clk_pin
  To Clock:  sys_clk_pin

Setup :            0  Failing Endpoints,  Worst Slack        4.595ns,  Total Violation        0.000ns
Hold  :            0  Failing Endpoints,  Worst Slack        0.250ns,  Total Violation        0.000ns
PW    :            0  Failing Endpoints,  Worst Slack        4.500ns,  Total Violation        0.000ns
---------------------------------------------------------------------------------------------------


Max Delay Paths
--------------------------------------------------------------------------------------
Slack (MET) :             4.595ns  (required time - arrival time)
  Source:                 U_NRZ_I/bit_index_reg[0]/C
                            (rising edge-triggered cell FDPE clocked by sys_clk_pin  {rise@0.000ns fall@5.000ns period=10.000ns})
  Destination:            U_NRZ_I/current_level_reg/D
                            (rising edge-triggered cell FDCE clocked by sys_clk_pin  {rise@0.000ns fall@5.000ns period=10.000ns})
  Path Group:             sys_clk_pin
  Path Type:              Setup (Max at Slow Process Corner)
  Requirement:            10.000ns  (sys_clk_pin rise@10.000ns - sys_clk_pin rise@0.000ns)
  Data Path Delay:        5.374ns  (logic 0.828ns (15.408%)  route 4.546ns (84.592%))
  Logic Levels:           3  (LUT6=3)
  Clock Path Skew:        -0.025ns (DCD - SCD + CPR)
    Destination Clock Delay (DCD):    4.856ns = ( 14.856 - 10.000 ) 
    Source Clock Delay      (SCD):    5.154ns
    Clock Pessimism Removal (CPR):    0.273ns
  Clock Uncertainty:      0.035ns  ((TSJ^2 + TIJ^2)^1/2 + DJ) / 2 + PE
    Total System Jitter     (TSJ):    0.071ns
    Total Input Jitter      (TIJ):    0.000ns
    Discrete Jitter          (DJ):    0.000ns
    Phase Error              (PE):    0.000ns

    Location             Delay type                Incr(ns)  Path(ns)    Netlist Resource(s)
  -------------------------------------------------------------------    -------------------
                         (clock sys_clk_pin rise edge)
                                                      0.000     0.000 r  
    W5                                                0.000     0.000 r  clk (IN)
                         net (fo=0)                   0.000     0.000    clk
    W5                   IBUF (Prop_ibuf_I_O)         1.458     1.458 r  clk_IBUF_inst/O
                         net (fo=1, routed)           1.967     3.425    clk_IBUF
    BUFGCTRL_X0Y0        BUFG (Prop_bufg_I_O)         0.096     3.521 r  clk_IBUF_BUFG_inst/O
                         net (fo=37, routed)          1.633     5.154    U_NRZ_I/CLK
    SLICE_X4Y40          FDPE                                         r  U_NRZ_I/bit_index_reg[0]/C
  -------------------------------------------------------------------    -------------------
    SLICE_X4Y40          FDPE (Prop_fdpe_C_Q)         0.456     5.610 r  U_NRZ_I/bit_index_reg[0]/Q
                         net (fo=11, routed)          1.996     7.606    U_NRZ_I/bit_index_reg[0]
    SLICE_X0Y12          LUT6 (Prop_lut6_I3_O)        0.124     7.730 r  U_NRZ_I/current_level_i_13/O
                         net (fo=1, routed)           1.971     9.701    U_NRZ_I/current_level_i_13_n_0
    SLICE_X3Y39          LUT6 (Prop_lut6_I5_O)        0.124     9.825 r  U_NRZ_I/current_level_i_4/O
                         net (fo=1, routed)           0.579    10.404    U_NRZ_I/current_level_i_4_n_0
    SLICE_X5Y39          LUT6 (Prop_lut6_I3_O)        0.124    10.528 r  U_NRZ_I/current_level_i_1/O
                         net (fo=1, routed)           0.000    10.528    U_NRZ_I/current_level_i_1_n_0
    SLICE_X5Y39          FDCE                                         r  U_NRZ_I/current_level_reg/D
  -------------------------------------------------------------------    -------------------

                         (clock sys_clk_pin rise edge)
                                                     10.000    10.000 r  
    W5                                                0.000    10.000 r  clk (IN)
                         net (fo=0)                   0.000    10.000    clk
    W5                   IBUF (Prop_ibuf_I_O)         1.388    11.388 r  clk_IBUF_inst/O
                         net (fo=1, routed)           1.862    13.250    clk_IBUF
    BUFGCTRL_X0Y0        BUFG (Prop_bufg_I_O)         0.091    13.341 r  clk_IBUF_BUFG_inst/O
                         net (fo=37, routed)          1.515    14.856    U_NRZ_I/CLK
    SLICE_X5Y39          FDCE                                         r  U_NRZ_I/current_level_reg/C
                         clock pessimism              0.273    15.129    
                         clock uncertainty           -0.035    15.094    
    SLICE_X5Y39          FDCE (Setup_fdce_C_D)        0.029    15.123    U_NRZ_I/current_level_reg
  -------------------------------------------------------------------
                         required time                         15.123    
                         arrival time                         -10.528    
  -------------------------------------------------------------------
                         slack                                  4.595    

Slack (MET) :             5.701ns  (required time - arrival time)
  Source:                 U_NRZ_I/cycle_cnt_reg[20]/C
                            (rising edge-triggered cell FDCE clocked by sys_clk_pin  {rise@0.000ns fall@5.000ns period=10.000ns})
  Destination:            U_NRZ_I/bit_index_reg[1]/CE
                            (rising edge-triggered cell FDPE clocked by sys_clk_pin  {rise@0.000ns fall@5.000ns period=10.000ns})
  Path Group:             sys_clk_pin
  Path Type:              Setup (Max at Slow Process Corner)
  Requirement:            10.000ns  (sys_clk_pin rise@10.000ns - sys_clk_pin rise@0.000ns)
  Data Path Delay:        4.033ns  (logic 1.058ns (26.235%)  route 2.975ns (73.765%))
  Logic Levels:           3  (LUT5=1 LUT6=2)
  Clock Path Skew:        -0.026ns (DCD - SCD + CPR)
    Destination Clock Delay (DCD):    4.856ns = ( 14.856 - 10.000 ) 
    Source Clock Delay      (SCD):    5.155ns
    Clock Pessimism Removal (CPR):    0.273ns
  Clock Uncertainty:      0.035ns  ((TSJ^2 + TIJ^2)^1/2 + DJ) / 2 + PE
    Total System Jitter     (TSJ):    0.071ns
    Total Input Jitter      (TIJ):    0.000ns
    Discrete Jitter          (DJ):    0.000ns
    Phase Error              (PE):    0.000ns

    Location             Delay type                Incr(ns)  Path(ns)    Netlist Resource(s)
  -------------------------------------------------------------------    -------------------
                         (clock sys_clk_pin rise edge)
                                                      0.000     0.000 r  
    W5                                                0.000     0.000 r  clk (IN)
                         net (fo=0)                   0.000     0.000    clk
    W5                   IBUF (Prop_ibuf_I_O)         1.458     1.458 r  clk_IBUF_inst/O
                         net (fo=1, routed)           1.967     3.425    clk_IBUF
    BUFGCTRL_X0Y0        BUFG (Prop_bufg_I_O)         0.096     3.521 r  clk_IBUF_BUFG_inst/O
                         net (fo=37, routed)          1.634     5.155    U_NRZ_I/CLK
    SLICE_X5Y41          FDCE                                         r  U_NRZ_I/cycle_cnt_reg[20]/C
  -------------------------------------------------------------------    -------------------
    SLICE_X5Y41          FDCE (Prop_fdce_C_Q)         0.456     5.611 r  U_NRZ_I/cycle_cnt_reg[20]/Q
                         net (fo=2, routed)           0.961     6.573    U_NRZ_I/cycle_cnt[20]
    SLICE_X5Y39          LUT6 (Prop_lut6_I3_O)        0.124     6.697 f  U_NRZ_I/cycle_cnt[25]_i_8/O
                         net (fo=2, routed)           0.824     7.521    U_NRZ_I/cycle_cnt[25]_i_8_n_0
    SLICE_X7Y38          LUT5 (Prop_lut5_I4_O)        0.152     7.673 f  U_NRZ_I/cycle_cnt[25]_i_5/O
                         net (fo=27, routed)          0.659     8.331    U_NRZ_I/cycle_cnt[25]_i_5_n_0
    SLICE_X5Y40          LUT6 (Prop_lut6_I2_O)        0.326     8.657 r  U_NRZ_I/bit_index[3]_i_1/O
                         net (fo=4, routed)           0.531     9.188    U_NRZ_I/bit_index[3]_i_1_n_0
    SLICE_X4Y39          FDPE                                         r  U_NRZ_I/bit_index_reg[1]/CE
  -------------------------------------------------------------------    -------------------

                         (clock sys_clk_pin rise edge)
                                                     10.000    10.000 r  
    W5                                                0.000    10.000 r  clk (IN)
                         net (fo=0)                   0.000    10.000    clk
    W5                   IBUF (Prop_ibuf_I_O)         1.388    11.388 r  clk_IBUF_inst/O
                         net (fo=1, routed)           1.862    13.250    clk_IBUF
    BUFGCTRL_X0Y0        BUFG (Prop_bufg_I_O)         0.091    13.341 r  clk_IBUF_BUFG_inst/O
                         net (fo=37, routed)          1.515    14.856    U_NRZ_I/CLK
    SLICE_X4Y39          FDPE                                         r  U_NRZ_I/bit_index_reg[1]/C
                         clock pessimism              0.273    15.129    
                         clock uncertainty           -0.035    15.094    
    SLICE_X4Y39          FDPE (Setup_fdpe_C_CE)      -0.205    14.889    U_NRZ_I/bit_index_reg[1]
  -------------------------------------------------------------------
                         required time                         14.889    
                         arrival time                          -9.188    
  -------------------------------------------------------------------
                         slack                                  5.701    

Slack (MET) :             5.701ns  (required time - arrival time)
  Source:                 U_NRZ_I/cycle_cnt_reg[20]/C
                            (rising edge-triggered cell FDCE clocked by sys_clk_pin  {rise@0.000ns fall@5.000ns period=10.000ns})
  Destination:            U_NRZ_I/bit_index_reg[2]/CE
                            (rising edge-triggered cell FDPE clocked by sys_clk_pin  {rise@0.000ns fall@5.000ns period=10.000ns})
  Path Group:             sys_clk_pin
  Path Type:              Setup (Max at Slow Process Corner)
  Requirement:            10.000ns  (sys_clk_pin rise@10.000ns - sys_clk_pin rise@0.000ns)
  Data Path Delay:        4.033ns  (logic 1.058ns (26.235%)  route 2.975ns (73.765%))
  Logic Levels:           3  (LUT5=1 LUT6=2)
  Clock Path Skew:        -0.026ns (DCD - SCD + CPR)
    Destination Clock Delay (DCD):    4.856ns = ( 14.856 - 10.000 ) 
    Source Clock Delay      (SCD):    5.155ns
    Clock Pessimism Removal (CPR):    0.273ns
  Clock Uncertainty:      0.035ns  ((TSJ^2 + TIJ^2)^1/2 + DJ) / 2 + PE
    Total System Jitter     (TSJ):    0.071ns
    Total Input Jitter      (TIJ):    0.000ns
    Discrete Jitter          (DJ):    0.000ns
    Phase Error              (PE):    0.000ns

    Location             Delay type                Incr(ns)  Path(ns)    Netlist Resource(s)
  -------------------------------------------------------------------    -------------------
                         (clock sys_clk_pin rise edge)
                                                      0.000     0.000 r  
    W5                                                0.000     0.000 r  clk (IN)
                         net (fo=0)                   0.000     0.000    clk
    W5                   IBUF (Prop_ibuf_I_O)         1.458     1.458 r  clk_IBUF_inst/O
                         net (fo=1, routed)           1.967     3.425    clk_IBUF
    BUFGCTRL_X0Y0        BUFG (Prop_bufg_I_O)         0.096     3.521 r  clk_IBUF_BUFG_inst/O
                         net (fo=37, routed)          1.634     5.155    U_NRZ_I/CLK
    SLICE_X5Y41          FDCE                                         r  U_NRZ_I/cycle_cnt_reg[20]/C
  -------------------------------------------------------------------    -------------------
    SLICE_X5Y41          FDCE (Prop_fdce_C_Q)         0.456     5.611 r  U_NRZ_I/cycle_cnt_reg[20]/Q
                         net (fo=2, routed)           0.961     6.573    U_NRZ_I/cycle_cnt[20]
    SLICE_X5Y39          LUT6 (Prop_lut6_I3_O)        0.124     6.697 f  U_NRZ_I/cycle_cnt[25]_i_8/O
                         net (fo=2, routed)           0.824     7.521    U_NRZ_I/cycle_cnt[25]_i_8_n_0
    SLICE_X7Y38          LUT5 (Prop_lut5_I4_O)        0.152     7.673 f  U_NRZ_I/cycle_cnt[25]_i_5/O
                         net (fo=27, routed)          0.659     8.331    U_NRZ_I/cycle_cnt[25]_i_5_n_0
    SLICE_X5Y40          LUT6 (Prop_lut6_I2_O)        0.326     8.657 r  U_NRZ_I/bit_index[3]_i_1/O
                         net (fo=4, routed)           0.531     9.188    U_NRZ_I/bit_index[3]_i_1_n_0
    SLICE_X4Y39          FDPE                                         r  U_NRZ_I/bit_index_reg[2]/CE
  -------------------------------------------------------------------    -------------------

                         (clock sys_clk_pin rise edge)
                                                     10.000    10.000 r  
    W5                                                0.000    10.000 r  clk (IN)
                         net (fo=0)                   0.000    10.000    clk
    W5                   IBUF (Prop_ibuf_I_O)         1.388    11.388 r  clk_IBUF_inst/O
                         net (fo=1, routed)           1.862    13.250    clk_IBUF
    BUFGCTRL_X0Y0        BUFG (Prop_bufg_I_O)         0.091    13.341 r  clk_IBUF_BUFG_inst/O
                         net (fo=37, routed)          1.515    14.856    U_NRZ_I/CLK
    SLICE_X4Y39          FDPE                                         r  U_NRZ_I/bit_index_reg[2]/C
                         clock pessimism              0.273    15.129    
                         clock uncertainty           -0.035    15.094    
    SLICE_X4Y39          FDPE (Setup_fdpe_C_CE)      -0.205    14.889    U_NRZ_I/bit_index_reg[2]
  -------------------------------------------------------------------
                         required time                         14.889    
                         arrival time                          -9.188    
  -------------------------------------------------------------------
                         slack                                  5.701    

Slack (MET) :             5.701ns  (required time - arrival time)
  Source:                 U_NRZ_I/cycle_cnt_reg[20]/C
                            (rising edge-triggered cell FDCE clocked by sys_clk_pin  {rise@0.000ns fall@5.000ns period=10.000ns})
  Destination:            U_NRZ_I/bit_index_reg[3]/CE
                            (rising edge-triggered cell FDPE clocked by sys_clk_pin  {rise@0.000ns fall@5.000ns period=10.000ns})
  Path Group:             sys_clk_pin
  Path Type:              Setup (Max at Slow Process Corner)
  Requirement:            10.000ns  (sys_clk_pin rise@10.000ns - sys_clk_pin rise@0.000ns)
  Data Path Delay:        4.033ns  (logic 1.058ns (26.235%)  route 2.975ns (73.765%))
  Logic Levels:           3  (LUT5=1 LUT6=2)
  Clock Path Skew:        -0.026ns (DCD - SCD + CPR)
    Destination Clock Delay (DCD):    4.856ns = ( 14.856 - 10.000 ) 
    Source Clock Delay      (SCD):    5.155ns
    Clock Pessimism Removal (CPR):    0.273ns
  Clock Uncertainty:      0.035ns  ((TSJ^2 + TIJ^2)^1/2 + DJ) / 2 + PE
    Total System Jitter     (TSJ):    0.071ns
    Total Input Jitter      (TIJ):    0.000ns
    Discrete Jitter          (DJ):    0.000ns
    Phase Error              (PE):    0.000ns

    Location             Delay type                Incr(ns)  Path(ns)    Netlist Resource(s)
  -------------------------------------------------------------------    -------------------
                         (clock sys_clk_pin rise edge)
                                                      0.000     0.000 r  
    W5                                                0.000     0.000 r  clk (IN)
                         net (fo=0)                   0.000     0.000    clk
    W5                   IBUF (Prop_ibuf_I_O)         1.458     1.458 r  clk_IBUF_inst/O
                         net (fo=1, routed)           1.967     3.425    clk_IBUF
    BUFGCTRL_X0Y0        BUFG (Prop_bufg_I_O)         0.096     3.521 r  clk_IBUF_BUFG_inst/O
                         net (fo=37, routed)          1.634     5.155    U_NRZ_I/CLK
    SLICE_X5Y41          FDCE                                         r  U_NRZ_I/cycle_cnt_reg[20]/C
  -------------------------------------------------------------------    -------------------
    SLICE_X5Y41          FDCE (Prop_fdce_C_Q)         0.456     5.611 r  U_NRZ_I/cycle_cnt_reg[20]/Q
                         net (fo=2, routed)           0.961     6.573    U_NRZ_I/cycle_cnt[20]
    SLICE_X5Y39          LUT6 (Prop_lut6_I3_O)        0.124     6.697 f  U_NRZ_I/cycle_cnt[25]_i_8/O
                         net (fo=2, routed)           0.824     7.521    U_NRZ_I/cycle_cnt[25]_i_8_n_0
    SLICE_X7Y38          LUT5 (Prop_lut5_I4_O)        0.152     7.673 f  U_NRZ_I/cycle_cnt[25]_i_5/O
                         net (fo=27, routed)          0.659     8.331    U_NRZ_I/cycle_cnt[25]_i_5_n_0
    SLICE_X5Y40          LUT6 (Prop_lut6_I2_O)        0.326     8.657 r  U_NRZ_I/bit_index[3]_i_1/O
                         net (fo=4, routed)           0.531     9.188    U_NRZ_I/bit_index[3]_i_1_n_0
    SLICE_X4Y39          FDPE                                         r  U_NRZ_I/bit_index_reg[3]/CE
  -------------------------------------------------------------------    -------------------

                         (clock sys_clk_pin rise edge)
                                                     10.000    10.000 r  
    W5                                                0.000    10.000 r  clk (IN)
                         net (fo=0)                   0.000    10.000    clk
    W5                   IBUF (Prop_ibuf_I_O)         1.388    11.388 r  clk_IBUF_inst/O
                         net (fo=1, routed)           1.862    13.250    clk_IBUF
    BUFGCTRL_X0Y0        BUFG (Prop_bufg_I_O)         0.091    13.341 r  clk_IBUF_BUFG_inst/O
                         net (fo=37, routed)          1.515    14.856    U_NRZ_I/CLK
    SLICE_X4Y39          FDPE                                         r  U_NRZ_I/bit_index_reg[3]/C
                         clock pessimism              0.273    15.129    
                         clock uncertainty           -0.035    15.094    
    SLICE_X4Y39          FDPE (Setup_fdpe_C_CE)      -0.205    14.889    U_NRZ_I/bit_index_reg[3]
  -------------------------------------------------------------------
                         required time                         14.889    
                         arrival time                          -9.188    
  -------------------------------------------------------------------
                         slack                                  5.701    

Slack (MET) :             5.841ns  (required time - arrival time)
  Source:                 U_NRZ_I/cycle_cnt_reg[20]/C
                            (rising edge-triggered cell FDCE clocked by sys_clk_pin  {rise@0.000ns fall@5.000ns period=10.000ns})
  Destination:            U_NRZ_I/bit_index_reg[0]/CE
                            (rising edge-triggered cell FDPE clocked by sys_clk_pin  {rise@0.000ns fall@5.000ns period=10.000ns})
  Path Group:             sys_clk_pin
  Path Type:              Setup (Max at Slow Process Corner)
  Requirement:            10.000ns  (sys_clk_pin rise@10.000ns - sys_clk_pin rise@0.000ns)
  Data Path Delay:        3.893ns  (logic 1.058ns (27.178%)  route 2.835ns (72.822%))
  Logic Levels:           3  (LUT5=1 LUT6=2)
  Clock Path Skew:        -0.026ns (DCD - SCD + CPR)
    Destination Clock Delay (DCD):    4.856ns = ( 14.856 - 10.000 ) 
    Source Clock Delay      (SCD):    5.155ns
    Clock Pessimism Removal (CPR):    0.273ns
  Clock Uncertainty:      0.035ns  ((TSJ^2 + TIJ^2)^1/2 + DJ) / 2 + PE
    Total System Jitter     (TSJ):    0.071ns
    Total Input Jitter      (TIJ):    0.000ns
    Discrete Jitter          (DJ):    0.000ns
    Phase Error              (PE):    0.000ns

    Location             Delay type                Incr(ns)  Path(ns)    Netlist Resource(s)
  -------------------------------------------------------------------    -------------------
                         (clock sys_clk_pin rise edge)
                                                      0.000     0.000 r  
    W5                                                0.000     0.000 r  clk (IN)
                         net (fo=0)                   0.000     0.000    clk
    W5                   IBUF (Prop_ibuf_I_O)         1.458     1.458 r  clk_IBUF_inst/O
                         net (fo=1, routed)           1.967     3.425    clk_IBUF
    BUFGCTRL_X0Y0        BUFG (Prop_bufg_I_O)         0.096     3.521 r  clk_IBUF_BUFG_inst/O
                         net (fo=37, routed)          1.634     5.155    U_NRZ_I/CLK
    SLICE_X5Y41          FDCE                                         r  U_NRZ_I/cycle_cnt_reg[20]/C
  -------------------------------------------------------------------    -------------------
    SLICE_X5Y41          FDCE (Prop_fdce_C_Q)         0.456     5.611 r  U_NRZ_I/cycle_cnt_reg[20]/Q
                         net (fo=2, routed)           0.961     6.573    U_NRZ_I/cycle_cnt[20]
    SLICE_X5Y39          LUT6 (Prop_lut6_I3_O)        0.124     6.697 f  U_NRZ_I/cycle_cnt[25]_i_8/O
                         net (fo=2, routed)           0.824     7.521    U_NRZ_I/cycle_cnt[25]_i_8_n_0
    SLICE_X7Y38          LUT5 (Prop_lut5_I4_O)        0.152     7.673 f  U_NRZ_I/cycle_cnt[25]_i_5/O
                         net (fo=27, routed)          0.659     8.331    U_NRZ_I/cycle_cnt[25]_i_5_n_0
    SLICE_X5Y40          LUT6 (Prop_lut6_I2_O)        0.326     8.657 r  U_NRZ_I/bit_index[3]_i_1/O
                         net (fo=4, routed)           0.391     9.048    U_NRZ_I/bit_index[3]_i_1_n_0
    SLICE_X4Y40          FDPE                                         r  U_NRZ_I/bit_index_reg[0]/CE
  -------------------------------------------------------------------    -------------------

                         (clock sys_clk_pin rise edge)
                                                     10.000    10.000 r  
    W5                                                0.000    10.000 r  clk (IN)
                         net (fo=0)                   0.000    10.000    clk
    W5                   IBUF (Prop_ibuf_I_O)         1.388    11.388 r  clk_IBUF_inst/O
                         net (fo=1, routed)           1.862    13.250    clk_IBUF
    BUFGCTRL_X0Y0        BUFG (Prop_bufg_I_O)         0.091    13.341 r  clk_IBUF_BUFG_inst/O
                         net (fo=37, routed)          1.515    14.856    U_NRZ_I/CLK
    SLICE_X4Y40          FDPE                                         r  U_NRZ_I/bit_index_reg[0]/C
                         clock pessimism              0.273    15.129    
                         clock uncertainty           -0.035    15.094    
    SLICE_X4Y40          FDPE (Setup_fdpe_C_CE)      -0.205    14.889    U_NRZ_I/bit_index_reg[0]
  -------------------------------------------------------------------
                         required time                         14.889    
                         arrival time                          -9.048    
  -------------------------------------------------------------------
                         slack                                  5.841    

Slack (MET) :             5.958ns  (required time - arrival time)
  Source:                 U_NRZ_I/cycle_cnt_reg[4]/C
                            (rising edge-triggered cell FDCE clocked by sys_clk_pin  {rise@0.000ns fall@5.000ns period=10.000ns})
  Destination:            U_NRZ_I/cycle_cnt_reg[1]/D
                            (rising edge-triggered cell FDCE clocked by sys_clk_pin  {rise@0.000ns fall@5.000ns period=10.000ns})
  Path Group:             sys_clk_pin
  Path Type:              Setup (Max at Slow Process Corner)
  Requirement:            10.000ns  (sys_clk_pin rise@10.000ns - sys_clk_pin rise@0.000ns)
  Data Path Delay:        4.035ns  (logic 0.828ns (20.518%)  route 3.207ns (79.482%))
  Logic Levels:           3  (LUT4=1 LUT5=2)
  Clock Path Skew:        0.000ns (DCD - SCD + CPR)
    Destination Clock Delay (DCD):    4.854ns = ( 14.854 - 10.000 ) 
    Source Clock Delay      (SCD):    5.152ns
    Clock Pessimism Removal (CPR):    0.298ns
  Clock Uncertainty:      0.035ns  ((TSJ^2 + TIJ^2)^1/2 + DJ) / 2 + PE
    Total System Jitter     (TSJ):    0.071ns
    Total Input Jitter      (TIJ):    0.000ns
    Discrete Jitter          (DJ):    0.000ns
    Phase Error              (PE):    0.000ns

    Location             Delay type                Incr(ns)  Path(ns)    Netlist Resource(s)
  -------------------------------------------------------------------    -------------------
                         (clock sys_clk_pin rise edge)
                                                      0.000     0.000 r  
    W5                                                0.000     0.000 r  clk (IN)
                         net (fo=0)                   0.000     0.000    clk
    W5                   IBUF (Prop_ibuf_I_O)         1.458     1.458 r  clk_IBUF_inst/O
                         net (fo=1, routed)           1.967     3.425    clk_IBUF
    BUFGCTRL_X0Y0        BUFG (Prop_bufg_I_O)         0.096     3.521 r  clk_IBUF_BUFG_inst/O
                         net (fo=37, routed)          1.631     5.152    U_NRZ_I/CLK
    SLICE_X7Y37          FDCE                                         r  U_NRZ_I/cycle_cnt_reg[4]/C
  -------------------------------------------------------------------    -------------------
    SLICE_X7Y37          FDCE (Prop_fdce_C_Q)         0.456     5.608 f  U_NRZ_I/cycle_cnt_reg[4]/Q
                         net (fo=2, routed)           0.857     6.465    U_NRZ_I/cycle_cnt[4]
    SLICE_X7Y42          LUT4 (Prop_lut4_I1_O)        0.124     6.589 r  U_NRZ_I/cycle_cnt[25]_i_6/O
                         net (fo=2, routed)           0.870     7.460    U_NRZ_I/cycle_cnt[25]_i_6_n_0
    SLICE_X5Y39          LUT5 (Prop_lut5_I4_O)        0.124     7.584 r  U_NRZ_I/cycle_cnt[25]_i_3/O
                         net (fo=27, routed)          1.480     9.064    U_NRZ_I/cycle_cnt[25]_i_3_n_0
    SLICE_X7Y37          LUT5 (Prop_lut5_I2_O)        0.124     9.188 r  U_NRZ_I/cycle_cnt[1]_i_1/O
                         net (fo=1, routed)           0.000     9.188    U_NRZ_I/p_1_in[1]
    SLICE_X7Y37          FDCE                                         r  U_NRZ_I/cycle_cnt_reg[1]/D
  -------------------------------------------------------------------    -------------------

                         (clock sys_clk_pin rise edge)
                                                     10.000    10.000 r  
    W5                                                0.000    10.000 r  clk (IN)
                         net (fo=0)                   0.000    10.000    clk
    W5                   IBUF (Prop_ibuf_I_O)         1.388    11.388 r  clk_IBUF_inst/O
                         net (fo=1, routed)           1.862    13.250    clk_IBUF
    BUFGCTRL_X0Y0        BUFG (Prop_bufg_I_O)         0.091    13.341 r  clk_IBUF_BUFG_inst/O
                         net (fo=37, routed)          1.513    14.854    U_NRZ_I/CLK
    SLICE_X7Y37          FDCE                                         r  U_NRZ_I/cycle_cnt_reg[1]/C
                         clock pessimism              0.298    15.152    
                         clock uncertainty           -0.035    15.117    
    SLICE_X7Y37          FDCE (Setup_fdce_C_D)        0.029    15.146    U_NRZ_I/cycle_cnt_reg[1]
  -------------------------------------------------------------------
                         required time                         15.146    
                         arrival time                          -9.188    
  -------------------------------------------------------------------
                         slack                                  5.958    

Slack (MET) :             5.959ns  (required time - arrival time)
  Source:                 U_NRZ_I/cycle_cnt_reg[4]/C
                            (rising edge-triggered cell FDCE clocked by sys_clk_pin  {rise@0.000ns fall@5.000ns period=10.000ns})
  Destination:            U_NRZ_I/cycle_cnt_reg[4]/D
                            (rising edge-triggered cell FDCE clocked by sys_clk_pin  {rise@0.000ns fall@5.000ns period=10.000ns})
  Path Group:             sys_clk_pin
  Path Type:              Setup (Max at Slow Process Corner)
  Requirement:            10.000ns  (sys_clk_pin rise@10.000ns - sys_clk_pin rise@0.000ns)
  Data Path Delay:        4.037ns  (logic 0.828ns (20.508%)  route 3.209ns (79.492%))
  Logic Levels:           3  (LUT4=1 LUT5=2)
  Clock Path Skew:        0.000ns (DCD - SCD + CPR)
    Destination Clock Delay (DCD):    4.854ns = ( 14.854 - 10.000 ) 
    Source Clock Delay      (SCD):    5.152ns
    Clock Pessimism Removal (CPR):    0.298ns
  Clock Uncertainty:      0.035ns  ((TSJ^2 + TIJ^2)^1/2 + DJ) / 2 + PE
    Total System Jitter     (TSJ):    0.071ns
    Total Input Jitter      (TIJ):    0.000ns
    Discrete Jitter          (DJ):    0.000ns
    Phase Error              (PE):    0.000ns

    Location             Delay type                Incr(ns)  Path(ns)    Netlist Resource(s)
  -------------------------------------------------------------------    -------------------
                         (clock sys_clk_pin rise edge)
                                                      0.000     0.000 r  
    W5                                                0.000     0.000 r  clk (IN)
                         net (fo=0)                   0.000     0.000    clk
    W5                   IBUF (Prop_ibuf_I_O)         1.458     1.458 r  clk_IBUF_inst/O
                         net (fo=1, routed)           1.967     3.425    clk_IBUF
    BUFGCTRL_X0Y0        BUFG (Prop_bufg_I_O)         0.096     3.521 r  clk_IBUF_BUFG_inst/O
                         net (fo=37, routed)          1.631     5.152    U_NRZ_I/CLK
    SLICE_X7Y37          FDCE                                         r  U_NRZ_I/cycle_cnt_reg[4]/C
  -------------------------------------------------------------------    -------------------
    SLICE_X7Y37          FDCE (Prop_fdce_C_Q)         0.456     5.608 f  U_NRZ_I/cycle_cnt_reg[4]/Q
                         net (fo=2, routed)           0.857     6.465    U_NRZ_I/cycle_cnt[4]
    SLICE_X7Y42          LUT4 (Prop_lut4_I1_O)        0.124     6.589 r  U_NRZ_I/cycle_cnt[25]_i_6/O
                         net (fo=2, routed)           0.870     7.460    U_NRZ_I/cycle_cnt[25]_i_6_n_0
    SLICE_X5Y39          LUT5 (Prop_lut5_I4_O)        0.124     7.584 r  U_NRZ_I/cycle_cnt[25]_i_3/O
                         net (fo=27, routed)          1.482     9.066    U_NRZ_I/cycle_cnt[25]_i_3_n_0
    SLICE_X7Y37          LUT5 (Prop_lut5_I2_O)        0.124     9.190 r  U_NRZ_I/cycle_cnt[4]_i_1/O
                         net (fo=1, routed)           0.000     9.190    U_NRZ_I/p_1_in[4]
    SLICE_X7Y37          FDCE                                         r  U_NRZ_I/cycle_cnt_reg[4]/D
  -------------------------------------------------------------------    -------------------

                         (clock sys_clk_pin rise edge)
                                                     10.000    10.000 r  
    W5                                                0.000    10.000 r  clk (IN)
                         net (fo=0)                   0.000    10.000    clk
    W5                   IBUF (Prop_ibuf_I_O)         1.388    11.388 r  clk_IBUF_inst/O
                         net (fo=1, routed)           1.862    13.250    clk_IBUF
    BUFGCTRL_X0Y0        BUFG (Prop_bufg_I_O)         0.091    13.341 r  clk_IBUF_BUFG_inst/O
                         net (fo=37, routed)          1.513    14.854    U_NRZ_I/CLK
    SLICE_X7Y37          FDCE                                         r  U_NRZ_I/cycle_cnt_reg[4]/C
                         clock pessimism              0.298    15.152    
                         clock uncertainty           -0.035    15.117    
    SLICE_X7Y37          FDCE (Setup_fdce_C_D)        0.032    15.149    U_NRZ_I/cycle_cnt_reg[4]
  -------------------------------------------------------------------
                         required time                         15.149    
                         arrival time                          -9.190    
  -------------------------------------------------------------------
                         slack                                  5.959    

Slack (MET) :             5.960ns  (required time - arrival time)
  Source:                 U_NRZ_I/cycle_cnt_reg[4]/C
                            (rising edge-triggered cell FDCE clocked by sys_clk_pin  {rise@0.000ns fall@5.000ns period=10.000ns})
  Destination:            U_NRZ_I/cycle_cnt_reg[3]/D
                            (rising edge-triggered cell FDCE clocked by sys_clk_pin  {rise@0.000ns fall@5.000ns period=10.000ns})
  Path Group:             sys_clk_pin
  Path Type:              Setup (Max at Slow Process Corner)
  Requirement:            10.000ns  (sys_clk_pin rise@10.000ns - sys_clk_pin rise@0.000ns)
  Data Path Delay:        4.035ns  (logic 0.828ns (20.518%)  route 3.207ns (79.482%))
  Logic Levels:           3  (LUT4=1 LUT5=2)
  Clock Path Skew:        0.000ns (DCD - SCD + CPR)
    Destination Clock Delay (DCD):    4.854ns = ( 14.854 - 10.000 ) 
    Source Clock Delay      (SCD):    5.152ns
    Clock Pessimism Removal (CPR):    0.298ns
  Clock Uncertainty:      0.035ns  ((TSJ^2 + TIJ^2)^1/2 + DJ) / 2 + PE
    Total System Jitter     (TSJ):    0.071ns
    Total Input Jitter      (TIJ):    0.000ns
    Discrete Jitter          (DJ):    0.000ns
    Phase Error              (PE):    0.000ns

    Location             Delay type                Incr(ns)  Path(ns)    Netlist Resource(s)
  -------------------------------------------------------------------    -------------------
                         (clock sys_clk_pin rise edge)
                                                      0.000     0.000 r  
    W5                                                0.000     0.000 r  clk (IN)
                         net (fo=0)                   0.000     0.000    clk
    W5                   IBUF (Prop_ibuf_I_O)         1.458     1.458 r  clk_IBUF_inst/O
                         net (fo=1, routed)           1.967     3.425    clk_IBUF
    BUFGCTRL_X0Y0        BUFG (Prop_bufg_I_O)         0.096     3.521 r  clk_IBUF_BUFG_inst/O
                         net (fo=37, routed)          1.631     5.152    U_NRZ_I/CLK
    SLICE_X7Y37          FDCE                                         r  U_NRZ_I/cycle_cnt_reg[4]/C
  -------------------------------------------------------------------    -------------------
    SLICE_X7Y37          FDCE (Prop_fdce_C_Q)         0.456     5.608 f  U_NRZ_I/cycle_cnt_reg[4]/Q
                         net (fo=2, routed)           0.857     6.465    U_NRZ_I/cycle_cnt[4]
    SLICE_X7Y42          LUT4 (Prop_lut4_I1_O)        0.124     6.589 r  U_NRZ_I/cycle_cnt[25]_i_6/O
                         net (fo=2, routed)           0.870     7.460    U_NRZ_I/cycle_cnt[25]_i_6_n_0
    SLICE_X5Y39          LUT5 (Prop_lut5_I4_O)        0.124     7.584 r  U_NRZ_I/cycle_cnt[25]_i_3/O
                         net (fo=27, routed)          1.480     9.064    U_NRZ_I/cycle_cnt[25]_i_3_n_0
    SLICE_X7Y37          LUT5 (Prop_lut5_I2_O)        0.124     9.188 r  U_NRZ_I/cycle_cnt[3]_i_1/O
                         net (fo=1, routed)           0.000     9.188    U_NRZ_I/p_1_in[3]
    SLICE_X7Y37          FDCE                                         r  U_NRZ_I/cycle_cnt_reg[3]/D
  -------------------------------------------------------------------    -------------------

                         (clock sys_clk_pin rise edge)
                                                     10.000    10.000 r  
    W5                                                0.000    10.000 r  clk (IN)
                         net (fo=0)                   0.000    10.000    clk
    W5                   IBUF (Prop_ibuf_I_O)         1.388    11.388 r  clk_IBUF_inst/O
                         net (fo=1, routed)           1.862    13.250    clk_IBUF
    BUFGCTRL_X0Y0        BUFG (Prop_bufg_I_O)         0.091    13.341 r  clk_IBUF_BUFG_inst/O
                         net (fo=37, routed)          1.513    14.854    U_NRZ_I/CLK
    SLICE_X7Y37          FDCE                                         r  U_NRZ_I/cycle_cnt_reg[3]/C
                         clock pessimism              0.298    15.152    
                         clock uncertainty           -0.035    15.117    
    SLICE_X7Y37          FDCE (Setup_fdce_C_D)        0.031    15.148    U_NRZ_I/cycle_cnt_reg[3]
  -------------------------------------------------------------------
                         required time                         15.148    
                         arrival time                          -9.188    
  -------------------------------------------------------------------
                         slack                                  5.960    

Slack (MET) :             5.961ns  (required time - arrival time)
  Source:                 U_NRZ_I/cycle_cnt_reg[4]/C
                            (rising edge-triggered cell FDCE clocked by sys_clk_pin  {rise@0.000ns fall@5.000ns period=10.000ns})
  Destination:            U_NRZ_I/cycle_cnt_reg[2]/D
                            (rising edge-triggered cell FDCE clocked by sys_clk_pin  {rise@0.000ns fall@5.000ns period=10.000ns})
  Path Group:             sys_clk_pin
  Path Type:              Setup (Max at Slow Process Corner)
  Requirement:            10.000ns  (sys_clk_pin rise@10.000ns - sys_clk_pin rise@0.000ns)
  Data Path Delay:        4.034ns  (logic 0.828ns (20.523%)  route 3.206ns (79.477%))
  Logic Levels:           3  (LUT4=1 LUT5=2)
  Clock Path Skew:        0.000ns (DCD - SCD + CPR)
    Destination Clock Delay (DCD):    4.854ns = ( 14.854 - 10.000 ) 
    Source Clock Delay      (SCD):    5.152ns
    Clock Pessimism Removal (CPR):    0.298ns
  Clock Uncertainty:      0.035ns  ((TSJ^2 + TIJ^2)^1/2 + DJ) / 2 + PE
    Total System Jitter     (TSJ):    0.071ns
    Total Input Jitter      (TIJ):    0.000ns
    Discrete Jitter          (DJ):    0.000ns
    Phase Error              (PE):    0.000ns

    Location             Delay type                Incr(ns)  Path(ns)    Netlist Resource(s)
  -------------------------------------------------------------------    -------------------
                         (clock sys_clk_pin rise edge)
                                                      0.000     0.000 r  
    W5                                                0.000     0.000 r  clk (IN)
                         net (fo=0)                   0.000     0.000    clk
    W5                   IBUF (Prop_ibuf_I_O)         1.458     1.458 r  clk_IBUF_inst/O
                         net (fo=1, routed)           1.967     3.425    clk_IBUF
    BUFGCTRL_X0Y0        BUFG (Prop_bufg_I_O)         0.096     3.521 r  clk_IBUF_BUFG_inst/O
                         net (fo=37, routed)          1.631     5.152    U_NRZ_I/CLK
    SLICE_X7Y37          FDCE                                         r  U_NRZ_I/cycle_cnt_reg[4]/C
  -------------------------------------------------------------------    -------------------
    SLICE_X7Y37          FDCE (Prop_fdce_C_Q)         0.456     5.608 f  U_NRZ_I/cycle_cnt_reg[4]/Q
                         net (fo=2, routed)           0.857     6.465    U_NRZ_I/cycle_cnt[4]
    SLICE_X7Y42          LUT4 (Prop_lut4_I1_O)        0.124     6.589 r  U_NRZ_I/cycle_cnt[25]_i_6/O
                         net (fo=2, routed)           0.870     7.460    U_NRZ_I/cycle_cnt[25]_i_6_n_0
    SLICE_X5Y39          LUT5 (Prop_lut5_I4_O)        0.124     7.584 r  U_NRZ_I/cycle_cnt[25]_i_3/O
                         net (fo=27, routed)          1.479     9.063    U_NRZ_I/cycle_cnt[25]_i_3_n_0
    SLICE_X7Y37          LUT5 (Prop_lut5_I2_O)        0.124     9.187 r  U_NRZ_I/cycle_cnt[2]_i_1/O
                         net (fo=1, routed)           0.000     9.187    U_NRZ_I/p_1_in[2]
    SLICE_X7Y37          FDCE                                         r  U_NRZ_I/cycle_cnt_reg[2]/D
  -------------------------------------------------------------------    -------------------

                         (clock sys_clk_pin rise edge)
                                                     10.000    10.000 r  
    W5                                                0.000    10.000 r  clk (IN)
                         net (fo=0)                   0.000    10.000    clk
    W5                   IBUF (Prop_ibuf_I_O)         1.388    11.388 r  clk_IBUF_inst/O
                         net (fo=1, routed)           1.862    13.250    clk_IBUF
    BUFGCTRL_X0Y0        BUFG (Prop_bufg_I_O)         0.091    13.341 r  clk_IBUF_BUFG_inst/O
                         net (fo=37, routed)          1.513    14.854    U_NRZ_I/CLK
    SLICE_X7Y37          FDCE                                         r  U_NRZ_I/cycle_cnt_reg[2]/C
                         clock pessimism              0.298    15.152    
                         clock uncertainty           -0.035    15.117    
    SLICE_X7Y37          FDCE (Setup_fdce_C_D)        0.031    15.148    U_NRZ_I/cycle_cnt_reg[2]
  -------------------------------------------------------------------
                         required time                         15.148    
                         arrival time                          -9.187    
  -------------------------------------------------------------------
                         slack                                  5.961    

Slack (MET) :             6.041ns  (required time - arrival time)
  Source:                 U_NRZ_I/cycle_cnt_reg[15]/C
                            (rising edge-triggered cell FDCE clocked by sys_clk_pin  {rise@0.000ns fall@5.000ns period=10.000ns})
  Destination:            U_NRZ_I/cycle_cnt_reg[22]/D
                            (rising edge-triggered cell FDCE clocked by sys_clk_pin  {rise@0.000ns fall@5.000ns period=10.000ns})
  Path Group:             sys_clk_pin
  Path Type:              Setup (Max at Slow Process Corner)
  Requirement:            10.000ns  (sys_clk_pin rise@10.000ns - sys_clk_pin rise@0.000ns)
  Data Path Delay:        3.931ns  (logic 1.024ns (26.050%)  route 2.907ns (73.950%))
  Logic Levels:           3  (LUT4=1 LUT5=2)
  Clock Path Skew:        -0.024ns (DCD - SCD + CPR)
    Destination Clock Delay (DCD):    4.857ns = ( 14.857 - 10.000 ) 
    Source Clock Delay      (SCD):    5.154ns
    Clock Pessimism Removal (CPR):    0.273ns
  Clock Uncertainty:      0.035ns  ((TSJ^2 + TIJ^2)^1/2 + DJ) / 2 + PE
    Total System Jitter     (TSJ):    0.071ns
    Total Input Jitter      (TIJ):    0.000ns
    Discrete Jitter          (DJ):    0.000ns
    Phase Error              (PE):    0.000ns

    Location             Delay type                Incr(ns)  Path(ns)    Netlist Resource(s)
  -------------------------------------------------------------------    -------------------
                         (clock sys_clk_pin rise edge)
                                                      0.000     0.000 r  
    W5                                                0.000     0.000 r  clk (IN)
                         net (fo=0)                   0.000     0.000    clk
    W5                   IBUF (Prop_ibuf_I_O)         1.458     1.458 r  clk_IBUF_inst/O
                         net (fo=1, routed)           1.967     3.425    clk_IBUF
    BUFGCTRL_X0Y0        BUFG (Prop_bufg_I_O)         0.096     3.521 r  clk_IBUF_BUFG_inst/O
                         net (fo=37, routed)          1.633     5.154    U_NRZ_I/CLK
    SLICE_X7Y40          FDCE                                         r  U_NRZ_I/cycle_cnt_reg[15]/C
  -------------------------------------------------------------------    -------------------
    SLICE_X7Y40          FDCE (Prop_fdce_C_Q)         0.456     5.610 f  U_NRZ_I/cycle_cnt_reg[15]/Q
                         net (fo=2, routed)           0.960     6.570    U_NRZ_I/cycle_cnt[15]
    SLICE_X7Y38          LUT4 (Prop_lut4_I1_O)        0.124     6.694 r  U_NRZ_I/cycle_cnt[25]_i_7/O
                         net (fo=2, routed)           0.752     7.446    U_NRZ_I/cycle_cnt[25]_i_7_n_0
    SLICE_X7Y40          LUT5 (Prop_lut5_I4_O)        0.118     7.564 f  U_NRZ_I/cycle_cnt[25]_i_4/O
                         net (fo=27, routed)          1.195     8.759    U_NRZ_I/cycle_cnt[25]_i_4_n_0
    SLICE_X7Y42          LUT5 (Prop_lut5_I3_O)        0.326     9.085 r  U_NRZ_I/cycle_cnt[22]_i_1/O
                         net (fo=1, routed)           0.000     9.085    U_NRZ_I/p_1_in[22]
    SLICE_X7Y42          FDCE                                         r  U_NRZ_I/cycle_cnt_reg[22]/D
  -------------------------------------------------------------------    -------------------

                         (clock sys_clk_pin rise edge)
                                                     10.000    10.000 r  
    W5                                                0.000    10.000 r  clk (IN)
                         net (fo=0)                   0.000    10.000    clk
    W5                   IBUF (Prop_ibuf_I_O)         1.388    11.388 r  clk_IBUF_inst/O
                         net (fo=1, routed)           1.862    13.250    clk_IBUF
    BUFGCTRL_X0Y0        BUFG (Prop_bufg_I_O)         0.091    13.341 r  clk_IBUF_BUFG_inst/O
                         net (fo=37, routed)          1.516    14.857    U_NRZ_I/CLK
    SLICE_X7Y42          FDCE                                         r  U_NRZ_I/cycle_cnt_reg[22]/C
                         clock pessimism              0.273    15.130    
                         clock uncertainty           -0.035    15.095    
    SLICE_X7Y42          FDCE (Setup_fdce_C_D)        0.031    15.126    U_NRZ_I/cycle_cnt_reg[22]
  -------------------------------------------------------------------
                         required time                         15.126    
                         arrival time                          -9.085    
  -------------------------------------------------------------------
                         slack                                  6.041    





Min Delay Paths
--------------------------------------------------------------------------------------
Slack (MET) :             0.250ns  (arrival time - required time)
  Source:                 U_NRZ_I/is_tx_reg/C
                            (rising edge-triggered cell FDCE clocked by sys_clk_pin  {rise@0.000ns fall@5.000ns period=10.000ns})
  Destination:            U_NRZ_I/bit_index_reg[0]/D
                            (rising edge-triggered cell FDPE clocked by sys_clk_pin  {rise@0.000ns fall@5.000ns period=10.000ns})
  Path Group:             sys_clk_pin
  Path Type:              Hold (Min at Fast Process Corner)
  Requirement:            0.000ns  (sys_clk_pin rise@0.000ns - sys_clk_pin rise@0.000ns)
  Data Path Delay:        0.354ns  (logic 0.186ns (52.600%)  route 0.168ns (47.400%))
  Logic Levels:           1  (LUT2=1)
  Clock Path Skew:        0.013ns (DCD - SCD - CPR)
    Destination Clock Delay (DCD):    1.990ns
    Source Clock Delay      (SCD):    1.475ns
    Clock Pessimism Removal (CPR):    0.502ns

    Location             Delay type                Incr(ns)  Path(ns)    Netlist Resource(s)
  -------------------------------------------------------------------    -------------------
                         (clock sys_clk_pin rise edge)
                                                      0.000     0.000 r  
    W5                                                0.000     0.000 r  clk (IN)
                         net (fo=0)                   0.000     0.000    clk
    W5                   IBUF (Prop_ibuf_I_O)         0.226     0.226 r  clk_IBUF_inst/O
                         net (fo=1, routed)           0.631     0.858    clk_IBUF
    BUFGCTRL_X0Y0        BUFG (Prop_bufg_I_O)         0.026     0.884 r  clk_IBUF_BUFG_inst/O
                         net (fo=37, routed)          0.592     1.475    U_NRZ_I/CLK
    SLICE_X5Y40          FDCE                                         r  U_NRZ_I/is_tx_reg/C
  -------------------------------------------------------------------    -------------------
    SLICE_X5Y40          FDCE (Prop_fdce_C_Q)         0.141     1.616 f  U_NRZ_I/is_tx_reg/Q
                         net (fo=37, routed)          0.168     1.784    U_NRZ_I/is_tx_reg_n_0
    SLICE_X4Y40          LUT2 (Prop_lut2_I0_O)        0.045     1.829 r  U_NRZ_I/bit_index[0]_i_1/O
                         net (fo=1, routed)           0.000     1.829    U_NRZ_I/p_0_in[0]
    SLICE_X4Y40          FDPE                                         r  U_NRZ_I/bit_index_reg[0]/D
  -------------------------------------------------------------------    -------------------

                         (clock sys_clk_pin rise edge)
                                                      0.000     0.000 r  
    W5                                                0.000     0.000 r  clk (IN)
                         net (fo=0)                   0.000     0.000    clk
    W5                   IBUF (Prop_ibuf_I_O)         0.414     0.414 r  clk_IBUF_inst/O
                         net (fo=1, routed)           0.685     1.099    clk_IBUF
    BUFGCTRL_X0Y0        BUFG (Prop_bufg_I_O)         0.029     1.128 r  clk_IBUF_BUFG_inst/O
                         net (fo=37, routed)          0.863     1.990    U_NRZ_I/CLK
    SLICE_X4Y40          FDPE                                         r  U_NRZ_I/bit_index_reg[0]/C
                         clock pessimism             -0.502     1.488    
    SLICE_X4Y40          FDPE (Hold_fdpe_C_D)         0.091     1.579    U_NRZ_I/bit_index_reg[0]
  -------------------------------------------------------------------
                         required time                         -1.579    
                         arrival time                           1.829    
  -------------------------------------------------------------------
                         slack                                  0.250    

Slack (MET) :             0.262ns  (arrival time - required time)
  Source:                 U_NRZ_I/current_level_reg/C
                            (rising edge-triggered cell FDCE clocked by sys_clk_pin  {rise@0.000ns fall@5.000ns period=10.000ns})
  Destination:            U_NRZ_I/current_level_reg/D
                            (rising edge-triggered cell FDCE clocked by sys_clk_pin  {rise@0.000ns fall@5.000ns period=10.000ns})
  Path Group:             sys_clk_pin
  Path Type:              Hold (Min at Fast Process Corner)
  Requirement:            0.000ns  (sys_clk_pin rise@0.000ns - sys_clk_pin rise@0.000ns)
  Data Path Delay:        0.353ns  (logic 0.186ns (52.660%)  route 0.167ns (47.340%))
  Logic Levels:           1  (LUT6=1)
  Clock Path Skew:        0.000ns (DCD - SCD - CPR)
    Destination Clock Delay (DCD):    1.989ns
    Source Clock Delay      (SCD):    1.474ns
    Clock Pessimism Removal (CPR):    0.515ns

    Location             Delay type                Incr(ns)  Path(ns)    Netlist Resource(s)
  -------------------------------------------------------------------    -------------------
                         (clock sys_clk_pin rise edge)
                                                      0.000     0.000 r  
    W5                                                0.000     0.000 r  clk (IN)
                         net (fo=0)                   0.000     0.000    clk
    W5                   IBUF (Prop_ibuf_I_O)         0.226     0.226 r  clk_IBUF_inst/O
                         net (fo=1, routed)           0.631     0.858    clk_IBUF
    BUFGCTRL_X0Y0        BUFG (Prop_bufg_I_O)         0.026     0.884 r  clk_IBUF_BUFG_inst/O
                         net (fo=37, routed)          0.591     1.474    U_NRZ_I/CLK
    SLICE_X5Y39          FDCE                                         r  U_NRZ_I/current_level_reg/C
  -------------------------------------------------------------------    -------------------
    SLICE_X5Y39          FDCE (Prop_fdce_C_Q)         0.141     1.615 r  U_NRZ_I/current_level_reg/Q
                         net (fo=3, routed)           0.167     1.782    U_NRZ_I/current_level_reg_n_0
    SLICE_X5Y39          LUT6 (Prop_lut6_I5_O)        0.045     1.827 r  U_NRZ_I/current_level_i_1/O
                         net (fo=1, routed)           0.000     1.827    U_NRZ_I/current_level_i_1_n_0
    SLICE_X5Y39          FDCE                                         r  U_NRZ_I/current_level_reg/D
  -------------------------------------------------------------------    -------------------

                         (clock sys_clk_pin rise edge)
                                                      0.000     0.000 r  
    W5                                                0.000     0.000 r  clk (IN)
                         net (fo=0)                   0.000     0.000    clk
    W5                   IBUF (Prop_ibuf_I_O)         0.414     0.414 r  clk_IBUF_inst/O
                         net (fo=1, routed)           0.685     1.099    clk_IBUF
    BUFGCTRL_X0Y0        BUFG (Prop_bufg_I_O)         0.029     1.128 r  clk_IBUF_BUFG_inst/O
                         net (fo=37, routed)          0.862     1.989    U_NRZ_I/CLK
    SLICE_X5Y39          FDCE                                         r  U_NRZ_I/current_level_reg/C
                         clock pessimism             -0.515     1.474    
    SLICE_X5Y39          FDCE (Hold_fdce_C_D)         0.091     1.565    U_NRZ_I/current_level_reg
  -------------------------------------------------------------------
                         required time                         -1.565    
                         arrival time                           1.827    
  -------------------------------------------------------------------
                         slack                                  0.262    

Slack (MET) :             0.276ns  (arrival time - required time)
  Source:                 U_NRZ_I/is_tx_reg/C
                            (rising edge-triggered cell FDCE clocked by sys_clk_pin  {rise@0.000ns fall@5.000ns period=10.000ns})
  Destination:            U_NRZ_I/cycle_cnt_reg[10]/D
                            (rising edge-triggered cell FDCE clocked by sys_clk_pin  {rise@0.000ns fall@5.000ns period=10.000ns})
  Path Group:             sys_clk_pin
  Path Type:              Hold (Min at Fast Process Corner)
  Requirement:            0.000ns  (sys_clk_pin rise@0.000ns - sys_clk_pin rise@0.000ns)
  Data Path Delay:        0.383ns  (logic 0.186ns (48.578%)  route 0.197ns (51.422%))
  Logic Levels:           1  (LUT5=1)
  Clock Path Skew:        0.015ns (DCD - SCD - CPR)
    Destination Clock Delay (DCD):    1.989ns
    Source Clock Delay      (SCD):    1.475ns
    Clock Pessimism Removal (CPR):    0.499ns

    Location             Delay type                Incr(ns)  Path(ns)    Netlist Resource(s)
  -------------------------------------------------------------------    -------------------
                         (clock sys_clk_pin rise edge)
                                                      0.000     0.000 r  
    W5                                                0.000     0.000 r  clk (IN)
                         net (fo=0)                   0.000     0.000    clk
    W5                   IBUF (Prop_ibuf_I_O)         0.226     0.226 r  clk_IBUF_inst/O
                         net (fo=1, routed)           0.631     0.858    clk_IBUF
    BUFGCTRL_X0Y0        BUFG (Prop_bufg_I_O)         0.026     0.884 r  clk_IBUF_BUFG_inst/O
                         net (fo=37, routed)          0.592     1.475    U_NRZ_I/CLK
    SLICE_X5Y40          FDCE                                         r  U_NRZ_I/is_tx_reg/C
  -------------------------------------------------------------------    -------------------
    SLICE_X5Y40          FDCE (Prop_fdce_C_Q)         0.141     1.616 r  U_NRZ_I/is_tx_reg/Q
                         net (fo=37, routed)          0.197     1.813    U_NRZ_I/is_tx_reg_n_0
    SLICE_X7Y39          LUT5 (Prop_lut5_I1_O)        0.045     1.858 r  U_NRZ_I/cycle_cnt[10]_i_1/O
                         net (fo=1, routed)           0.000     1.858    U_NRZ_I/p_1_in[10]
    SLICE_X7Y39          FDCE                                         r  U_NRZ_I/cycle_cnt_reg[10]/D
  -------------------------------------------------------------------    -------------------

                         (clock sys_clk_pin rise edge)
                                                      0.000     0.000 r  
    W5                                                0.000     0.000 r  clk (IN)
                         net (fo=0)                   0.000     0.000    clk
    W5                   IBUF (Prop_ibuf_I_O)         0.414     0.414 r  clk_IBUF_inst/O
                         net (fo=1, routed)           0.685     1.099    clk_IBUF
    BUFGCTRL_X0Y0        BUFG (Prop_bufg_I_O)         0.029     1.128 r  clk_IBUF_BUFG_inst/O
                         net (fo=37, routed)          0.862     1.989    U_NRZ_I/CLK
    SLICE_X7Y39          FDCE                                         r  U_NRZ_I/cycle_cnt_reg[10]/C
                         clock pessimism             -0.499     1.490    
    SLICE_X7Y39          FDCE (Hold_fdce_C_D)         0.092     1.582    U_NRZ_I/cycle_cnt_reg[10]
  -------------------------------------------------------------------
                         required time                         -1.582    
                         arrival time                           1.858    
  -------------------------------------------------------------------
                         slack                                  0.276    

Slack (MET) :             0.280ns  (arrival time - required time)
  Source:                 counter_25_reg[1]/C
                            (rising edge-triggered cell FDRE clocked by sys_clk_pin  {rise@0.000ns fall@5.000ns period=10.000ns})
  Destination:            clk_25_reg/D
                            (rising edge-triggered cell FDRE clocked by sys_clk_pin  {rise@0.000ns fall@5.000ns period=10.000ns})
  Path Group:             sys_clk_pin
  Path Type:              Hold (Min at Fast Process Corner)
  Requirement:            0.000ns  (sys_clk_pin rise@0.000ns - sys_clk_pin rise@0.000ns)
  Data Path Delay:        0.279ns  (logic 0.148ns (53.096%)  route 0.131ns (46.904%))
  Logic Levels:           0  
  Clock Path Skew:        0.000ns (DCD - SCD - CPR)
    Destination Clock Delay (DCD):    1.993ns
    Source Clock Delay      (SCD):    1.478ns
    Clock Pessimism Removal (CPR):    0.515ns

    Location             Delay type                Incr(ns)  Path(ns)    Netlist Resource(s)
  -------------------------------------------------------------------    -------------------
                         (clock sys_clk_pin rise edge)
                                                      0.000     0.000 r  
    W5                                                0.000     0.000 r  clk (IN)
                         net (fo=0)                   0.000     0.000    clk
    W5                   IBUF (Prop_ibuf_I_O)         0.226     0.226 r  clk_IBUF_inst/O
                         net (fo=1, routed)           0.631     0.858    clk_IBUF
    BUFGCTRL_X0Y0        BUFG (Prop_bufg_I_O)         0.026     0.884 r  clk_IBUF_BUFG_inst/O
                         net (fo=37, routed)          0.595     1.478    clk_IBUF_BUFG
    SLICE_X2Y43          FDRE                                         r  counter_25_reg[1]/C
  -------------------------------------------------------------------    -------------------
    SLICE_X2Y43          FDRE (Prop_fdre_C_Q)         0.148     1.626 r  counter_25_reg[1]/Q
                         net (fo=2, routed)           0.131     1.757    counter_25[1]
    SLICE_X2Y43          FDRE                                         r  clk_25_reg/D
  -------------------------------------------------------------------    -------------------

                         (clock sys_clk_pin rise edge)
                                                      0.000     0.000 r  
    W5                                                0.000     0.000 r  clk (IN)
                         net (fo=0)                   0.000     0.000    clk
    W5                   IBUF (Prop_ibuf_I_O)         0.414     0.414 r  clk_IBUF_inst/O
                         net (fo=1, routed)           0.685     1.099    clk_IBUF
    BUFGCTRL_X0Y0        BUFG (Prop_bufg_I_O)         0.029     1.128 r  clk_IBUF_BUFG_inst/O
                         net (fo=37, routed)          0.866     1.993    clk_IBUF_BUFG
    SLICE_X2Y43          FDRE                                         r  clk_25_reg/C
                         clock pessimism             -0.515     1.478    
    SLICE_X2Y43          FDRE (Hold_fdre_C_D)        -0.001     1.477    clk_25_reg
  -------------------------------------------------------------------
                         required time                         -1.477    
                         arrival time                           1.757    
  -------------------------------------------------------------------
                         slack                                  0.280    

Slack (MET) :             0.317ns  (arrival time - required time)
  Source:                 U_NRZ_I/bit_index_reg[2]/C
                            (rising edge-triggered cell FDPE clocked by sys_clk_pin  {rise@0.000ns fall@5.000ns period=10.000ns})
  Destination:            U_NRZ_I/bit_index_reg[3]/D
                            (rising edge-triggered cell FDPE clocked by sys_clk_pin  {rise@0.000ns fall@5.000ns period=10.000ns})
  Path Group:             sys_clk_pin
  Path Type:              Hold (Min at Fast Process Corner)
  Requirement:            0.000ns  (sys_clk_pin rise@0.000ns - sys_clk_pin rise@0.000ns)
  Data Path Delay:        0.409ns  (logic 0.227ns (55.525%)  route 0.182ns (44.475%))
  Logic Levels:           1  (LUT5=1)
  Clock Path Skew:        0.000ns (DCD - SCD - CPR)
    Destination Clock Delay (DCD):    1.989ns
    Source Clock Delay      (SCD):    1.474ns
    Clock Pessimism Removal (CPR):    0.515ns

    Location             Delay type                Incr(ns)  Path(ns)    Netlist Resource(s)
  -------------------------------------------------------------------    -------------------
                         (clock sys_clk_pin rise edge)
                                                      0.000     0.000 r  
    W5                                                0.000     0.000 r  clk (IN)
                         net (fo=0)                   0.000     0.000    clk
    W5                   IBUF (Prop_ibuf_I_O)         0.226     0.226 r  clk_IBUF_inst/O
                         net (fo=1, routed)           0.631     0.858    clk_IBUF
    BUFGCTRL_X0Y0        BUFG (Prop_bufg_I_O)         0.026     0.884 r  clk_IBUF_BUFG_inst/O
                         net (fo=37, routed)          0.591     1.474    U_NRZ_I/CLK
    SLICE_X4Y39          FDPE                                         r  U_NRZ_I/bit_index_reg[2]/C
  -------------------------------------------------------------------    -------------------
    SLICE_X4Y39          FDPE (Prop_fdpe_C_Q)         0.128     1.602 r  U_NRZ_I/bit_index_reg[2]/Q
                         net (fo=5, routed)           0.182     1.784    U_NRZ_I/bit_index_reg[2]
    SLICE_X4Y39          LUT5 (Prop_lut5_I2_O)        0.099     1.883 r  U_NRZ_I/bit_index[3]_i_2/O
                         net (fo=1, routed)           0.000     1.883    U_NRZ_I/bit_index[3]_i_2_n_0
    SLICE_X4Y39          FDPE                                         r  U_NRZ_I/bit_index_reg[3]/D
  -------------------------------------------------------------------    -------------------

                         (clock sys_clk_pin rise edge)
                                                      0.000     0.000 r  
    W5                                                0.000     0.000 r  clk (IN)
                         net (fo=0)                   0.000     0.000    clk
    W5                   IBUF (Prop_ibuf_I_O)         0.414     0.414 r  clk_IBUF_inst/O
                         net (fo=1, routed)           0.685     1.099    clk_IBUF
    BUFGCTRL_X0Y0        BUFG (Prop_bufg_I_O)         0.029     1.128 r  clk_IBUF_BUFG_inst/O
                         net (fo=37, routed)          0.862     1.989    U_NRZ_I/CLK
    SLICE_X4Y39          FDPE                                         r  U_NRZ_I/bit_index_reg[3]/C
                         clock pessimism             -0.515     1.474    
    SLICE_X4Y39          FDPE (Hold_fdpe_C_D)         0.092     1.566    U_NRZ_I/bit_index_reg[3]
  -------------------------------------------------------------------
                         required time                         -1.566    
                         arrival time                           1.883    
  -------------------------------------------------------------------
                         slack                                  0.317    

Slack (MET) :             0.322ns  (arrival time - required time)
  Source:                 U_NRZ_I/is_tx_reg/C
                            (rising edge-triggered cell FDCE clocked by sys_clk_pin  {rise@0.000ns fall@5.000ns period=10.000ns})
  Destination:            U_NRZ_I/is_tx_reg/D
                            (rising edge-triggered cell FDCE clocked by sys_clk_pin  {rise@0.000ns fall@5.000ns period=10.000ns})
  Path Group:             sys_clk_pin
  Path Type:              Hold (Min at Fast Process Corner)
  Requirement:            0.000ns  (sys_clk_pin rise@0.000ns - sys_clk_pin rise@0.000ns)
  Data Path Delay:        0.413ns  (logic 0.186ns (45.053%)  route 0.227ns (54.947%))
  Logic Levels:           1  (LUT6=1)
  Clock Path Skew:        0.000ns (DCD - SCD - CPR)
    Destination Clock Delay (DCD):    1.990ns
    Source Clock Delay      (SCD):    1.475ns
    Clock Pessimism Removal (CPR):    0.515ns

    Location             Delay type                Incr(ns)  Path(ns)    Netlist Resource(s)
  -------------------------------------------------------------------    -------------------
                         (clock sys_clk_pin rise edge)
                                                      0.000     0.000 r  
    W5                                                0.000     0.000 r  clk (IN)
                         net (fo=0)                   0.000     0.000    clk
    W5                   IBUF (Prop_ibuf_I_O)         0.226     0.226 r  clk_IBUF_inst/O
                         net (fo=1, routed)           0.631     0.858    clk_IBUF
    BUFGCTRL_X0Y0        BUFG (Prop_bufg_I_O)         0.026     0.884 r  clk_IBUF_BUFG_inst/O
                         net (fo=37, routed)          0.592     1.475    U_NRZ_I/CLK
    SLICE_X5Y40          FDCE                                         r  U_NRZ_I/is_tx_reg/C
  -------------------------------------------------------------------    -------------------
    SLICE_X5Y40          FDCE (Prop_fdce_C_Q)         0.141     1.616 r  U_NRZ_I/is_tx_reg/Q
                         net (fo=37, routed)          0.227     1.843    U_NRZ_I/is_tx_reg_n_0
    SLICE_X5Y40          LUT6 (Prop_lut6_I5_O)        0.045     1.888 r  U_NRZ_I/is_tx_i_1/O
                         net (fo=1, routed)           0.000     1.888    U_NRZ_I/is_tx_i_1_n_0
    SLICE_X5Y40          FDCE                                         r  U_NRZ_I/is_tx_reg/D
  -------------------------------------------------------------------    -------------------

                         (clock sys_clk_pin rise edge)
                                                      0.000     0.000 r  
    W5                                                0.000     0.000 r  clk (IN)
                         net (fo=0)                   0.000     0.000    clk
    W5                   IBUF (Prop_ibuf_I_O)         0.414     0.414 r  clk_IBUF_inst/O
                         net (fo=1, routed)           0.685     1.099    clk_IBUF
    BUFGCTRL_X0Y0        BUFG (Prop_bufg_I_O)         0.029     1.128 r  clk_IBUF_BUFG_inst/O
                         net (fo=37, routed)          0.863     1.990    U_NRZ_I/CLK
    SLICE_X5Y40          FDCE                                         r  U_NRZ_I/is_tx_reg/C
                         clock pessimism             -0.515     1.475    
    SLICE_X5Y40          FDCE (Hold_fdce_C_D)         0.091     1.566    U_NRZ_I/is_tx_reg
  -------------------------------------------------------------------
                         required time                         -1.566    
                         arrival time                           1.888    
  -------------------------------------------------------------------
                         slack                                  0.322    

Slack (MET) :             0.328ns  (arrival time - required time)
  Source:                 U_NRZ_I/bit_index_reg[0]/C
                            (rising edge-triggered cell FDPE clocked by sys_clk_pin  {rise@0.000ns fall@5.000ns period=10.000ns})
  Destination:            U_NRZ_I/bit_index_reg[2]/D
                            (rising edge-triggered cell FDPE clocked by sys_clk_pin  {rise@0.000ns fall@5.000ns period=10.000ns})
  Path Group:             sys_clk_pin
  Path Type:              Hold (Min at Fast Process Corner)
  Requirement:            0.000ns  (sys_clk_pin rise@0.000ns - sys_clk_pin rise@0.000ns)
  Data Path Delay:        0.450ns  (logic 0.187ns (41.580%)  route 0.263ns (58.420%))
  Logic Levels:           1  (LUT4=1)
  Clock Path Skew:        0.015ns (DCD - SCD - CPR)
    Destination Clock Delay (DCD):    1.989ns
    Source Clock Delay      (SCD):    1.475ns
    Clock Pessimism Removal (CPR):    0.499ns

    Location             Delay type                Incr(ns)  Path(ns)    Netlist Resource(s)
  -------------------------------------------------------------------    -------------------
                         (clock sys_clk_pin rise edge)
                                                      0.000     0.000 r  
    W5                                                0.000     0.000 r  clk (IN)
                         net (fo=0)                   0.000     0.000    clk
    W5                   IBUF (Prop_ibuf_I_O)         0.226     0.226 r  clk_IBUF_inst/O
                         net (fo=1, routed)           0.631     0.858    clk_IBUF
    BUFGCTRL_X0Y0        BUFG (Prop_bufg_I_O)         0.026     0.884 r  clk_IBUF_BUFG_inst/O
                         net (fo=37, routed)          0.592     1.475    U_NRZ_I/CLK
    SLICE_X4Y40          FDPE                                         r  U_NRZ_I/bit_index_reg[0]/C
  -------------------------------------------------------------------    -------------------
    SLICE_X4Y40          FDPE (Prop_fdpe_C_Q)         0.141     1.616 r  U_NRZ_I/bit_index_reg[0]/Q
                         net (fo=11, routed)          0.263     1.879    U_NRZ_I/bit_index_reg[0]
    SLICE_X4Y39          LUT4 (Prop_lut4_I1_O)        0.046     1.925 r  U_NRZ_I/bit_index[2]_i_1/O
                         net (fo=1, routed)           0.000     1.925    U_NRZ_I/bit_index[2]_i_1_n_0
    SLICE_X4Y39          FDPE                                         r  U_NRZ_I/bit_index_reg[2]/D
  -------------------------------------------------------------------    -------------------

                         (clock sys_clk_pin rise edge)
                                                      0.000     0.000 r  
    W5                                                0.000     0.000 r  clk (IN)
                         net (fo=0)                   0.000     0.000    clk
    W5                   IBUF (Prop_ibuf_I_O)         0.414     0.414 r  clk_IBUF_inst/O
                         net (fo=1, routed)           0.685     1.099    clk_IBUF
    BUFGCTRL_X0Y0        BUFG (Prop_bufg_I_O)         0.029     1.128 r  clk_IBUF_BUFG_inst/O
                         net (fo=37, routed)          0.862     1.989    U_NRZ_I/CLK
    SLICE_X4Y39          FDPE                                         r  U_NRZ_I/bit_index_reg[2]/C
                         clock pessimism             -0.499     1.490    
    SLICE_X4Y39          FDPE (Hold_fdpe_C_D)         0.107     1.597    U_NRZ_I/bit_index_reg[2]
  -------------------------------------------------------------------
                         required time                         -1.597    
                         arrival time                           1.925    
  -------------------------------------------------------------------
                         slack                                  0.328    

Slack (MET) :             0.343ns  (arrival time - required time)
  Source:                 U_NRZ_I/bit_index_reg[0]/C
                            (rising edge-triggered cell FDPE clocked by sys_clk_pin  {rise@0.000ns fall@5.000ns period=10.000ns})
  Destination:            U_NRZ_I/bit_index_reg[1]/D
                            (rising edge-triggered cell FDPE clocked by sys_clk_pin  {rise@0.000ns fall@5.000ns period=10.000ns})
  Path Group:             sys_clk_pin
  Path Type:              Hold (Min at Fast Process Corner)
  Requirement:            0.000ns  (sys_clk_pin rise@0.000ns - sys_clk_pin rise@0.000ns)
  Data Path Delay:        0.449ns  (logic 0.186ns (41.450%)  route 0.263ns (58.550%))
  Logic Levels:           1  (LUT3=1)
  Clock Path Skew:        0.015ns (DCD - SCD - CPR)
    Destination Clock Delay (DCD):    1.989ns
    Source Clock Delay      (SCD):    1.475ns
    Clock Pessimism Removal (CPR):    0.499ns

    Location             Delay type                Incr(ns)  Path(ns)    Netlist Resource(s)
  -------------------------------------------------------------------    -------------------
                         (clock sys_clk_pin rise edge)
                                                      0.000     0.000 r  
    W5                                                0.000     0.000 r  clk (IN)
                         net (fo=0)                   0.000     0.000    clk
    W5                   IBUF (Prop_ibuf_I_O)         0.226     0.226 r  clk_IBUF_inst/O
                         net (fo=1, routed)           0.631     0.858    clk_IBUF
    BUFGCTRL_X0Y0        BUFG (Prop_bufg_I_O)         0.026     0.884 r  clk_IBUF_BUFG_inst/O
                         net (fo=37, routed)          0.592     1.475    U_NRZ_I/CLK
    SLICE_X4Y40          FDPE                                         r  U_NRZ_I/bit_index_reg[0]/C
  -------------------------------------------------------------------    -------------------
    SLICE_X4Y40          FDPE (Prop_fdpe_C_Q)         0.141     1.616 r  U_NRZ_I/bit_index_reg[0]/Q
                         net (fo=11, routed)          0.263     1.879    U_NRZ_I/bit_index_reg[0]
    SLICE_X4Y39          LUT3 (Prop_lut3_I1_O)        0.045     1.924 r  U_NRZ_I/bit_index[1]_i_1/O
                         net (fo=1, routed)           0.000     1.924    U_NRZ_I/p_0_in[1]
    SLICE_X4Y39          FDPE                                         r  U_NRZ_I/bit_index_reg[1]/D
  -------------------------------------------------------------------    -------------------

                         (clock sys_clk_pin rise edge)
                                                      0.000     0.000 r  
    W5                                                0.000     0.000 r  clk (IN)
                         net (fo=0)                   0.000     0.000    clk
    W5                   IBUF (Prop_ibuf_I_O)         0.414     0.414 r  clk_IBUF_inst/O
                         net (fo=1, routed)           0.685     1.099    clk_IBUF
    BUFGCTRL_X0Y0        BUFG (Prop_bufg_I_O)         0.029     1.128 r  clk_IBUF_BUFG_inst/O
                         net (fo=37, routed)          0.862     1.989    U_NRZ_I/CLK
    SLICE_X4Y39          FDPE                                         r  U_NRZ_I/bit_index_reg[1]/C
                         clock pessimism             -0.499     1.490    
    SLICE_X4Y39          FDPE (Hold_fdpe_C_D)         0.091     1.581    U_NRZ_I/bit_index_reg[1]
  -------------------------------------------------------------------
                         required time                         -1.581    
                         arrival time                           1.924    
  -------------------------------------------------------------------
                         slack                                  0.343    

Slack (MET) :             0.354ns  (arrival time - required time)
  Source:                 U_NRZ_I/is_tx_reg/C
                            (rising edge-triggered cell FDCE clocked by sys_clk_pin  {rise@0.000ns fall@5.000ns period=10.000ns})
  Destination:            U_NRZ_I/cycle_cnt_reg[9]/D
                            (rising edge-triggered cell FDCE clocked by sys_clk_pin  {rise@0.000ns fall@5.000ns period=10.000ns})
  Path Group:             sys_clk_pin
  Path Type:              Hold (Min at Fast Process Corner)
  Requirement:            0.000ns  (sys_clk_pin rise@0.000ns - sys_clk_pin rise@0.000ns)
  Data Path Delay:        0.461ns  (logic 0.186ns (40.376%)  route 0.275ns (59.624%))
  Logic Levels:           1  (LUT5=1)
  Clock Path Skew:        0.015ns (DCD - SCD - CPR)
    Destination Clock Delay (DCD):    1.989ns
    Source Clock Delay      (SCD):    1.475ns
    Clock Pessimism Removal (CPR):    0.499ns

    Location             Delay type                Incr(ns)  Path(ns)    Netlist Resource(s)
  -------------------------------------------------------------------    -------------------
                         (clock sys_clk_pin rise edge)
                                                      0.000     0.000 r  
    W5                                                0.000     0.000 r  clk (IN)
                         net (fo=0)                   0.000     0.000    clk
    W5                   IBUF (Prop_ibuf_I_O)         0.226     0.226 r  clk_IBUF_inst/O
                         net (fo=1, routed)           0.631     0.858    clk_IBUF
    BUFGCTRL_X0Y0        BUFG (Prop_bufg_I_O)         0.026     0.884 r  clk_IBUF_BUFG_inst/O
                         net (fo=37, routed)          0.592     1.475    U_NRZ_I/CLK
    SLICE_X5Y40          FDCE                                         r  U_NRZ_I/is_tx_reg/C
  -------------------------------------------------------------------    -------------------
    SLICE_X5Y40          FDCE (Prop_fdce_C_Q)         0.141     1.616 r  U_NRZ_I/is_tx_reg/Q
                         net (fo=37, routed)          0.275     1.891    U_NRZ_I/is_tx_reg_n_0
    SLICE_X7Y39          LUT5 (Prop_lut5_I1_O)        0.045     1.936 r  U_NRZ_I/cycle_cnt[9]_i_1/O
                         net (fo=1, routed)           0.000     1.936    U_NRZ_I/p_1_in[9]
    SLICE_X7Y39          FDCE                                         r  U_NRZ_I/cycle_cnt_reg[9]/D
  -------------------------------------------------------------------    -------------------

                         (clock sys_clk_pin rise edge)
                                                      0.000     0.000 r  
    W5                                                0.000     0.000 r  clk (IN)
                         net (fo=0)                   0.000     0.000    clk
    W5                   IBUF (Prop_ibuf_I_O)         0.414     0.414 r  clk_IBUF_inst/O
                         net (fo=1, routed)           0.685     1.099    clk_IBUF
    BUFGCTRL_X0Y0        BUFG (Prop_bufg_I_O)         0.029     1.128 r  clk_IBUF_BUFG_inst/O
                         net (fo=37, routed)          0.862     1.989    U_NRZ_I/CLK
    SLICE_X7Y39          FDCE                                         r  U_NRZ_I/cycle_cnt_reg[9]/C
                         clock pessimism             -0.499     1.490    
    SLICE_X7Y39          FDCE (Hold_fdce_C_D)         0.092     1.582    U_NRZ_I/cycle_cnt_reg[9]
  -------------------------------------------------------------------
                         required time                         -1.582    
                         arrival time                           1.936    
  -------------------------------------------------------------------
                         slack                                  0.354    

Slack (MET) :             0.387ns  (arrival time - required time)
  Source:                 U_NRZ_I/is_tx_reg/C
                            (rising edge-triggered cell FDCE clocked by sys_clk_pin  {rise@0.000ns fall@5.000ns period=10.000ns})
  Destination:            U_NRZ_I/cycle_cnt_reg[7]/D
                            (rising edge-triggered cell FDCE clocked by sys_clk_pin  {rise@0.000ns fall@5.000ns period=10.000ns})
  Path Group:             sys_clk_pin
  Path Type:              Hold (Min at Fast Process Corner)
  Requirement:            0.000ns  (sys_clk_pin rise@0.000ns - sys_clk_pin rise@0.000ns)
  Data Path Delay:        0.493ns  (logic 0.186ns (37.765%)  route 0.307ns (62.235%))
  Logic Levels:           1  (LUT5=1)
  Clock Path Skew:        0.015ns (DCD - SCD - CPR)
    Destination Clock Delay (DCD):    1.989ns
    Source Clock Delay      (SCD):    1.475ns
    Clock Pessimism Removal (CPR):    0.499ns

    Location             Delay type                Incr(ns)  Path(ns)    Netlist Resource(s)
  -------------------------------------------------------------------    -------------------
                         (clock sys_clk_pin rise edge)
                                                      0.000     0.000 r  
    W5                                                0.000     0.000 r  clk (IN)
                         net (fo=0)                   0.000     0.000    clk
    W5                   IBUF (Prop_ibuf_I_O)         0.226     0.226 r  clk_IBUF_inst/O
                         net (fo=1, routed)           0.631     0.858    clk_IBUF
    BUFGCTRL_X0Y0        BUFG (Prop_bufg_I_O)         0.026     0.884 r  clk_IBUF_BUFG_inst/O
                         net (fo=37, routed)          0.592     1.475    U_NRZ_I/CLK
    SLICE_X5Y40          FDCE                                         r  U_NRZ_I/is_tx_reg/C
  -------------------------------------------------------------------    -------------------
    SLICE_X5Y40          FDCE (Prop_fdce_C_Q)         0.141     1.616 r  U_NRZ_I/is_tx_reg/Q
                         net (fo=37, routed)          0.307     1.923    U_NRZ_I/is_tx_reg_n_0
    SLICE_X5Y38          LUT5 (Prop_lut5_I1_O)        0.045     1.968 r  U_NRZ_I/cycle_cnt[7]_i_1/O
                         net (fo=1, routed)           0.000     1.968    U_NRZ_I/p_1_in[7]
    SLICE_X5Y38          FDCE                                         r  U_NRZ_I/cycle_cnt_reg[7]/D
  -------------------------------------------------------------------    -------------------

                         (clock sys_clk_pin rise edge)
                                                      0.000     0.000 r  
    W5                                                0.000     0.000 r  clk (IN)
                         net (fo=0)                   0.000     0.000    clk
    W5                   IBUF (Prop_ibuf_I_O)         0.414     0.414 r  clk_IBUF_inst/O
                         net (fo=1, routed)           0.685     1.099    clk_IBUF
    BUFGCTRL_X0Y0        BUFG (Prop_bufg_I_O)         0.029     1.128 r  clk_IBUF_BUFG_inst/O
                         net (fo=37, routed)          0.862     1.989    U_NRZ_I/CLK
    SLICE_X5Y38          FDCE                                         r  U_NRZ_I/cycle_cnt_reg[7]/C
                         clock pessimism             -0.499     1.490    
    SLICE_X5Y38          FDCE (Hold_fdce_C_D)         0.091     1.581    U_NRZ_I/cycle_cnt_reg[7]
  -------------------------------------------------------------------
                         required time                         -1.581    
                         arrival time                           1.968    
  -------------------------------------------------------------------
                         slack                                  0.387    





Pulse Width Checks
--------------------------------------------------------------------------------------
Clock Name:         sys_clk_pin
Waveform(ns):       { 0.000 5.000 }
Period(ns):         10.000
Sources:            { clk }

Check Type        Corner  Lib Pin  Reference Pin  Required(ns)  Actual(ns)  Slack(ns)  Location       Pin
Min Period        n/a     BUFG/I   n/a            2.155         10.000      7.845      BUFGCTRL_X0Y0  clk_IBUF_BUFG_inst/I
Min Period        n/a     FDRE/C   n/a            1.000         10.000      9.000      SLICE_X2Y43    clk_25_reg/C
Min Period        n/a     FDRE/C   n/a            1.000         10.000      9.000      SLICE_X2Y43    counter_25_reg[0]/C
Min Period        n/a     FDRE/C   n/a            1.000         10.000      9.000      SLICE_X2Y43    counter_25_reg[1]/C
Min Period        n/a     FDPE/C   n/a            1.000         10.000      9.000      SLICE_X4Y40    U_NRZ_I/bit_index_reg[0]/C
Min Period        n/a     FDPE/C   n/a            1.000         10.000      9.000      SLICE_X4Y39    U_NRZ_I/bit_index_reg[1]/C
Min Period        n/a     FDPE/C   n/a            1.000         10.000      9.000      SLICE_X4Y39    U_NRZ_I/bit_index_reg[2]/C
Min Period        n/a     FDPE/C   n/a            1.000         10.000      9.000      SLICE_X4Y39    U_NRZ_I/bit_index_reg[3]/C
Min Period        n/a     FDCE/C   n/a            1.000         10.000      9.000      SLICE_X5Y39    U_NRZ_I/current_level_reg/C
Min Period        n/a     FDCE/C   n/a            1.000         10.000      9.000      SLICE_X7Y38    U_NRZ_I/cycle_cnt_reg[0]/C
Low Pulse Width   Slow    FDRE/C   n/a            0.500         5.000       4.500      SLICE_X2Y43    clk_25_reg/C
Low Pulse Width   Fast    FDRE/C   n/a            0.500         5.000       4.500      SLICE_X2Y43    clk_25_reg/C
Low Pulse Width   Slow    FDRE/C   n/a            0.500         5.000       4.500      SLICE_X2Y43    counter_25_reg[0]/C
Low Pulse Width   Fast    FDRE/C   n/a            0.500         5.000       4.500      SLICE_X2Y43    counter_25_reg[0]/C
Low Pulse Width   Slow    FDRE/C   n/a            0.500         5.000       4.500      SLICE_X2Y43    counter_25_reg[1]/C
Low Pulse Width   Fast    FDRE/C   n/a            0.500         5.000       4.500      SLICE_X2Y43    counter_25_reg[1]/C
Low Pulse Width   Slow    FDPE/C   n/a            0.500         5.000       4.500      SLICE_X4Y40    U_NRZ_I/bit_index_reg[0]/C
Low Pulse Width   Fast    FDPE/C   n/a            0.500         5.000       4.500      SLICE_X4Y40    U_NRZ_I/bit_index_reg[0]/C
Low Pulse Width   Slow    FDPE/C   n/a            0.500         5.000       4.500      SLICE_X4Y39    U_NRZ_I/bit_index_reg[1]/C
Low Pulse Width   Fast    FDPE/C   n/a            0.500         5.000       4.500      SLICE_X4Y39    U_NRZ_I/bit_index_reg[1]/C
High Pulse Width  Slow    FDRE/C   n/a            0.500         5.000       4.500      SLICE_X2Y43    clk_25_reg/C
High Pulse Width  Fast    FDRE/C   n/a            0.500         5.000       4.500      SLICE_X2Y43    clk_25_reg/C
High Pulse Width  Slow    FDRE/C   n/a            0.500         5.000       4.500      SLICE_X2Y43    counter_25_reg[0]/C
High Pulse Width  Fast    FDRE/C   n/a            0.500         5.000       4.500      SLICE_X2Y43    counter_25_reg[0]/C
High Pulse Width  Slow    FDRE/C   n/a            0.500         5.000       4.500      SLICE_X2Y43    counter_25_reg[1]/C
High Pulse Width  Fast    FDRE/C   n/a            0.500         5.000       4.500      SLICE_X2Y43    counter_25_reg[1]/C
High Pulse Width  Slow    FDPE/C   n/a            0.500         5.000       4.500      SLICE_X4Y40    U_NRZ_I/bit_index_reg[0]/C
High Pulse Width  Fast    FDPE/C   n/a            0.500         5.000       4.500      SLICE_X4Y40    U_NRZ_I/bit_index_reg[0]/C
High Pulse Width  Slow    FDPE/C   n/a            0.500         5.000       4.500      SLICE_X4Y39    U_NRZ_I/bit_index_reg[1]/C
High Pulse Width  Fast    FDPE/C   n/a            0.500         5.000       4.500      SLICE_X4Y39    U_NRZ_I/bit_index_reg[1]/C



--------------------------------------------------------------------------------------
Path Group:  (none)
From Clock:  
  To Clock:  

Max Delay            65 Endpoints
Min Delay            65 Endpoints
--------------------------------------------------------------------------------------


Max Delay Paths
--------------------------------------------------------------------------------------
Slack:                    inf
  Source:                 v_cnt_reg[9]/C
                            (rising edge-triggered cell FDCE)
  Destination:            vgaBlue[0]
                            (output port)
  Path Group:             (none)
  Path Type:              Max at Slow Process Corner
  Data Path Delay:        9.678ns  (logic 4.323ns (44.670%)  route 5.355ns (55.330%))
  Logic Levels:           5  (FDCE=1 LUT3=1 LUT4=1 LUT6=1 OBUF=1)

    Location             Delay type                Incr(ns)  Path(ns)    Netlist Resource(s)
  -------------------------------------------------------------------    -------------------
    SLICE_X1Y37          FDCE                         0.000     0.000 r  v_cnt_reg[9]/C
    SLICE_X1Y37          FDCE (Prop_fdce_C_Q)         0.456     0.456 f  v_cnt_reg[9]/Q
                         net (fo=6, routed)           1.440     1.896    U_NRZ_I/Q[6]
    SLICE_X8Y42          LUT4 (Prop_lut4_I3_O)        0.124     2.020 r  U_NRZ_I/vgaRed_OBUF[3]_inst_i_4/O
                         net (fo=5, routed)           1.147     3.167    U_NRZ_I/vgaRed_OBUF[3]_inst_i_4_n_0
    SLICE_X2Y38          LUT6 (Prop_lut6_I2_O)        0.124     3.291 r  U_NRZ_I/vgaBlue_OBUF[0]_inst_i_3/O
                         net (fo=1, routed)           0.867     4.158    U_NRZ_I/vgaBlue_OBUF[0]_inst_i_3_n_0
    SLICE_X3Y38          LUT3 (Prop_lut3_I1_O)        0.124     4.282 r  U_NRZ_I/vgaBlue_OBUF[0]_inst_i_1/O
                         net (fo=1, routed)           1.901     6.183    vgaBlue_OBUF[0]
    N18                  OBUF (Prop_obuf_I_O)         3.495     9.678 r  vgaBlue_OBUF[0]_inst/O
                         net (fo=0)                   0.000     9.678    vgaBlue[0]
    N18                                                               r  vgaBlue[0] (OUT)
  -------------------------------------------------------------------    -------------------

Slack:                    inf
  Source:                 v_cnt_reg[9]/C
                            (rising edge-triggered cell FDCE)
  Destination:            vgaGreen[3]
                            (output port)
  Path Group:             (none)
  Path Type:              Max at Slow Process Corner
  Data Path Delay:        9.299ns  (logic 4.234ns (45.539%)  route 5.064ns (54.461%))
  Logic Levels:           4  (FDCE=1 LUT4=1 LUT6=1 OBUF=1)

    Location             Delay type                Incr(ns)  Path(ns)    Netlist Resource(s)
  -------------------------------------------------------------------    -------------------
    SLICE_X1Y37          FDCE                         0.000     0.000 r  v_cnt_reg[9]/C
    SLICE_X1Y37          FDCE (Prop_fdce_C_Q)         0.456     0.456 f  v_cnt_reg[9]/Q
                         net (fo=6, routed)           1.440     1.896    U_NRZ_I/Q[6]
    SLICE_X8Y42          LUT4 (Prop_lut4_I3_O)        0.124     2.020 r  U_NRZ_I/vgaRed_OBUF[3]_inst_i_4/O
                         net (fo=5, routed)           1.279     3.299    U_NRZ_I/vgaRed_OBUF[3]_inst_i_4_n_0
    SLICE_X2Y38          LUT6 (Prop_lut6_I5_O)        0.124     3.423 r  U_NRZ_I/vgaGreen_OBUF[3]_inst_i_1/O
                         net (fo=4, routed)           2.345     5.768    vgaGreen_OBUF[0]
    D17                  OBUF (Prop_obuf_I_O)         3.530     9.299 r  vgaGreen_OBUF[3]_inst/O
                         net (fo=0)                   0.000     9.299    vgaGreen[3]
    D17                                                               r  vgaGreen[3] (OUT)
  -------------------------------------------------------------------    -------------------

Slack:                    inf
  Source:                 v_cnt_reg[9]/C
                            (rising edge-triggered cell FDCE)
  Destination:            vgaRed[3]
                            (output port)
  Path Group:             (none)
  Path Type:              Max at Slow Process Corner
  Data Path Delay:        9.026ns  (logic 4.206ns (46.604%)  route 4.820ns (53.396%))
  Logic Levels:           4  (FDCE=1 LUT4=1 LUT6=1 OBUF=1)

    Location             Delay type                Incr(ns)  Path(ns)    Netlist Resource(s)
  -------------------------------------------------------------------    -------------------
    SLICE_X1Y37          FDCE                         0.000     0.000 r  v_cnt_reg[9]/C
    SLICE_X1Y37          FDCE (Prop_fdce_C_Q)         0.456     0.456 f  v_cnt_reg[9]/Q
                         net (fo=6, routed)           1.440     1.896    U_NRZ_I/Q[6]
    SLICE_X8Y42          LUT4 (Prop_lut4_I3_O)        0.124     2.020 r  U_NRZ_I/vgaRed_OBUF[3]_inst_i_4/O
                         net (fo=5, routed)           1.333     3.352    U_NRZ_I/vgaRed_OBUF[3]_inst_i_4_n_0
    SLICE_X2Y38          LUT6 (Prop_lut6_I5_O)        0.124     3.476 r  U_NRZ_I/vgaRed_OBUF[3]_inst_i_1/O
                         net (fo=4, routed)           2.047     5.524    vgaRed_OBUF[0]
    N19                  OBUF (Prop_obuf_I_O)         3.502     9.026 r  vgaRed_OBUF[3]_inst/O
                         net (fo=0)                   0.000     9.026    vgaRed[3]
    N19                                                               r  vgaRed[3] (OUT)
  -------------------------------------------------------------------    -------------------

Slack:                    inf
  Source:                 v_cnt_reg[9]/C
                            (rising edge-triggered cell FDCE)
  Destination:            vgaGreen[0]
                            (output port)
  Path Group:             (none)
  Path Type:              Max at Slow Process Corner
  Data Path Delay:        8.933ns  (logic 4.225ns (47.294%)  route 4.708ns (52.706%))
  Logic Levels:           4  (FDCE=1 LUT4=1 LUT6=1 OBUF=1)

    Location             Delay type                Incr(ns)  Path(ns)    Netlist Resource(s)
  -------------------------------------------------------------------    -------------------
    SLICE_X1Y37          FDCE                         0.000     0.000 r  v_cnt_reg[9]/C
    SLICE_X1Y37          FDCE (Prop_fdce_C_Q)         0.456     0.456 f  v_cnt_reg[9]/Q
                         net (fo=6, routed)           1.440     1.896    U_NRZ_I/Q[6]
    SLICE_X8Y42          LUT4 (Prop_lut4_I3_O)        0.124     2.020 r  U_NRZ_I/vgaRed_OBUF[3]_inst_i_4/O
                         net (fo=5, routed)           1.279     3.299    U_NRZ_I/vgaRed_OBUF[3]_inst_i_4_n_0
    SLICE_X2Y38          LUT6 (Prop_lut6_I5_O)        0.124     3.423 r  U_NRZ_I/vgaGreen_OBUF[3]_inst_i_1/O
                         net (fo=4, routed)           1.989     5.412    vgaGreen_OBUF[0]
    J17                  OBUF (Prop_obuf_I_O)         3.521     8.933 r  vgaGreen_OBUF[0]_inst/O
                         net (fo=0)                   0.000     8.933    vgaGreen[0]
    J17                                                               r  vgaGreen[0] (OUT)
  -------------------------------------------------------------------    -------------------

Slack:                    inf
  Source:                 v_cnt_reg[9]/C
                            (rising edge-triggered cell FDCE)
  Destination:            vgaRed[1]
                            (output port)
  Path Group:             (none)
  Path Type:              Max at Slow Process Corner
  Data Path Delay:        8.872ns  (logic 4.223ns (47.601%)  route 4.649ns (52.399%))
  Logic Levels:           4  (FDCE=1 LUT4=1 LUT6=1 OBUF=1)

    Location             Delay type                Incr(ns)  Path(ns)    Netlist Resource(s)
  -------------------------------------------------------------------    -------------------
    SLICE_X1Y37          FDCE                         0.000     0.000 r  v_cnt_reg[9]/C
    SLICE_X1Y37          FDCE (Prop_fdce_C_Q)         0.456     0.456 f  v_cnt_reg[9]/Q
                         net (fo=6, routed)           1.440     1.896    U_NRZ_I/Q[6]
    SLICE_X8Y42          LUT4 (Prop_lut4_I3_O)        0.124     2.020 r  U_NRZ_I/vgaRed_OBUF[3]_inst_i_4/O
                         net (fo=5, routed)           1.333     3.352    U_NRZ_I/vgaRed_OBUF[3]_inst_i_4_n_0
    SLICE_X2Y38          LUT6 (Prop_lut6_I5_O)        0.124     3.476 r  U_NRZ_I/vgaRed_OBUF[3]_inst_i_1/O
                         net (fo=4, routed)           1.877     5.353    vgaRed_OBUF[0]
    H19                  OBUF (Prop_obuf_I_O)         3.519     8.872 r  vgaRed_OBUF[1]_inst/O
                         net (fo=0)                   0.000     8.872    vgaRed[1]
    H19                                                               r  vgaRed[1] (OUT)
  -------------------------------------------------------------------    -------------------

Slack:                    inf
  Source:                 v_cnt_reg[9]/C
                            (rising edge-triggered cell FDCE)
  Destination:            vgaRed[2]
                            (output port)
  Path Group:             (none)
  Path Type:              Max at Slow Process Corner
  Data Path Delay:        8.845ns  (logic 4.228ns (47.800%)  route 4.617ns (52.200%))
  Logic Levels:           4  (FDCE=1 LUT4=1 LUT6=1 OBUF=1)

    Location             Delay type                Incr(ns)  Path(ns)    Netlist Resource(s)
  -------------------------------------------------------------------    -------------------
    SLICE_X1Y37          FDCE                         0.000     0.000 r  v_cnt_reg[9]/C
    SLICE_X1Y37          FDCE (Prop_fdce_C_Q)         0.456     0.456 f  v_cnt_reg[9]/Q
                         net (fo=6, routed)           1.440     1.896    U_NRZ_I/Q[6]
    SLICE_X8Y42          LUT4 (Prop_lut4_I3_O)        0.124     2.020 r  U_NRZ_I/vgaRed_OBUF[3]_inst_i_4/O
                         net (fo=5, routed)           1.333     3.352    U_NRZ_I/vgaRed_OBUF[3]_inst_i_4_n_0
    SLICE_X2Y38          LUT6 (Prop_lut6_I5_O)        0.124     3.476 r  U_NRZ_I/vgaRed_OBUF[3]_inst_i_1/O
                         net (fo=4, routed)           1.845     5.321    vgaRed_OBUF[0]
    J19                  OBUF (Prop_obuf_I_O)         3.524     8.845 r  vgaRed_OBUF[2]_inst/O
                         net (fo=0)                   0.000     8.845    vgaRed[2]
    J19                                                               r  vgaRed[2] (OUT)
  -------------------------------------------------------------------    -------------------

Slack:                    inf
  Source:                 v_cnt_reg[9]/C
                            (rising edge-triggered cell FDCE)
  Destination:            vgaGreen[1]
                            (output port)
  Path Group:             (none)
  Path Type:              Max at Slow Process Corner
  Data Path Delay:        8.797ns  (logic 4.209ns (47.851%)  route 4.588ns (52.149%))
  Logic Levels:           4  (FDCE=1 LUT4=1 LUT6=1 OBUF=1)

    Location             Delay type                Incr(ns)  Path(ns)    Netlist Resource(s)
  -------------------------------------------------------------------    -------------------
    SLICE_X1Y37          FDCE                         0.000     0.000 r  v_cnt_reg[9]/C
    SLICE_X1Y37          FDCE (Prop_fdce_C_Q)         0.456     0.456 f  v_cnt_reg[9]/Q
                         net (fo=6, routed)           1.440     1.896    U_NRZ_I/Q[6]
    SLICE_X8Y42          LUT4 (Prop_lut4_I3_O)        0.124     2.020 r  U_NRZ_I/vgaRed_OBUF[3]_inst_i_4/O
                         net (fo=5, routed)           1.279     3.299    U_NRZ_I/vgaRed_OBUF[3]_inst_i_4_n_0
    SLICE_X2Y38          LUT6 (Prop_lut6_I5_O)        0.124     3.423 r  U_NRZ_I/vgaGreen_OBUF[3]_inst_i_1/O
                         net (fo=4, routed)           1.869     5.292    vgaGreen_OBUF[0]
    H17                  OBUF (Prop_obuf_I_O)         3.505     8.797 r  vgaGreen_OBUF[1]_inst/O
                         net (fo=0)                   0.000     8.797    vgaGreen[1]
    H17                                                               r  vgaGreen[1] (OUT)
  -------------------------------------------------------------------    -------------------

Slack:                    inf
  Source:                 v_cnt_reg[9]/C
                            (rising edge-triggered cell FDCE)
  Destination:            vgaRed[0]
                            (output port)
  Path Group:             (none)
  Path Type:              Max at Slow Process Corner
  Data Path Delay:        8.738ns  (logic 4.228ns (48.385%)  route 4.510ns (51.615%))
  Logic Levels:           4  (FDCE=1 LUT4=1 LUT6=1 OBUF=1)

    Location             Delay type                Incr(ns)  Path(ns)    Netlist Resource(s)
  -------------------------------------------------------------------    -------------------
    SLICE_X1Y37          FDCE                         0.000     0.000 r  v_cnt_reg[9]/C
    SLICE_X1Y37          FDCE (Prop_fdce_C_Q)         0.456     0.456 f  v_cnt_reg[9]/Q
                         net (fo=6, routed)           1.440     1.896    U_NRZ_I/Q[6]
    SLICE_X8Y42          LUT4 (Prop_lut4_I3_O)        0.124     2.020 r  U_NRZ_I/vgaRed_OBUF[3]_inst_i_4/O
                         net (fo=5, routed)           1.333     3.352    U_NRZ_I/vgaRed_OBUF[3]_inst_i_4_n_0
    SLICE_X2Y38          LUT6 (Prop_lut6_I5_O)        0.124     3.476 r  U_NRZ_I/vgaRed_OBUF[3]_inst_i_1/O
                         net (fo=4, routed)           1.738     5.214    vgaRed_OBUF[0]
    G19                  OBUF (Prop_obuf_I_O)         3.524     8.738 r  vgaRed_OBUF[0]_inst/O
                         net (fo=0)                   0.000     8.738    vgaRed[0]
    G19                                                               r  vgaRed[0] (OUT)
  -------------------------------------------------------------------    -------------------

Slack:                    inf
  Source:                 v_cnt_reg[9]/C
                            (rising edge-triggered cell FDCE)
  Destination:            vgaGreen[2]
                            (output port)
  Path Group:             (none)
  Path Type:              Max at Slow Process Corner
  Data Path Delay:        8.656ns  (logic 4.233ns (48.902%)  route 4.423ns (51.098%))
  Logic Levels:           4  (FDCE=1 LUT4=1 LUT6=1 OBUF=1)

    Location             Delay type                Incr(ns)  Path(ns)    Netlist Resource(s)
  -------------------------------------------------------------------    -------------------
    SLICE_X1Y37          FDCE                         0.000     0.000 r  v_cnt_reg[9]/C
    SLICE_X1Y37          FDCE (Prop_fdce_C_Q)         0.456     0.456 f  v_cnt_reg[9]/Q
                         net (fo=6, routed)           1.440     1.896    U_NRZ_I/Q[6]
    SLICE_X8Y42          LUT4 (Prop_lut4_I3_O)        0.124     2.020 r  U_NRZ_I/vgaRed_OBUF[3]_inst_i_4/O
                         net (fo=5, routed)           1.279     3.299    U_NRZ_I/vgaRed_OBUF[3]_inst_i_4_n_0
    SLICE_X2Y38          LUT6 (Prop_lut6_I5_O)        0.124     3.423 r  U_NRZ_I/vgaGreen_OBUF[3]_inst_i_1/O
                         net (fo=4, routed)           1.704     5.127    vgaGreen_OBUF[0]
    G17                  OBUF (Prop_obuf_I_O)         3.529     8.656 r  vgaGreen_OBUF[2]_inst/O
                         net (fo=0)                   0.000     8.656    vgaGreen[2]
    G17                                                               r  vgaGreen[2] (OUT)
  -------------------------------------------------------------------    -------------------

Slack:                    inf
  Source:                 Hsync_reg/C
                            (rising edge-triggered cell FDPE)
  Destination:            Hsync
                            (output port)
  Path Group:             (none)
  Path Type:              Max at Slow Process Corner
  Data Path Delay:        6.372ns  (logic 4.015ns (63.007%)  route 2.357ns (36.993%))
  Logic Levels:           2  (FDPE=1 OBUF=1)

    Location             Delay type                Incr(ns)  Path(ns)    Netlist Resource(s)
  -------------------------------------------------------------------    -------------------
    SLICE_X8Y42          FDPE                         0.000     0.000 r  Hsync_reg/C
    SLICE_X8Y42          FDPE (Prop_fdpe_C_Q)         0.518     0.518 r  Hsync_reg/Q
                         net (fo=1, routed)           2.357     2.875    Hsync_OBUF
    P19                  OBUF (Prop_obuf_I_O)         3.497     6.372 r  Hsync_OBUF_inst/O
                         net (fo=0)                   0.000     6.372    Hsync
    P19                                                               r  Hsync (OUT)
  -------------------------------------------------------------------    -------------------





Min Delay Paths
--------------------------------------------------------------------------------------
Slack:                    inf
  Source:                 h_cnt_reg[9]/C
                            (rising edge-triggered cell FDCE)
  Destination:            h_cnt_reg[5]/D
  Path Group:             (none)
  Path Type:              Min at Fast Process Corner
  Data Path Delay:        0.295ns  (logic 0.186ns (62.962%)  route 0.109ns (37.038%))
  Logic Levels:           2  (FDCE=1 LUT6=1)

    Location             Delay type                Incr(ns)  Path(ns)    Netlist Resource(s)
  -------------------------------------------------------------------    -------------------
    SLICE_X9Y42          FDCE                         0.000     0.000 r  h_cnt_reg[9]/C
    SLICE_X9Y42          FDCE (Prop_fdce_C_Q)         0.141     0.141 f  h_cnt_reg[9]/Q
                         net (fo=6, routed)           0.109     0.250    h_cnt_reg_n_0_[9]
    SLICE_X8Y42          LUT6 (Prop_lut6_I4_O)        0.045     0.295 r  h_cnt[5]_i_1/O
                         net (fo=1, routed)           0.000     0.295    h_cnt[5]
    SLICE_X8Y42          FDCE                                         r  h_cnt_reg[5]/D
  -------------------------------------------------------------------    -------------------

Slack:                    inf
  Source:                 h_cnt_reg[9]/C
                            (rising edge-triggered cell FDCE)
  Destination:            Hsync_reg/D
  Path Group:             (none)
  Path Type:              Min at Fast Process Corner
  Data Path Delay:        0.297ns  (logic 0.186ns (62.538%)  route 0.111ns (37.462%))
  Logic Levels:           2  (FDCE=1 LUT6=1)

    Location             Delay type                Incr(ns)  Path(ns)    Netlist Resource(s)
  -------------------------------------------------------------------    -------------------
    SLICE_X9Y42          FDCE                         0.000     0.000 r  h_cnt_reg[9]/C
    SLICE_X9Y42          FDCE (Prop_fdce_C_Q)         0.141     0.141 f  h_cnt_reg[9]/Q
                         net (fo=6, routed)           0.111     0.252    h_cnt_reg_n_0_[9]
    SLICE_X8Y42          LUT6 (Prop_lut6_I4_O)        0.045     0.297 r  Hsync_i_1/O
                         net (fo=1, routed)           0.000     0.297    Hsync_i_1_n_0
    SLICE_X8Y42          FDPE                                         r  Hsync_reg/D
  -------------------------------------------------------------------    -------------------

Slack:                    inf
  Source:                 v_cnt_reg[7]/C
                            (rising edge-triggered cell FDCE)
  Destination:            v_cnt_reg[8]/D
  Path Group:             (none)
  Path Type:              Min at Fast Process Corner
  Data Path Delay:        0.310ns  (logic 0.227ns (73.156%)  route 0.083ns (26.844%))
  Logic Levels:           2  (FDCE=1 LUT6=1)

    Location             Delay type                Incr(ns)  Path(ns)    Netlist Resource(s)
  -------------------------------------------------------------------    -------------------
    SLICE_X3Y39          FDCE                         0.000     0.000 r  v_cnt_reg[7]/C
    SLICE_X3Y39          FDCE (Prop_fdce_C_Q)         0.128     0.128 r  v_cnt_reg[7]/Q
                         net (fo=10, routed)          0.083     0.211    v_cnt_reg_n_0_[7]
    SLICE_X3Y39          LUT6 (Prop_lut6_I4_O)        0.099     0.310 r  v_cnt[8]_i_1/O
                         net (fo=1, routed)           0.000     0.310    v_cnt[8]_i_1_n_0
    SLICE_X3Y39          FDCE                                         r  v_cnt_reg[8]/D
  -------------------------------------------------------------------    -------------------

Slack:                    inf
  Source:                 h_cnt_reg[5]/C
                            (rising edge-triggered cell FDCE)
  Destination:            h_cnt_reg[9]/D
  Path Group:             (none)
  Path Type:              Min at Fast Process Corner
  Data Path Delay:        0.313ns  (logic 0.209ns (66.684%)  route 0.104ns (33.316%))
  Logic Levels:           2  (FDCE=1 LUT6=1)

    Location             Delay type                Incr(ns)  Path(ns)    Netlist Resource(s)
  -------------------------------------------------------------------    -------------------
    SLICE_X8Y42          FDCE                         0.000     0.000 r  h_cnt_reg[5]/C
    SLICE_X8Y42          FDCE (Prop_fdce_C_Q)         0.164     0.164 r  h_cnt_reg[5]/Q
                         net (fo=7, routed)           0.104     0.268    h_cnt_reg_n_0_[5]
    SLICE_X9Y42          LUT6 (Prop_lut6_I3_O)        0.045     0.313 r  h_cnt[9]_i_1/O
                         net (fo=1, routed)           0.000     0.313    h_cnt[9]
    SLICE_X9Y42          FDCE                                         r  h_cnt_reg[9]/D
  -------------------------------------------------------------------    -------------------

Slack:                    inf
  Source:                 v_cnt_reg[2]/C
                            (rising edge-triggered cell FDCE)
  Destination:            v_cnt_reg[0]/D
  Path Group:             (none)
  Path Type:              Min at Fast Process Corner
  Data Path Delay:        0.323ns  (logic 0.186ns (57.540%)  route 0.137ns (42.460%))
  Logic Levels:           2  (FDCE=1 LUT6=1)

    Location             Delay type                Incr(ns)  Path(ns)    Netlist Resource(s)
  -------------------------------------------------------------------    -------------------
    SLICE_X1Y37          FDCE                         0.000     0.000 r  v_cnt_reg[2]/C
    SLICE_X1Y37          FDCE (Prop_fdce_C_Q)         0.141     0.141 f  v_cnt_reg[2]/Q
                         net (fo=8, routed)           0.137     0.278    v_cnt_reg_n_0_[2]
    SLICE_X3Y37          LUT6 (Prop_lut6_I3_O)        0.045     0.323 r  v_cnt[0]_i_1/O
                         net (fo=1, routed)           0.000     0.323    v_cnt[0]_i_1_n_0
    SLICE_X3Y37          FDCE                                         r  v_cnt_reg[0]/D
  -------------------------------------------------------------------    -------------------

Slack:                    inf
  Source:                 v_cnt_reg[4]/C
                            (rising edge-triggered cell FDCE)
  Destination:            v_cnt_reg[5]/D
  Path Group:             (none)
  Path Type:              Min at Fast Process Corner
  Data Path Delay:        0.325ns  (logic 0.227ns (69.891%)  route 0.098ns (30.109%))
  Logic Levels:           2  (FDCE=1 LUT6=1)

    Location             Delay type                Incr(ns)  Path(ns)    Netlist Resource(s)
  -------------------------------------------------------------------    -------------------
    SLICE_X3Y37          FDCE                         0.000     0.000 r  v_cnt_reg[4]/C
    SLICE_X3Y37          FDCE (Prop_fdce_C_Q)         0.128     0.128 r  v_cnt_reg[4]/Q
                         net (fo=12, routed)          0.098     0.226    v_cnt_reg_n_0_[4]
    SLICE_X3Y37          LUT6 (Prop_lut6_I0_O)        0.099     0.325 r  v_cnt[5]_i_1/O
                         net (fo=1, routed)           0.000     0.325    v_cnt[5]_i_1_n_0
    SLICE_X3Y37          FDCE                                         r  v_cnt_reg[5]/D
  -------------------------------------------------------------------    -------------------

Slack:                    inf
  Source:                 v_cnt_reg[0]/C
                            (rising edge-triggered cell FDCE)
  Destination:            v_cnt_reg[3]/D
  Path Group:             (none)
  Path Type:              Min at Fast Process Corner
  Data Path Delay:        0.356ns  (logic 0.186ns (52.289%)  route 0.170ns (47.711%))
  Logic Levels:           2  (FDCE=1 LUT6=1)

    Location             Delay type                Incr(ns)  Path(ns)    Netlist Resource(s)
  -------------------------------------------------------------------    -------------------
    SLICE_X3Y37          FDCE                         0.000     0.000 r  v_cnt_reg[0]/C
    SLICE_X3Y37          FDCE (Prop_fdce_C_Q)         0.141     0.141 r  v_cnt_reg[0]/Q
                         net (fo=8, routed)           0.170     0.311    v_cnt_reg_n_0_[0]
    SLICE_X3Y37          LUT6 (Prop_lut6_I5_O)        0.045     0.356 r  v_cnt[3]_i_1/O
                         net (fo=1, routed)           0.000     0.356    v_cnt[3]_i_1_n_0
    SLICE_X3Y37          FDCE                                         r  v_cnt_reg[3]/D
  -------------------------------------------------------------------    -------------------

Slack:                    inf
  Source:                 v_cnt_reg[1]/C
                            (rising edge-triggered cell FDCE)
  Destination:            v_cnt_reg[1]/D
  Path Group:             (none)
  Path Type:              Min at Fast Process Corner
  Data Path Delay:        0.366ns  (logic 0.186ns (50.759%)  route 0.180ns (49.241%))
  Logic Levels:           2  (FDCE=1 LUT2=1)

    Location             Delay type                Incr(ns)  Path(ns)    Netlist Resource(s)
  -------------------------------------------------------------------    -------------------
    SLICE_X3Y36          FDCE                         0.000     0.000 r  v_cnt_reg[1]/C
    SLICE_X3Y36          FDCE (Prop_fdce_C_Q)         0.141     0.141 r  v_cnt_reg[1]/Q
                         net (fo=9, routed)           0.180     0.321    v_cnt_reg_n_0_[1]
    SLICE_X3Y36          LUT2 (Prop_lut2_I1_O)        0.045     0.366 r  v_cnt[1]_i_1/O
                         net (fo=1, routed)           0.000     0.366    v_cnt[1]_i_1_n_0
    SLICE_X3Y36          FDCE                                         r  v_cnt_reg[1]/D
  -------------------------------------------------------------------    -------------------

Slack:                    inf
  Source:                 h_cnt_reg[0]/C
                            (rising edge-triggered cell FDCE)
  Destination:            h_cnt_reg[3]/D
  Path Group:             (none)
  Path Type:              Min at Fast Process Corner
  Data Path Delay:        0.369ns  (logic 0.184ns (49.875%)  route 0.185ns (50.125%))
  Logic Levels:           2  (FDCE=1 LUT4=1)

    Location             Delay type                Incr(ns)  Path(ns)    Netlist Resource(s)
  -------------------------------------------------------------------    -------------------
    SLICE_X0Y43          FDCE                         0.000     0.000 r  h_cnt_reg[0]/C
    SLICE_X0Y43          FDCE (Prop_fdce_C_Q)         0.141     0.141 r  h_cnt_reg[0]/Q
                         net (fo=6, routed)           0.185     0.326    h_cnt_reg_n_0_[0]
    SLICE_X0Y43          LUT4 (Prop_lut4_I1_O)        0.043     0.369 r  h_cnt[3]_i_1/O
                         net (fo=1, routed)           0.000     0.369    h_cnt[3]
    SLICE_X0Y43          FDCE                                         r  h_cnt_reg[3]/D
  -------------------------------------------------------------------    -------------------

Slack:                    inf
  Source:                 h_cnt_reg[0]/C
                            (rising edge-triggered cell FDCE)
  Destination:            h_cnt_reg[2]/D
  Path Group:             (none)
  Path Type:              Min at Fast Process Corner
  Data Path Delay:        0.371ns  (logic 0.186ns (50.146%)  route 0.185ns (49.854%))
  Logic Levels:           2  (FDCE=1 LUT3=1)

    Location             Delay type                Incr(ns)  Path(ns)    Netlist Resource(s)
  -------------------------------------------------------------------    -------------------
    SLICE_X0Y43          FDCE                         0.000     0.000 r  h_cnt_reg[0]/C
    SLICE_X0Y43          FDCE (Prop_fdce_C_Q)         0.141     0.141 r  h_cnt_reg[0]/Q
                         net (fo=6, routed)           0.185     0.326    h_cnt_reg_n_0_[0]
    SLICE_X0Y43          LUT3 (Prop_lut3_I1_O)        0.045     0.371 r  h_cnt[2]_i_1/O
                         net (fo=1, routed)           0.000     0.371    h_cnt[2]
    SLICE_X0Y43          FDCE                                         r  h_cnt_reg[2]/D
  -------------------------------------------------------------------    -------------------





--------------------------------------------------------------------------------------
Path Group:  (none)
From Clock:  sys_clk_pin
  To Clock:  

Max Delay            10 Endpoints
Min Delay            10 Endpoints
--------------------------------------------------------------------------------------


Max Delay Paths
--------------------------------------------------------------------------------------
Slack:                    inf
  Source:                 U_NRZ_I/nrz_i_out_reg/C
                            (rising edge-triggered cell FDCE clocked by sys_clk_pin  {rise@0.000ns fall@5.000ns period=10.000ns})
  Destination:            vgaGreen[3]
                            (output port)
  Path Group:             (none)
  Path Type:              Max at Slow Process Corner
  Data Path Delay:        7.457ns  (logic 4.110ns (55.119%)  route 3.347ns (44.881%))
  Logic Levels:           2  (LUT6=1 OBUF=1)
  Clock Uncertainty:      0.025ns  ((TSJ^2 + TIJ^2)^1/2 + DJ) / 2 + PE
    Total System Jitter     (TSJ):    0.050ns
    Total Input Jitter      (TIJ):    0.000ns
    Discrete Jitter          (DJ):    0.000ns
    Phase Error              (PE):    0.000ns

    Location             Delay type                Incr(ns)  Path(ns)    Netlist Resource(s)
  -------------------------------------------------------------------    -------------------
                         (clock sys_clk_pin rise edge)
                                                      0.000     0.000 r  
    W5                                                0.000     0.000 r  clk (IN)
                         net (fo=0)                   0.000     0.000    clk
    W5                   IBUF (Prop_ibuf_I_O)         1.458     1.458 r  clk_IBUF_inst/O
                         net (fo=1, routed)           1.967     3.425    clk_IBUF
    BUFGCTRL_X0Y0        BUFG (Prop_bufg_I_O)         0.096     3.521 r  clk_IBUF_BUFG_inst/O
                         net (fo=37, routed)          1.635     5.156    U_NRZ_I/CLK
    SLICE_X3Y38          FDCE                                         r  U_NRZ_I/nrz_i_out_reg/C
  -------------------------------------------------------------------    -------------------
    SLICE_X3Y38          FDCE (Prop_fdce_C_Q)         0.456     5.612 r  U_NRZ_I/nrz_i_out_reg/Q
                         net (fo=6, routed)           1.002     6.614    U_NRZ_I/nrz_i_out_OBUF
    SLICE_X2Y38          LUT6 (Prop_lut6_I3_O)        0.124     6.738 r  U_NRZ_I/vgaGreen_OBUF[3]_inst_i_1/O
                         net (fo=4, routed)           2.345     9.083    vgaGreen_OBUF[0]
    D17                  OBUF (Prop_obuf_I_O)         3.530    12.614 r  vgaGreen_OBUF[3]_inst/O
                         net (fo=0)                   0.000    12.614    vgaGreen[3]
    D17                                                               r  vgaGreen[3] (OUT)
  -------------------------------------------------------------------    -------------------

Slack:                    inf
  Source:                 U_NRZ_I/nrz_i_out_reg/C
                            (rising edge-triggered cell FDCE clocked by sys_clk_pin  {rise@0.000ns fall@5.000ns period=10.000ns})
  Destination:            vgaRed[3]
                            (output port)
  Path Group:             (none)
  Path Type:              Max at Slow Process Corner
  Data Path Delay:        7.393ns  (logic 4.206ns (56.896%)  route 3.187ns (43.104%))
  Logic Levels:           3  (LUT6=2 OBUF=1)
  Clock Uncertainty:      0.025ns  ((TSJ^2 + TIJ^2)^1/2 + DJ) / 2 + PE
    Total System Jitter     (TSJ):    0.050ns
    Total Input Jitter      (TIJ):    0.000ns
    Discrete Jitter          (DJ):    0.000ns
    Phase Error              (PE):    0.000ns

    Location             Delay type                Incr(ns)  Path(ns)    Netlist Resource(s)
  -------------------------------------------------------------------    -------------------
                         (clock sys_clk_pin rise edge)
                                                      0.000     0.000 r  
    W5                                                0.000     0.000 r  clk (IN)
                         net (fo=0)                   0.000     0.000    clk
    W5                   IBUF (Prop_ibuf_I_O)         1.458     1.458 r  clk_IBUF_inst/O
                         net (fo=1, routed)           1.967     3.425    clk_IBUF
    BUFGCTRL_X0Y0        BUFG (Prop_bufg_I_O)         0.096     3.521 r  clk_IBUF_BUFG_inst/O
                         net (fo=37, routed)          1.635     5.156    U_NRZ_I/CLK
    SLICE_X3Y38          FDCE                                         r  U_NRZ_I/nrz_i_out_reg/C
  -------------------------------------------------------------------    -------------------
    SLICE_X3Y38          FDCE (Prop_fdce_C_Q)         0.456     5.612 f  U_NRZ_I/nrz_i_out_reg/Q
                         net (fo=6, routed)           0.858     6.470    U_NRZ_I/nrz_i_out_OBUF
    SLICE_X2Y38          LUT6 (Prop_lut6_I0_O)        0.124     6.594 r  U_NRZ_I/vgaRed_OBUF[3]_inst_i_2/O
                         net (fo=1, routed)           0.282     6.876    U_NRZ_I/vgaRed_OBUF[3]_inst_i_2_n_0
    SLICE_X2Y38          LUT6 (Prop_lut6_I0_O)        0.124     7.000 r  U_NRZ_I/vgaRed_OBUF[3]_inst_i_1/O
                         net (fo=4, routed)           2.047     9.047    vgaRed_OBUF[0]
    N19                  OBUF (Prop_obuf_I_O)         3.502    12.550 r  vgaRed_OBUF[3]_inst/O
                         net (fo=0)                   0.000    12.550    vgaRed[3]
    N19                                                               r  vgaRed[3] (OUT)
  -------------------------------------------------------------------    -------------------

Slack:                    inf
  Source:                 U_NRZ_I/nrz_i_out_reg/C
                            (rising edge-triggered cell FDCE clocked by sys_clk_pin  {rise@0.000ns fall@5.000ns period=10.000ns})
  Destination:            vgaBlue[0]
                            (output port)
  Path Group:             (none)
  Path Type:              Max at Slow Process Corner
  Data Path Delay:        7.277ns  (logic 4.199ns (57.708%)  route 3.078ns (42.292%))
  Logic Levels:           3  (LUT3=1 LUT6=1 OBUF=1)
  Clock Uncertainty:      0.025ns  ((TSJ^2 + TIJ^2)^1/2 + DJ) / 2 + PE
    Total System Jitter     (TSJ):    0.050ns
    Total Input Jitter      (TIJ):    0.000ns
    Discrete Jitter          (DJ):    0.000ns
    Phase Error              (PE):    0.000ns

    Location             Delay type                Incr(ns)  Path(ns)    Netlist Resource(s)
  -------------------------------------------------------------------    -------------------
                         (clock sys_clk_pin rise edge)
                                                      0.000     0.000 r  
    W5                                                0.000     0.000 r  clk (IN)
                         net (fo=0)                   0.000     0.000    clk
    W5                   IBUF (Prop_ibuf_I_O)         1.458     1.458 r  clk_IBUF_inst/O
                         net (fo=1, routed)           1.967     3.425    clk_IBUF
    BUFGCTRL_X0Y0        BUFG (Prop_bufg_I_O)         0.096     3.521 r  clk_IBUF_BUFG_inst/O
                         net (fo=37, routed)          1.635     5.156    U_NRZ_I/CLK
    SLICE_X3Y38          FDCE                                         r  U_NRZ_I/nrz_i_out_reg/C
  -------------------------------------------------------------------    -------------------
    SLICE_X3Y38          FDCE (Prop_fdce_C_Q)         0.456     5.612 f  U_NRZ_I/nrz_i_out_reg/Q
                         net (fo=6, routed)           0.310     5.922    U_NRZ_I/nrz_i_out_OBUF
    SLICE_X2Y38          LUT6 (Prop_lut6_I5_O)        0.124     6.046 r  U_NRZ_I/vgaBlue_OBUF[0]_inst_i_3/O
                         net (fo=1, routed)           0.867     6.913    U_NRZ_I/vgaBlue_OBUF[0]_inst_i_3_n_0
    SLICE_X3Y38          LUT3 (Prop_lut3_I1_O)        0.124     7.037 r  U_NRZ_I/vgaBlue_OBUF[0]_inst_i_1/O
                         net (fo=1, routed)           1.901     8.938    vgaBlue_OBUF[0]
    N18                  OBUF (Prop_obuf_I_O)         3.495    12.433 r  vgaBlue_OBUF[0]_inst/O
                         net (fo=0)                   0.000    12.433    vgaBlue[0]
    N18                                                               r  vgaBlue[0] (OUT)
  -------------------------------------------------------------------    -------------------

Slack:                    inf
  Source:                 U_NRZ_I/nrz_i_out_reg/C
                            (rising edge-triggered cell FDCE clocked by sys_clk_pin  {rise@0.000ns fall@5.000ns period=10.000ns})
  Destination:            vgaRed[1]
                            (output port)
  Path Group:             (none)
  Path Type:              Max at Slow Process Corner
  Data Path Delay:        7.240ns  (logic 4.223ns (58.335%)  route 3.016ns (41.665%))
  Logic Levels:           3  (LUT6=2 OBUF=1)
  Clock Uncertainty:      0.025ns  ((TSJ^2 + TIJ^2)^1/2 + DJ) / 2 + PE
    Total System Jitter     (TSJ):    0.050ns
    Total Input Jitter      (TIJ):    0.000ns
    Discrete Jitter          (DJ):    0.000ns
    Phase Error              (PE):    0.000ns

    Location             Delay type                Incr(ns)  Path(ns)    Netlist Resource(s)
  -------------------------------------------------------------------    -------------------
                         (clock sys_clk_pin rise edge)
                                                      0.000     0.000 r  
    W5                                                0.000     0.000 r  clk (IN)
                         net (fo=0)                   0.000     0.000    clk
    W5                   IBUF (Prop_ibuf_I_O)         1.458     1.458 r  clk_IBUF_inst/O
                         net (fo=1, routed)           1.967     3.425    clk_IBUF
    BUFGCTRL_X0Y0        BUFG (Prop_bufg_I_O)         0.096     3.521 r  clk_IBUF_BUFG_inst/O
                         net (fo=37, routed)          1.635     5.156    U_NRZ_I/CLK
    SLICE_X3Y38          FDCE                                         r  U_NRZ_I/nrz_i_out_reg/C
  -------------------------------------------------------------------    -------------------
    SLICE_X3Y38          FDCE (Prop_fdce_C_Q)         0.456     5.612 f  U_NRZ_I/nrz_i_out_reg/Q
                         net (fo=6, routed)           0.858     6.470    U_NRZ_I/nrz_i_out_OBUF
    SLICE_X2Y38          LUT6 (Prop_lut6_I0_O)        0.124     6.594 r  U_NRZ_I/vgaRed_OBUF[3]_inst_i_2/O
                         net (fo=1, routed)           0.282     6.876    U_NRZ_I/vgaRed_OBUF[3]_inst_i_2_n_0
    SLICE_X2Y38          LUT6 (Prop_lut6_I0_O)        0.124     7.000 r  U_NRZ_I/vgaRed_OBUF[3]_inst_i_1/O
                         net (fo=4, routed)           1.877     8.877    vgaRed_OBUF[0]
    H19                  OBUF (Prop_obuf_I_O)         3.519    12.396 r  vgaRed_OBUF[1]_inst/O
                         net (fo=0)                   0.000    12.396    vgaRed[1]
    H19                                                               r  vgaRed[1] (OUT)
  -------------------------------------------------------------------    -------------------

Slack:                    inf
  Source:                 U_NRZ_I/nrz_i_out_reg/C
                            (rising edge-triggered cell FDCE clocked by sys_clk_pin  {rise@0.000ns fall@5.000ns period=10.000ns})
  Destination:            vgaRed[2]
                            (output port)
  Path Group:             (none)
  Path Type:              Max at Slow Process Corner
  Data Path Delay:        7.212ns  (logic 4.228ns (58.621%)  route 2.984ns (41.379%))
  Logic Levels:           3  (LUT6=2 OBUF=1)
  Clock Uncertainty:      0.025ns  ((TSJ^2 + TIJ^2)^1/2 + DJ) / 2 + PE
    Total System Jitter     (TSJ):    0.050ns
    Total Input Jitter      (TIJ):    0.000ns
    Discrete Jitter          (DJ):    0.000ns
    Phase Error              (PE):    0.000ns

    Location             Delay type                Incr(ns)  Path(ns)    Netlist Resource(s)
  -------------------------------------------------------------------    -------------------
                         (clock sys_clk_pin rise edge)
                                                      0.000     0.000 r  
    W5                                                0.000     0.000 r  clk (IN)
                         net (fo=0)                   0.000     0.000    clk
    W5                   IBUF (Prop_ibuf_I_O)         1.458     1.458 r  clk_IBUF_inst/O
                         net (fo=1, routed)           1.967     3.425    clk_IBUF
    BUFGCTRL_X0Y0        BUFG (Prop_bufg_I_O)         0.096     3.521 r  clk_IBUF_BUFG_inst/O
                         net (fo=37, routed)          1.635     5.156    U_NRZ_I/CLK
    SLICE_X3Y38          FDCE                                         r  U_NRZ_I/nrz_i_out_reg/C
  -------------------------------------------------------------------    -------------------
    SLICE_X3Y38          FDCE (Prop_fdce_C_Q)         0.456     5.612 f  U_NRZ_I/nrz_i_out_reg/Q
                         net (fo=6, routed)           0.858     6.470    U_NRZ_I/nrz_i_out_OBUF
    SLICE_X2Y38          LUT6 (Prop_lut6_I0_O)        0.124     6.594 r  U_NRZ_I/vgaRed_OBUF[3]_inst_i_2/O
                         net (fo=1, routed)           0.282     6.876    U_NRZ_I/vgaRed_OBUF[3]_inst_i_2_n_0
    SLICE_X2Y38          LUT6 (Prop_lut6_I0_O)        0.124     7.000 r  U_NRZ_I/vgaRed_OBUF[3]_inst_i_1/O
                         net (fo=4, routed)           1.845     8.845    vgaRed_OBUF[0]
    J19                  OBUF (Prop_obuf_I_O)         3.524    12.369 r  vgaRed_OBUF[2]_inst/O
                         net (fo=0)                   0.000    12.369    vgaRed[2]
    J19                                                               r  vgaRed[2] (OUT)
  -------------------------------------------------------------------    -------------------

Slack:                    inf
  Source:                 U_NRZ_I/nrz_i_out_reg/C
                            (rising edge-triggered cell FDCE clocked by sys_clk_pin  {rise@0.000ns fall@5.000ns period=10.000ns})
  Destination:            vgaRed[0]
                            (output port)
  Path Group:             (none)
  Path Type:              Max at Slow Process Corner
  Data Path Delay:        7.105ns  (logic 4.228ns (59.503%)  route 2.877ns (40.497%))
  Logic Levels:           3  (LUT6=2 OBUF=1)
  Clock Uncertainty:      0.025ns  ((TSJ^2 + TIJ^2)^1/2 + DJ) / 2 + PE
    Total System Jitter     (TSJ):    0.050ns
    Total Input Jitter      (TIJ):    0.000ns
    Discrete Jitter          (DJ):    0.000ns
    Phase Error              (PE):    0.000ns

    Location             Delay type                Incr(ns)  Path(ns)    Netlist Resource(s)
  -------------------------------------------------------------------    -------------------
                         (clock sys_clk_pin rise edge)
                                                      0.000     0.000 r  
    W5                                                0.000     0.000 r  clk (IN)
                         net (fo=0)                   0.000     0.000    clk
    W5                   IBUF (Prop_ibuf_I_O)         1.458     1.458 r  clk_IBUF_inst/O
                         net (fo=1, routed)           1.967     3.425    clk_IBUF
    BUFGCTRL_X0Y0        BUFG (Prop_bufg_I_O)         0.096     3.521 r  clk_IBUF_BUFG_inst/O
                         net (fo=37, routed)          1.635     5.156    U_NRZ_I/CLK
    SLICE_X3Y38          FDCE                                         r  U_NRZ_I/nrz_i_out_reg/C
  -------------------------------------------------------------------    -------------------
    SLICE_X3Y38          FDCE (Prop_fdce_C_Q)         0.456     5.612 f  U_NRZ_I/nrz_i_out_reg/Q
                         net (fo=6, routed)           0.858     6.470    U_NRZ_I/nrz_i_out_OBUF
    SLICE_X2Y38          LUT6 (Prop_lut6_I0_O)        0.124     6.594 r  U_NRZ_I/vgaRed_OBUF[3]_inst_i_2/O
                         net (fo=1, routed)           0.282     6.876    U_NRZ_I/vgaRed_OBUF[3]_inst_i_2_n_0
    SLICE_X2Y38          LUT6 (Prop_lut6_I0_O)        0.124     7.000 r  U_NRZ_I/vgaRed_OBUF[3]_inst_i_1/O
                         net (fo=4, routed)           1.738     8.738    vgaRed_OBUF[0]
    G19                  OBUF (Prop_obuf_I_O)         3.524    12.261 r  vgaRed_OBUF[0]_inst/O
                         net (fo=0)                   0.000    12.261    vgaRed[0]
    G19                                                               r  vgaRed[0] (OUT)
  -------------------------------------------------------------------    -------------------

Slack:                    inf
  Source:                 U_NRZ_I/nrz_i_out_reg/C
                            (rising edge-triggered cell FDCE clocked by sys_clk_pin  {rise@0.000ns fall@5.000ns period=10.000ns})
  Destination:            vgaGreen[0]
                            (output port)
  Path Group:             (none)
  Path Type:              Max at Slow Process Corner
  Data Path Delay:        7.092ns  (logic 4.101ns (57.824%)  route 2.991ns (42.176%))
  Logic Levels:           2  (LUT6=1 OBUF=1)
  Clock Uncertainty:      0.025ns  ((TSJ^2 + TIJ^2)^1/2 + DJ) / 2 + PE
    Total System Jitter     (TSJ):    0.050ns
    Total Input Jitter      (TIJ):    0.000ns
    Discrete Jitter          (DJ):    0.000ns
    Phase Error              (PE):    0.000ns

    Location             Delay type                Incr(ns)  Path(ns)    Netlist Resource(s)
  -------------------------------------------------------------------    -------------------
                         (clock sys_clk_pin rise edge)
                                                      0.000     0.000 r  
    W5                                                0.000     0.000 r  clk (IN)
                         net (fo=0)                   0.000     0.000    clk
    W5                   IBUF (Prop_ibuf_I_O)         1.458     1.458 r  clk_IBUF_inst/O
                         net (fo=1, routed)           1.967     3.425    clk_IBUF
    BUFGCTRL_X0Y0        BUFG (Prop_bufg_I_O)         0.096     3.521 r  clk_IBUF_BUFG_inst/O
                         net (fo=37, routed)          1.635     5.156    U_NRZ_I/CLK
    SLICE_X3Y38          FDCE                                         r  U_NRZ_I/nrz_i_out_reg/C
  -------------------------------------------------------------------    -------------------
    SLICE_X3Y38          FDCE (Prop_fdce_C_Q)         0.456     5.612 r  U_NRZ_I/nrz_i_out_reg/Q
                         net (fo=6, routed)           1.002     6.614    U_NRZ_I/nrz_i_out_OBUF
    SLICE_X2Y38          LUT6 (Prop_lut6_I3_O)        0.124     6.738 r  U_NRZ_I/vgaGreen_OBUF[3]_inst_i_1/O
                         net (fo=4, routed)           1.989     8.727    vgaGreen_OBUF[0]
    J17                  OBUF (Prop_obuf_I_O)         3.521    12.248 r  vgaGreen_OBUF[0]_inst/O
                         net (fo=0)                   0.000    12.248    vgaGreen[0]
    J17                                                               r  vgaGreen[0] (OUT)
  -------------------------------------------------------------------    -------------------

Slack:                    inf
  Source:                 U_NRZ_I/nrz_i_out_reg/C
                            (rising edge-triggered cell FDCE clocked by sys_clk_pin  {rise@0.000ns fall@5.000ns period=10.000ns})
  Destination:            vgaGreen[1]
                            (output port)
  Path Group:             (none)
  Path Type:              Max at Slow Process Corner
  Data Path Delay:        6.956ns  (logic 4.085ns (58.735%)  route 2.870ns (41.265%))
  Logic Levels:           2  (LUT6=1 OBUF=1)
  Clock Uncertainty:      0.025ns  ((TSJ^2 + TIJ^2)^1/2 + DJ) / 2 + PE
    Total System Jitter     (TSJ):    0.050ns
    Total Input Jitter      (TIJ):    0.000ns
    Discrete Jitter          (DJ):    0.000ns
    Phase Error              (PE):    0.000ns

    Location             Delay type                Incr(ns)  Path(ns)    Netlist Resource(s)
  -------------------------------------------------------------------    -------------------
                         (clock sys_clk_pin rise edge)
                                                      0.000     0.000 r  
    W5                                                0.000     0.000 r  clk (IN)
                         net (fo=0)                   0.000     0.000    clk
    W5                   IBUF (Prop_ibuf_I_O)         1.458     1.458 r  clk_IBUF_inst/O
                         net (fo=1, routed)           1.967     3.425    clk_IBUF
    BUFGCTRL_X0Y0        BUFG (Prop_bufg_I_O)         0.096     3.521 r  clk_IBUF_BUFG_inst/O
                         net (fo=37, routed)          1.635     5.156    U_NRZ_I/CLK
    SLICE_X3Y38          FDCE                                         r  U_NRZ_I/nrz_i_out_reg/C
  -------------------------------------------------------------------    -------------------
    SLICE_X3Y38          FDCE (Prop_fdce_C_Q)         0.456     5.612 r  U_NRZ_I/nrz_i_out_reg/Q
                         net (fo=6, routed)           1.002     6.614    U_NRZ_I/nrz_i_out_OBUF
    SLICE_X2Y38          LUT6 (Prop_lut6_I3_O)        0.124     6.738 r  U_NRZ_I/vgaGreen_OBUF[3]_inst_i_1/O
                         net (fo=4, routed)           1.869     8.607    vgaGreen_OBUF[0]
    H17                  OBUF (Prop_obuf_I_O)         3.505    12.112 r  vgaGreen_OBUF[1]_inst/O
                         net (fo=0)                   0.000    12.112    vgaGreen[1]
    H17                                                               r  vgaGreen[1] (OUT)
  -------------------------------------------------------------------    -------------------

Slack:                    inf
  Source:                 U_NRZ_I/nrz_i_out_reg/C
                            (rising edge-triggered cell FDCE clocked by sys_clk_pin  {rise@0.000ns fall@5.000ns period=10.000ns})
  Destination:            vgaGreen[2]
                            (output port)
  Path Group:             (none)
  Path Type:              Max at Slow Process Corner
  Data Path Delay:        6.815ns  (logic 4.109ns (60.294%)  route 2.706ns (39.706%))
  Logic Levels:           2  (LUT6=1 OBUF=1)
  Clock Uncertainty:      0.025ns  ((TSJ^2 + TIJ^2)^1/2 + DJ) / 2 + PE
    Total System Jitter     (TSJ):    0.050ns
    Total Input Jitter      (TIJ):    0.000ns
    Discrete Jitter          (DJ):    0.000ns
    Phase Error              (PE):    0.000ns

    Location             Delay type                Incr(ns)  Path(ns)    Netlist Resource(s)
  -------------------------------------------------------------------    -------------------
                         (clock sys_clk_pin rise edge)
                                                      0.000     0.000 r  
    W5                                                0.000     0.000 r  clk (IN)
                         net (fo=0)                   0.000     0.000    clk
    W5                   IBUF (Prop_ibuf_I_O)         1.458     1.458 r  clk_IBUF_inst/O
                         net (fo=1, routed)           1.967     3.425    clk_IBUF
    BUFGCTRL_X0Y0        BUFG (Prop_bufg_I_O)         0.096     3.521 r  clk_IBUF_BUFG_inst/O
                         net (fo=37, routed)          1.635     5.156    U_NRZ_I/CLK
    SLICE_X3Y38          FDCE                                         r  U_NRZ_I/nrz_i_out_reg/C
  -------------------------------------------------------------------    -------------------
    SLICE_X3Y38          FDCE (Prop_fdce_C_Q)         0.456     5.612 r  U_NRZ_I/nrz_i_out_reg/Q
                         net (fo=6, routed)           1.002     6.614    U_NRZ_I/nrz_i_out_OBUF
    SLICE_X2Y38          LUT6 (Prop_lut6_I3_O)        0.124     6.738 r  U_NRZ_I/vgaGreen_OBUF[3]_inst_i_1/O
                         net (fo=4, routed)           1.704     8.442    vgaGreen_OBUF[0]
    G17                  OBUF (Prop_obuf_I_O)         3.529    11.971 r  vgaGreen_OBUF[2]_inst/O
                         net (fo=0)                   0.000    11.971    vgaGreen[2]
    G17                                                               r  vgaGreen[2] (OUT)
  -------------------------------------------------------------------    -------------------

Slack:                    inf
  Source:                 U_NRZ_I/nrz_i_out_reg_lopt_replica/C
                            (rising edge-triggered cell FDCE clocked by sys_clk_pin  {rise@0.000ns fall@5.000ns period=10.000ns})
  Destination:            nrz_i_out
                            (output port)
  Path Group:             (none)
  Path Type:              Max at Slow Process Corner
  Data Path Delay:        6.730ns  (logic 3.961ns (58.854%)  route 2.769ns (41.146%))
  Logic Levels:           1  (OBUF=1)
  Clock Uncertainty:      0.025ns  ((TSJ^2 + TIJ^2)^1/2 + DJ) / 2 + PE
    Total System Jitter     (TSJ):    0.050ns
    Total Input Jitter      (TIJ):    0.000ns
    Discrete Jitter          (DJ):    0.000ns
    Phase Error              (PE):    0.000ns

    Location             Delay type                Incr(ns)  Path(ns)    Netlist Resource(s)
  -------------------------------------------------------------------    -------------------
                         (clock sys_clk_pin rise edge)
                                                      0.000     0.000 r  
    W5                                                0.000     0.000 r  clk (IN)
                         net (fo=0)                   0.000     0.000    clk
    W5                   IBUF (Prop_ibuf_I_O)         1.458     1.458 r  clk_IBUF_inst/O
                         net (fo=1, routed)           1.967     3.425    clk_IBUF
    BUFGCTRL_X0Y0        BUFG (Prop_bufg_I_O)         0.096     3.521 r  clk_IBUF_BUFG_inst/O
                         net (fo=37, routed)          1.635     5.156    U_NRZ_I/CLK
    SLICE_X3Y38          FDCE                                         r  U_NRZ_I/nrz_i_out_reg_lopt_replica/C
  -------------------------------------------------------------------    -------------------
    SLICE_X3Y38          FDCE (Prop_fdce_C_Q)         0.456     5.612 r  U_NRZ_I/nrz_i_out_reg_lopt_replica/Q
                         net (fo=1, routed)           2.769     8.381    lopt
    U16                  OBUF (Prop_obuf_I_O)         3.505    11.886 r  nrz_i_out_OBUF_inst/O
                         net (fo=0)                   0.000    11.886    nrz_i_out
    U16                                                               r  nrz_i_out (OUT)
  -------------------------------------------------------------------    -------------------





Min Delay Paths
--------------------------------------------------------------------------------------
Slack:                    inf
  Source:                 U_NRZ_I/nrz_i_out_reg/C
                            (rising edge-triggered cell FDCE clocked by sys_clk_pin  {rise@0.000ns fall@5.000ns period=10.000ns})
  Destination:            vgaRed[0]
                            (output port)
  Path Group:             (none)
  Path Type:              Min at Fast Process Corner
  Data Path Delay:        2.039ns  (logic 1.411ns (69.190%)  route 0.628ns (30.810%))
  Logic Levels:           2  (LUT6=1 OBUF=1)
  Clock Uncertainty:      0.025ns  ((TSJ^2 + TIJ^2)^1/2 + DJ) / 2 + PE
    Total System Jitter     (TSJ):    0.050ns
    Total Input Jitter      (TIJ):    0.000ns
    Discrete Jitter          (DJ):    0.000ns
    Phase Error              (PE):    0.000ns

    Location             Delay type                Incr(ns)  Path(ns)    Netlist Resource(s)
  -------------------------------------------------------------------    -------------------
                         (clock sys_clk_pin rise edge)
                                                      0.000     0.000 r  
    W5                                                0.000     0.000 r  clk (IN)
                         net (fo=0)                   0.000     0.000    clk
    W5                   IBUF (Prop_ibuf_I_O)         0.226     0.226 r  clk_IBUF_inst/O
                         net (fo=1, routed)           0.631     0.858    clk_IBUF
    BUFGCTRL_X0Y0        BUFG (Prop_bufg_I_O)         0.026     0.884 r  clk_IBUF_BUFG_inst/O
                         net (fo=37, routed)          0.593     1.476    U_NRZ_I/CLK
    SLICE_X3Y38          FDCE                                         r  U_NRZ_I/nrz_i_out_reg/C
  -------------------------------------------------------------------    -------------------
    SLICE_X3Y38          FDCE (Prop_fdce_C_Q)         0.141     1.617 f  U_NRZ_I/nrz_i_out_reg/Q
                         net (fo=6, routed)           0.260     1.877    U_NRZ_I/nrz_i_out_OBUF
    SLICE_X2Y38          LUT6 (Prop_lut6_I4_O)        0.045     1.922 r  U_NRZ_I/vgaRed_OBUF[3]_inst_i_1/O
                         net (fo=4, routed)           0.369     2.290    vgaRed_OBUF[0]
    G19                  OBUF (Prop_obuf_I_O)         1.225     3.515 r  vgaRed_OBUF[0]_inst/O
                         net (fo=0)                   0.000     3.515    vgaRed[0]
    G19                                                               r  vgaRed[0] (OUT)
  -------------------------------------------------------------------    -------------------

Slack:                    inf
  Source:                 U_NRZ_I/nrz_i_out_reg/C
                            (rising edge-triggered cell FDCE clocked by sys_clk_pin  {rise@0.000ns fall@5.000ns period=10.000ns})
  Destination:            vgaRed[2]
                            (output port)
  Path Group:             (none)
  Path Type:              Min at Fast Process Corner
  Data Path Delay:        2.076ns  (logic 1.411ns (67.959%)  route 0.665ns (32.041%))
  Logic Levels:           2  (LUT6=1 OBUF=1)
  Clock Uncertainty:      0.025ns  ((TSJ^2 + TIJ^2)^1/2 + DJ) / 2 + PE
    Total System Jitter     (TSJ):    0.050ns
    Total Input Jitter      (TIJ):    0.000ns
    Discrete Jitter          (DJ):    0.000ns
    Phase Error              (PE):    0.000ns

    Location             Delay type                Incr(ns)  Path(ns)    Netlist Resource(s)
  -------------------------------------------------------------------    -------------------
                         (clock sys_clk_pin rise edge)
                                                      0.000     0.000 r  
    W5                                                0.000     0.000 r  clk (IN)
                         net (fo=0)                   0.000     0.000    clk
    W5                   IBUF (Prop_ibuf_I_O)         0.226     0.226 r  clk_IBUF_inst/O
                         net (fo=1, routed)           0.631     0.858    clk_IBUF
    BUFGCTRL_X0Y0        BUFG (Prop_bufg_I_O)         0.026     0.884 r  clk_IBUF_BUFG_inst/O
                         net (fo=37, routed)          0.593     1.476    U_NRZ_I/CLK
    SLICE_X3Y38          FDCE                                         r  U_NRZ_I/nrz_i_out_reg/C
  -------------------------------------------------------------------    -------------------
    SLICE_X3Y38          FDCE (Prop_fdce_C_Q)         0.141     1.617 f  U_NRZ_I/nrz_i_out_reg/Q
                         net (fo=6, routed)           0.260     1.877    U_NRZ_I/nrz_i_out_OBUF
    SLICE_X2Y38          LUT6 (Prop_lut6_I4_O)        0.045     1.922 r  U_NRZ_I/vgaRed_OBUF[3]_inst_i_1/O
                         net (fo=4, routed)           0.406     2.327    vgaRed_OBUF[0]
    J19                  OBUF (Prop_obuf_I_O)         1.225     3.552 r  vgaRed_OBUF[2]_inst/O
                         net (fo=0)                   0.000     3.552    vgaRed[2]
    J19                                                               r  vgaRed[2] (OUT)
  -------------------------------------------------------------------    -------------------

Slack:                    inf
  Source:                 U_NRZ_I/nrz_i_out_reg/C
                            (rising edge-triggered cell FDCE clocked by sys_clk_pin  {rise@0.000ns fall@5.000ns period=10.000ns})
  Destination:            vgaRed[1]
                            (output port)
  Path Group:             (none)
  Path Type:              Min at Fast Process Corner
  Data Path Delay:        2.088ns  (logic 1.406ns (67.367%)  route 0.681ns (32.633%))
  Logic Levels:           2  (LUT6=1 OBUF=1)
  Clock Uncertainty:      0.025ns  ((TSJ^2 + TIJ^2)^1/2 + DJ) / 2 + PE
    Total System Jitter     (TSJ):    0.050ns
    Total Input Jitter      (TIJ):    0.000ns
    Discrete Jitter          (DJ):    0.000ns
    Phase Error              (PE):    0.000ns

    Location             Delay type                Incr(ns)  Path(ns)    Netlist Resource(s)
  -------------------------------------------------------------------    -------------------
                         (clock sys_clk_pin rise edge)
                                                      0.000     0.000 r  
    W5                                                0.000     0.000 r  clk (IN)
                         net (fo=0)                   0.000     0.000    clk
    W5                   IBUF (Prop_ibuf_I_O)         0.226     0.226 r  clk_IBUF_inst/O
                         net (fo=1, routed)           0.631     0.858    clk_IBUF
    BUFGCTRL_X0Y0        BUFG (Prop_bufg_I_O)         0.026     0.884 r  clk_IBUF_BUFG_inst/O
                         net (fo=37, routed)          0.593     1.476    U_NRZ_I/CLK
    SLICE_X3Y38          FDCE                                         r  U_NRZ_I/nrz_i_out_reg/C
  -------------------------------------------------------------------    -------------------
    SLICE_X3Y38          FDCE (Prop_fdce_C_Q)         0.141     1.617 f  U_NRZ_I/nrz_i_out_reg/Q
                         net (fo=6, routed)           0.260     1.877    U_NRZ_I/nrz_i_out_OBUF
    SLICE_X2Y38          LUT6 (Prop_lut6_I4_O)        0.045     1.922 r  U_NRZ_I/vgaRed_OBUF[3]_inst_i_1/O
                         net (fo=4, routed)           0.422     2.343    vgaRed_OBUF[0]
    H19                  OBUF (Prop_obuf_I_O)         1.220     3.564 r  vgaRed_OBUF[1]_inst/O
                         net (fo=0)                   0.000     3.564    vgaRed[1]
    H19                                                               r  vgaRed[1] (OUT)
  -------------------------------------------------------------------    -------------------

Slack:                    inf
  Source:                 U_NRZ_I/nrz_i_out_reg/C
                            (rising edge-triggered cell FDCE clocked by sys_clk_pin  {rise@0.000ns fall@5.000ns period=10.000ns})
  Destination:            vgaBlue[0]
                            (output port)
  Path Group:             (none)
  Path Type:              Min at Fast Process Corner
  Data Path Delay:        2.105ns  (logic 1.428ns (67.824%)  route 0.677ns (32.176%))
  Logic Levels:           3  (LUT3=1 LUT6=1 OBUF=1)
  Clock Uncertainty:      0.025ns  ((TSJ^2 + TIJ^2)^1/2 + DJ) / 2 + PE
    Total System Jitter     (TSJ):    0.050ns
    Total Input Jitter      (TIJ):    0.000ns
    Discrete Jitter          (DJ):    0.000ns
    Phase Error              (PE):    0.000ns

    Location             Delay type                Incr(ns)  Path(ns)    Netlist Resource(s)
  -------------------------------------------------------------------    -------------------
                         (clock sys_clk_pin rise edge)
                                                      0.000     0.000 r  
    W5                                                0.000     0.000 r  clk (IN)
                         net (fo=0)                   0.000     0.000    clk
    W5                   IBUF (Prop_ibuf_I_O)         0.226     0.226 r  clk_IBUF_inst/O
                         net (fo=1, routed)           0.631     0.858    clk_IBUF
    BUFGCTRL_X0Y0        BUFG (Prop_bufg_I_O)         0.026     0.884 r  clk_IBUF_BUFG_inst/O
                         net (fo=37, routed)          0.593     1.476    U_NRZ_I/CLK
    SLICE_X3Y38          FDCE                                         r  U_NRZ_I/nrz_i_out_reg/C
  -------------------------------------------------------------------    -------------------
    SLICE_X3Y38          FDCE (Prop_fdce_C_Q)         0.141     1.617 r  U_NRZ_I/nrz_i_out_reg/Q
                         net (fo=6, routed)           0.193     1.810    U_NRZ_I/nrz_i_out_OBUF
    SLICE_X3Y38          LUT6 (Prop_lut6_I4_O)        0.045     1.855 r  U_NRZ_I/vgaBlue_OBUF[0]_inst_i_2/O
                         net (fo=1, routed)           0.052     1.907    U_NRZ_I/vgaBlue_OBUF[0]_inst_i_2_n_0
    SLICE_X3Y38          LUT3 (Prop_lut3_I0_O)        0.045     1.952 r  U_NRZ_I/vgaBlue_OBUF[0]_inst_i_1/O
                         net (fo=1, routed)           0.433     2.384    vgaBlue_OBUF[0]
    N18                  OBUF (Prop_obuf_I_O)         1.197     3.581 r  vgaBlue_OBUF[0]_inst/O
                         net (fo=0)                   0.000     3.581    vgaBlue[0]
    N18                                                               r  vgaBlue[0] (OUT)
  -------------------------------------------------------------------    -------------------

Slack:                    inf
  Source:                 U_NRZ_I/nrz_i_out_reg/C
                            (rising edge-triggered cell FDCE clocked by sys_clk_pin  {rise@0.000ns fall@5.000ns period=10.000ns})
  Destination:            vgaGreen[2]
                            (output port)
  Path Group:             (none)
  Path Type:              Min at Fast Process Corner
  Data Path Delay:        2.133ns  (logic 1.416ns (66.387%)  route 0.717ns (33.613%))
  Logic Levels:           2  (LUT6=1 OBUF=1)
  Clock Uncertainty:      0.025ns  ((TSJ^2 + TIJ^2)^1/2 + DJ) / 2 + PE
    Total System Jitter     (TSJ):    0.050ns
    Total Input Jitter      (TIJ):    0.000ns
    Discrete Jitter          (DJ):    0.000ns
    Phase Error              (PE):    0.000ns

    Location             Delay type                Incr(ns)  Path(ns)    Netlist Resource(s)
  -------------------------------------------------------------------    -------------------
                         (clock sys_clk_pin rise edge)
                                                      0.000     0.000 r  
    W5                                                0.000     0.000 r  clk (IN)
                         net (fo=0)                   0.000     0.000    clk
    W5                   IBUF (Prop_ibuf_I_O)         0.226     0.226 r  clk_IBUF_inst/O
                         net (fo=1, routed)           0.631     0.858    clk_IBUF
    BUFGCTRL_X0Y0        BUFG (Prop_bufg_I_O)         0.026     0.884 r  clk_IBUF_BUFG_inst/O
                         net (fo=37, routed)          0.593     1.476    U_NRZ_I/CLK
    SLICE_X3Y38          FDCE                                         r  U_NRZ_I/nrz_i_out_reg/C
  -------------------------------------------------------------------    -------------------
    SLICE_X3Y38          FDCE (Prop_fdce_C_Q)         0.141     1.617 r  U_NRZ_I/nrz_i_out_reg/Q
                         net (fo=6, routed)           0.364     1.981    U_NRZ_I/nrz_i_out_OBUF
    SLICE_X2Y38          LUT6 (Prop_lut6_I3_O)        0.045     2.026 r  U_NRZ_I/vgaGreen_OBUF[3]_inst_i_1/O
                         net (fo=4, routed)           0.353     2.379    vgaGreen_OBUF[0]
    G17                  OBUF (Prop_obuf_I_O)         1.230     3.609 r  vgaGreen_OBUF[2]_inst/O
                         net (fo=0)                   0.000     3.609    vgaGreen[2]
    G17                                                               r  vgaGreen[2] (OUT)
  -------------------------------------------------------------------    -------------------

Slack:                    inf
  Source:                 U_NRZ_I/nrz_i_out_reg/C
                            (rising edge-triggered cell FDCE clocked by sys_clk_pin  {rise@0.000ns fall@5.000ns period=10.000ns})
  Destination:            vgaRed[3]
                            (output port)
  Path Group:             (none)
  Path Type:              Min at Fast Process Corner
  Data Path Delay:        2.139ns  (logic 1.390ns (64.958%)  route 0.750ns (35.042%))
  Logic Levels:           2  (LUT6=1 OBUF=1)
  Clock Uncertainty:      0.025ns  ((TSJ^2 + TIJ^2)^1/2 + DJ) / 2 + PE
    Total System Jitter     (TSJ):    0.050ns
    Total Input Jitter      (TIJ):    0.000ns
    Discrete Jitter          (DJ):    0.000ns
    Phase Error              (PE):    0.000ns

    Location             Delay type                Incr(ns)  Path(ns)    Netlist Resource(s)
  -------------------------------------------------------------------    -------------------
                         (clock sys_clk_pin rise edge)
                                                      0.000     0.000 r  
    W5                                                0.000     0.000 r  clk (IN)
                         net (fo=0)                   0.000     0.000    clk
    W5                   IBUF (Prop_ibuf_I_O)         0.226     0.226 r  clk_IBUF_inst/O
                         net (fo=1, routed)           0.631     0.858    clk_IBUF
    BUFGCTRL_X0Y0        BUFG (Prop_bufg_I_O)         0.026     0.884 r  clk_IBUF_BUFG_inst/O
                         net (fo=37, routed)          0.593     1.476    U_NRZ_I/CLK
    SLICE_X3Y38          FDCE                                         r  U_NRZ_I/nrz_i_out_reg/C
  -------------------------------------------------------------------    -------------------
    SLICE_X3Y38          FDCE (Prop_fdce_C_Q)         0.141     1.617 f  U_NRZ_I/nrz_i_out_reg/Q
                         net (fo=6, routed)           0.260     1.877    U_NRZ_I/nrz_i_out_OBUF
    SLICE_X2Y38          LUT6 (Prop_lut6_I4_O)        0.045     1.922 r  U_NRZ_I/vgaRed_OBUF[3]_inst_i_1/O
                         net (fo=4, routed)           0.490     2.412    vgaRed_OBUF[0]
    N19                  OBUF (Prop_obuf_I_O)         1.204     3.615 r  vgaRed_OBUF[3]_inst/O
                         net (fo=0)                   0.000     3.615    vgaRed[3]
    N19                                                               r  vgaRed[3] (OUT)
  -------------------------------------------------------------------    -------------------

Slack:                    inf
  Source:                 U_NRZ_I/nrz_i_out_reg_lopt_replica/C
                            (rising edge-triggered cell FDCE clocked by sys_clk_pin  {rise@0.000ns fall@5.000ns period=10.000ns})
  Destination:            nrz_i_out
                            (output port)
  Path Group:             (none)
  Path Type:              Min at Fast Process Corner
  Data Path Delay:        2.153ns  (logic 1.347ns (62.561%)  route 0.806ns (37.439%))
  Logic Levels:           1  (OBUF=1)
  Clock Uncertainty:      0.025ns  ((TSJ^2 + TIJ^2)^1/2 + DJ) / 2 + PE
    Total System Jitter     (TSJ):    0.050ns
    Total Input Jitter      (TIJ):    0.000ns
    Discrete Jitter          (DJ):    0.000ns
    Phase Error              (PE):    0.000ns

    Location             Delay type                Incr(ns)  Path(ns)    Netlist Resource(s)
  -------------------------------------------------------------------    -------------------
                         (clock sys_clk_pin rise edge)
                                                      0.000     0.000 r  
    W5                                                0.000     0.000 r  clk (IN)
                         net (fo=0)                   0.000     0.000    clk
    W5                   IBUF (Prop_ibuf_I_O)         0.226     0.226 r  clk_IBUF_inst/O
                         net (fo=1, routed)           0.631     0.858    clk_IBUF
    BUFGCTRL_X0Y0        BUFG (Prop_bufg_I_O)         0.026     0.884 r  clk_IBUF_BUFG_inst/O
                         net (fo=37, routed)          0.593     1.476    U_NRZ_I/CLK
    SLICE_X3Y38          FDCE                                         r  U_NRZ_I/nrz_i_out_reg_lopt_replica/C
  -------------------------------------------------------------------    -------------------
    SLICE_X3Y38          FDCE (Prop_fdce_C_Q)         0.141     1.617 r  U_NRZ_I/nrz_i_out_reg_lopt_replica/Q
                         net (fo=1, routed)           0.806     2.423    lopt
    U16                  OBUF (Prop_obuf_I_O)         1.206     3.629 r  nrz_i_out_OBUF_inst/O
                         net (fo=0)                   0.000     3.629    nrz_i_out
    U16                                                               r  nrz_i_out (OUT)
  -------------------------------------------------------------------    -------------------

Slack:                    inf
  Source:                 U_NRZ_I/nrz_i_out_reg/C
                            (rising edge-triggered cell FDCE clocked by sys_clk_pin  {rise@0.000ns fall@5.000ns period=10.000ns})
  Destination:            vgaGreen[1]
                            (output port)
  Path Group:             (none)
  Path Type:              Min at Fast Process Corner
  Data Path Delay:        2.170ns  (logic 1.393ns (64.177%)  route 0.777ns (35.823%))
  Logic Levels:           2  (LUT6=1 OBUF=1)
  Clock Uncertainty:      0.025ns  ((TSJ^2 + TIJ^2)^1/2 + DJ) / 2 + PE
    Total System Jitter     (TSJ):    0.050ns
    Total Input Jitter      (TIJ):    0.000ns
    Discrete Jitter          (DJ):    0.000ns
    Phase Error              (PE):    0.000ns

    Location             Delay type                Incr(ns)  Path(ns)    Netlist Resource(s)
  -------------------------------------------------------------------    -------------------
                         (clock sys_clk_pin rise edge)
                                                      0.000     0.000 r  
    W5                                                0.000     0.000 r  clk (IN)
                         net (fo=0)                   0.000     0.000    clk
    W5                   IBUF (Prop_ibuf_I_O)         0.226     0.226 r  clk_IBUF_inst/O
                         net (fo=1, routed)           0.631     0.858    clk_IBUF
    BUFGCTRL_X0Y0        BUFG (Prop_bufg_I_O)         0.026     0.884 r  clk_IBUF_BUFG_inst/O
                         net (fo=37, routed)          0.593     1.476    U_NRZ_I/CLK
    SLICE_X3Y38          FDCE                                         r  U_NRZ_I/nrz_i_out_reg/C
  -------------------------------------------------------------------    -------------------
    SLICE_X3Y38          FDCE (Prop_fdce_C_Q)         0.141     1.617 r  U_NRZ_I/nrz_i_out_reg/Q
                         net (fo=6, routed)           0.364     1.981    U_NRZ_I/nrz_i_out_OBUF
    SLICE_X2Y38          LUT6 (Prop_lut6_I3_O)        0.045     2.026 r  U_NRZ_I/vgaGreen_OBUF[3]_inst_i_1/O
                         net (fo=4, routed)           0.414     2.439    vgaGreen_OBUF[0]
    H17                  OBUF (Prop_obuf_I_O)         1.207     3.646 r  vgaGreen_OBUF[1]_inst/O
                         net (fo=0)                   0.000     3.646    vgaGreen[1]
    H17                                                               r  vgaGreen[1] (OUT)
  -------------------------------------------------------------------    -------------------

Slack:                    inf
  Source:                 U_NRZ_I/nrz_i_out_reg/C
                            (rising edge-triggered cell FDCE clocked by sys_clk_pin  {rise@0.000ns fall@5.000ns period=10.000ns})
  Destination:            vgaGreen[0]
                            (output port)
  Path Group:             (none)
  Path Type:              Min at Fast Process Corner
  Data Path Delay:        2.240ns  (logic 1.408ns (62.852%)  route 0.832ns (37.148%))
  Logic Levels:           2  (LUT6=1 OBUF=1)
  Clock Uncertainty:      0.025ns  ((TSJ^2 + TIJ^2)^1/2 + DJ) / 2 + PE
    Total System Jitter     (TSJ):    0.050ns
    Total Input Jitter      (TIJ):    0.000ns
    Discrete Jitter          (DJ):    0.000ns
    Phase Error              (PE):    0.000ns

    Location             Delay type                Incr(ns)  Path(ns)    Netlist Resource(s)
  -------------------------------------------------------------------    -------------------
                         (clock sys_clk_pin rise edge)
                                                      0.000     0.000 r  
    W5                                                0.000     0.000 r  clk (IN)
                         net (fo=0)                   0.000     0.000    clk
    W5                   IBUF (Prop_ibuf_I_O)         0.226     0.226 r  clk_IBUF_inst/O
                         net (fo=1, routed)           0.631     0.858    clk_IBUF
    BUFGCTRL_X0Y0        BUFG (Prop_bufg_I_O)         0.026     0.884 r  clk_IBUF_BUFG_inst/O
                         net (fo=37, routed)          0.593     1.476    U_NRZ_I/CLK
    SLICE_X3Y38          FDCE                                         r  U_NRZ_I/nrz_i_out_reg/C
  -------------------------------------------------------------------    -------------------
    SLICE_X3Y38          FDCE (Prop_fdce_C_Q)         0.141     1.617 r  U_NRZ_I/nrz_i_out_reg/Q
                         net (fo=6, routed)           0.364     1.981    U_NRZ_I/nrz_i_out_OBUF
    SLICE_X2Y38          LUT6 (Prop_lut6_I3_O)        0.045     2.026 r  U_NRZ_I/vgaGreen_OBUF[3]_inst_i_1/O
                         net (fo=4, routed)           0.468     2.494    vgaGreen_OBUF[0]
    J17                  OBUF (Prop_obuf_I_O)         1.222     3.716 r  vgaGreen_OBUF[0]_inst/O
                         net (fo=0)                   0.000     3.716    vgaGreen[0]
    J17                                                               r  vgaGreen[0] (OUT)
  -------------------------------------------------------------------    -------------------

Slack:                    inf
  Source:                 U_NRZ_I/nrz_i_out_reg/C
                            (rising edge-triggered cell FDCE clocked by sys_clk_pin  {rise@0.000ns fall@5.000ns period=10.000ns})
  Destination:            vgaGreen[3]
                            (output port)
  Path Group:             (none)
  Path Type:              Min at Fast Process Corner
  Data Path Delay:        2.390ns  (logic 1.417ns (59.295%)  route 0.973ns (40.705%))
  Logic Levels:           2  (LUT6=1 OBUF=1)
  Clock Uncertainty:      0.025ns  ((TSJ^2 + TIJ^2)^1/2 + DJ) / 2 + PE
    Total System Jitter     (TSJ):    0.050ns
    Total Input Jitter      (TIJ):    0.000ns
    Discrete Jitter          (DJ):    0.000ns
    Phase Error              (PE):    0.000ns

    Location             Delay type                Incr(ns)  Path(ns)    Netlist Resource(s)
  -------------------------------------------------------------------    -------------------
                         (clock sys_clk_pin rise edge)
                                                      0.000     0.000 r  
    W5                                                0.000     0.000 r  clk (IN)
                         net (fo=0)                   0.000     0.000    clk
    W5                   IBUF (Prop_ibuf_I_O)         0.226     0.226 r  clk_IBUF_inst/O
                         net (fo=1, routed)           0.631     0.858    clk_IBUF
    BUFGCTRL_X0Y0        BUFG (Prop_bufg_I_O)         0.026     0.884 r  clk_IBUF_BUFG_inst/O
                         net (fo=37, routed)          0.593     1.476    U_NRZ_I/CLK
    SLICE_X3Y38          FDCE                                         r  U_NRZ_I/nrz_i_out_reg/C
  -------------------------------------------------------------------    -------------------
    SLICE_X3Y38          FDCE (Prop_fdce_C_Q)         0.141     1.617 r  U_NRZ_I/nrz_i_out_reg/Q
                         net (fo=6, routed)           0.364     1.981    U_NRZ_I/nrz_i_out_OBUF
    SLICE_X2Y38          LUT6 (Prop_lut6_I3_O)        0.045     2.026 r  U_NRZ_I/vgaGreen_OBUF[3]_inst_i_1/O
                         net (fo=4, routed)           0.609     2.635    vgaGreen_OBUF[0]
    D17                  OBUF (Prop_obuf_I_O)         1.231     3.866 r  vgaGreen_OBUF[3]_inst/O
                         net (fo=0)                   0.000     3.866    vgaGreen[3]
    D17                                                               r  vgaGreen[3] (OUT)
  -------------------------------------------------------------------    -------------------





--------------------------------------------------------------------------------------
Path Group:  (none)
From Clock:  
  To Clock:  sys_clk_pin

Max Delay            68 Endpoints
Min Delay            68 Endpoints
--------------------------------------------------------------------------------------


Max Delay Paths
--------------------------------------------------------------------------------------
Slack:                    inf
  Source:                 data_in[10]
                            (input port)
  Destination:            U_NRZ_I/current_level_reg/D
                            (rising edge-triggered cell FDCE clocked by sys_clk_pin  {rise@0.000ns fall@5.000ns period=10.000ns})
  Path Group:             (none)
  Path Type:              Setup (Max at Slow Process Corner)
  Data Path Delay:        6.686ns  (logic 1.830ns (27.368%)  route 4.856ns (72.632%))
  Logic Levels:           4  (IBUF=1 LUT6=3)
  Clock Path Skew:        4.856ns (DCD - SCD + CPR)
    Destination Clock Delay (DCD):    4.856ns
    Source Clock Delay      (SCD):    0.000ns
    Clock Pessimism Removal (CPR):    0.000ns
  Clock Uncertainty:      0.025ns  ((TSJ^2 + TIJ^2)^1/2 + DJ) / 2 + PE
    Total System Jitter     (TSJ):    0.050ns
    Total Input Jitter      (TIJ):    0.000ns
    Discrete Jitter          (DJ):    0.000ns
    Phase Error              (PE):    0.000ns

    Location             Delay type                Incr(ns)  Path(ns)    Netlist Resource(s)
  -------------------------------------------------------------------    -------------------
    T2                                                0.000     0.000 r  data_in[10] (IN)
                         net (fo=0)                   0.000     0.000    data_in[10]
    T2                   IBUF (Prop_ibuf_I_O)         1.458     1.458 r  data_in_IBUF[10]_inst/O
                         net (fo=1, routed)           3.132     4.590    U_NRZ_I/data_in_IBUF[10]
    SLICE_X14Y40         LUT6 (Prop_lut6_I4_O)        0.124     4.714 r  U_NRZ_I/current_level_i_9/O
                         net (fo=1, routed)           1.145     5.859    U_NRZ_I/current_level_i_9_n_0
    SLICE_X3Y39          LUT6 (Prop_lut6_I1_O)        0.124     5.983 r  U_NRZ_I/current_level_i_4/O
                         net (fo=1, routed)           0.579     6.562    U_NRZ_I/current_level_i_4_n_0
    SLICE_X5Y39          LUT6 (Prop_lut6_I3_O)        0.124     6.686 r  U_NRZ_I/current_level_i_1/O
                         net (fo=1, routed)           0.000     6.686    U_NRZ_I/current_level_i_1_n_0
    SLICE_X5Y39          FDCE                                         r  U_NRZ_I/current_level_reg/D
  -------------------------------------------------------------------    -------------------

                         (clock sys_clk_pin rise edge)
                                                      0.000     0.000 r  
    W5                                                0.000     0.000 r  clk (IN)
                         net (fo=0)                   0.000     0.000    clk
    W5                   IBUF (Prop_ibuf_I_O)         1.388     1.388 r  clk_IBUF_inst/O
                         net (fo=1, routed)           1.862     3.250    clk_IBUF
    BUFGCTRL_X0Y0        BUFG (Prop_bufg_I_O)         0.091     3.341 r  clk_IBUF_BUFG_inst/O
                         net (fo=37, routed)          1.515     4.856    U_NRZ_I/CLK
    SLICE_X5Y39          FDCE                                         r  U_NRZ_I/current_level_reg/C

Slack:                    inf
  Source:                 data_in[15]
                            (input port)
  Destination:            U_NRZ_I/nrz_i_out_reg_lopt_replica/D
                            (rising edge-triggered cell FDCE clocked by sys_clk_pin  {rise@0.000ns fall@5.000ns period=10.000ns})
  Path Group:             (none)
  Path Type:              Setup (Max at Slow Process Corner)
  Data Path Delay:        5.618ns  (logic 1.580ns (28.126%)  route 4.038ns (71.874%))
  Logic Levels:           2  (IBUF=1 LUT4=1)
  Clock Path Skew:        4.857ns (DCD - SCD + CPR)
    Destination Clock Delay (DCD):    4.857ns
    Source Clock Delay      (SCD):    0.000ns
    Clock Pessimism Removal (CPR):    0.000ns
  Clock Uncertainty:      0.025ns  ((TSJ^2 + TIJ^2)^1/2 + DJ) / 2 + PE
    Total System Jitter     (TSJ):    0.050ns
    Total Input Jitter      (TIJ):    0.000ns
    Discrete Jitter          (DJ):    0.000ns
    Phase Error              (PE):    0.000ns

    Location             Delay type                Incr(ns)  Path(ns)    Netlist Resource(s)
  -------------------------------------------------------------------    -------------------
    R2                                                0.000     0.000 r  data_in[15] (IN)
                         net (fo=0)                   0.000     0.000    data_in[15]
    R2                   IBUF (Prop_ibuf_I_O)         1.456     1.456 r  data_in_IBUF[15]_inst/O
                         net (fo=3, routed)           3.229     4.685    U_NRZ_I/data_in_IBUF[15]
    SLICE_X4Y39          LUT4 (Prop_lut4_I0_O)        0.124     4.809 r  U_NRZ_I/nrz_i_out_i_1/O
                         net (fo=2, routed)           0.809     5.618    U_NRZ_I/nrz_i_out_i_1_n_0
    SLICE_X3Y38          FDCE                                         r  U_NRZ_I/nrz_i_out_reg_lopt_replica/D
  -------------------------------------------------------------------    -------------------

                         (clock sys_clk_pin rise edge)
                                                      0.000     0.000 r  
    W5                                                0.000     0.000 r  clk (IN)
                         net (fo=0)                   0.000     0.000    clk
    W5                   IBUF (Prop_ibuf_I_O)         1.388     1.388 r  clk_IBUF_inst/O
                         net (fo=1, routed)           1.862     3.250    clk_IBUF
    BUFGCTRL_X0Y0        BUFG (Prop_bufg_I_O)         0.091     3.341 r  clk_IBUF_BUFG_inst/O
                         net (fo=37, routed)          1.516     4.857    U_NRZ_I/CLK
    SLICE_X3Y38          FDCE                                         r  U_NRZ_I/nrz_i_out_reg_lopt_replica/C

Slack:                    inf
  Source:                 data_in[15]
                            (input port)
  Destination:            U_NRZ_I/nrz_i_out_reg/D
                            (rising edge-triggered cell FDCE clocked by sys_clk_pin  {rise@0.000ns fall@5.000ns period=10.000ns})
  Path Group:             (none)
  Path Type:              Setup (Max at Slow Process Corner)
  Data Path Delay:        5.429ns  (logic 1.580ns (29.107%)  route 3.849ns (70.893%))
  Logic Levels:           2  (IBUF=1 LUT4=1)
  Clock Path Skew:        4.857ns (DCD - SCD + CPR)
    Destination Clock Delay (DCD):    4.857ns
    Source Clock Delay      (SCD):    0.000ns
    Clock Pessimism Removal (CPR):    0.000ns
  Clock Uncertainty:      0.025ns  ((TSJ^2 + TIJ^2)^1/2 + DJ) / 2 + PE
    Total System Jitter     (TSJ):    0.050ns
    Total Input Jitter      (TIJ):    0.000ns
    Discrete Jitter          (DJ):    0.000ns
    Phase Error              (PE):    0.000ns

    Location             Delay type                Incr(ns)  Path(ns)    Netlist Resource(s)
  -------------------------------------------------------------------    -------------------
    R2                                                0.000     0.000 r  data_in[15] (IN)
                         net (fo=0)                   0.000     0.000    data_in[15]
    R2                   IBUF (Prop_ibuf_I_O)         1.456     1.456 r  data_in_IBUF[15]_inst/O
                         net (fo=3, routed)           3.229     4.685    U_NRZ_I/data_in_IBUF[15]
    SLICE_X4Y39          LUT4 (Prop_lut4_I0_O)        0.124     4.809 r  U_NRZ_I/nrz_i_out_i_1/O
                         net (fo=2, routed)           0.620     5.429    U_NRZ_I/nrz_i_out_i_1_n_0
    SLICE_X3Y38          FDCE                                         r  U_NRZ_I/nrz_i_out_reg/D
  -------------------------------------------------------------------    -------------------

                         (clock sys_clk_pin rise edge)
                                                      0.000     0.000 r  
    W5                                                0.000     0.000 r  clk (IN)
                         net (fo=0)                   0.000     0.000    clk
    W5                   IBUF (Prop_ibuf_I_O)         1.388     1.388 r  clk_IBUF_inst/O
                         net (fo=1, routed)           1.862     3.250    clk_IBUF
    BUFGCTRL_X0Y0        BUFG (Prop_bufg_I_O)         0.091     3.341 r  clk_IBUF_BUFG_inst/O
                         net (fo=37, routed)          1.516     4.857    U_NRZ_I/CLK
    SLICE_X3Y38          FDCE                                         r  U_NRZ_I/nrz_i_out_reg/C

Slack:                    inf
  Source:                 enable
                            (input port)
  Destination:            U_NRZ_I/bit_index_reg[1]/CE
                            (rising edge-triggered cell FDPE clocked by sys_clk_pin  {rise@0.000ns fall@5.000ns period=10.000ns})
  Path Group:             (none)
  Path Type:              Setup (Max at Slow Process Corner)
  Data Path Delay:        4.756ns  (logic 1.565ns (32.910%)  route 3.191ns (67.090%))
  Logic Levels:           2  (IBUF=1 LUT6=1)
  Clock Path Skew:        4.856ns (DCD - SCD + CPR)
    Destination Clock Delay (DCD):    4.856ns
    Source Clock Delay      (SCD):    0.000ns
    Clock Pessimism Removal (CPR):    0.000ns
  Clock Uncertainty:      0.025ns  ((TSJ^2 + TIJ^2)^1/2 + DJ) / 2 + PE
    Total System Jitter     (TSJ):    0.050ns
    Total Input Jitter      (TIJ):    0.000ns
    Discrete Jitter          (DJ):    0.000ns
    Phase Error              (PE):    0.000ns

    Location             Delay type                Incr(ns)  Path(ns)    Netlist Resource(s)
  -------------------------------------------------------------------    -------------------
    U18                                               0.000     0.000 r  enable (IN)
                         net (fo=0)                   0.000     0.000    enable
    U18                  IBUF (Prop_ibuf_I_O)         1.441     1.441 r  enable_IBUF_inst/O
                         net (fo=5, routed)           2.660     4.102    U_NRZ_I/enable_IBUF
    SLICE_X5Y40          LUT6 (Prop_lut6_I0_O)        0.124     4.226 r  U_NRZ_I/bit_index[3]_i_1/O
                         net (fo=4, routed)           0.531     4.756    U_NRZ_I/bit_index[3]_i_1_n_0
    SLICE_X4Y39          FDPE                                         r  U_NRZ_I/bit_index_reg[1]/CE
  -------------------------------------------------------------------    -------------------

                         (clock sys_clk_pin rise edge)
                                                      0.000     0.000 r  
    W5                                                0.000     0.000 r  clk (IN)
                         net (fo=0)                   0.000     0.000    clk
    W5                   IBUF (Prop_ibuf_I_O)         1.388     1.388 r  clk_IBUF_inst/O
                         net (fo=1, routed)           1.862     3.250    clk_IBUF
    BUFGCTRL_X0Y0        BUFG (Prop_bufg_I_O)         0.091     3.341 r  clk_IBUF_BUFG_inst/O
                         net (fo=37, routed)          1.515     4.856    U_NRZ_I/CLK
    SLICE_X4Y39          FDPE                                         r  U_NRZ_I/bit_index_reg[1]/C

Slack:                    inf
  Source:                 enable
                            (input port)
  Destination:            U_NRZ_I/bit_index_reg[2]/CE
                            (rising edge-triggered cell FDPE clocked by sys_clk_pin  {rise@0.000ns fall@5.000ns period=10.000ns})
  Path Group:             (none)
  Path Type:              Setup (Max at Slow Process Corner)
  Data Path Delay:        4.756ns  (logic 1.565ns (32.910%)  route 3.191ns (67.090%))
  Logic Levels:           2  (IBUF=1 LUT6=1)
  Clock Path Skew:        4.856ns (DCD - SCD + CPR)
    Destination Clock Delay (DCD):    4.856ns
    Source Clock Delay      (SCD):    0.000ns
    Clock Pessimism Removal (CPR):    0.000ns
  Clock Uncertainty:      0.025ns  ((TSJ^2 + TIJ^2)^1/2 + DJ) / 2 + PE
    Total System Jitter     (TSJ):    0.050ns
    Total Input Jitter      (TIJ):    0.000ns
    Discrete Jitter          (DJ):    0.000ns
    Phase Error              (PE):    0.000ns

    Location             Delay type                Incr(ns)  Path(ns)    Netlist Resource(s)
  -------------------------------------------------------------------    -------------------
    U18                                               0.000     0.000 r  enable (IN)
                         net (fo=0)                   0.000     0.000    enable
    U18                  IBUF (Prop_ibuf_I_O)         1.441     1.441 r  enable_IBUF_inst/O
                         net (fo=5, routed)           2.660     4.102    U_NRZ_I/enable_IBUF
    SLICE_X5Y40          LUT6 (Prop_lut6_I0_O)        0.124     4.226 r  U_NRZ_I/bit_index[3]_i_1/O
                         net (fo=4, routed)           0.531     4.756    U_NRZ_I/bit_index[3]_i_1_n_0
    SLICE_X4Y39          FDPE                                         r  U_NRZ_I/bit_index_reg[2]/CE
  -------------------------------------------------------------------    -------------------

                         (clock sys_clk_pin rise edge)
                                                      0.000     0.000 r  
    W5                                                0.000     0.000 r  clk (IN)
                         net (fo=0)                   0.000     0.000    clk
    W5                   IBUF (Prop_ibuf_I_O)         1.388     1.388 r  clk_IBUF_inst/O
                         net (fo=1, routed)           1.862     3.250    clk_IBUF
    BUFGCTRL_X0Y0        BUFG (Prop_bufg_I_O)         0.091     3.341 r  clk_IBUF_BUFG_inst/O
                         net (fo=37, routed)          1.515     4.856    U_NRZ_I/CLK
    SLICE_X4Y39          FDPE                                         r  U_NRZ_I/bit_index_reg[2]/C

Slack:                    inf
  Source:                 enable
                            (input port)
  Destination:            U_NRZ_I/bit_index_reg[3]/CE
                            (rising edge-triggered cell FDPE clocked by sys_clk_pin  {rise@0.000ns fall@5.000ns period=10.000ns})
  Path Group:             (none)
  Path Type:              Setup (Max at Slow Process Corner)
  Data Path Delay:        4.756ns  (logic 1.565ns (32.910%)  route 3.191ns (67.090%))
  Logic Levels:           2  (IBUF=1 LUT6=1)
  Clock Path Skew:        4.856ns (DCD - SCD + CPR)
    Destination Clock Delay (DCD):    4.856ns
    Source Clock Delay      (SCD):    0.000ns
    Clock Pessimism Removal (CPR):    0.000ns
  Clock Uncertainty:      0.025ns  ((TSJ^2 + TIJ^2)^1/2 + DJ) / 2 + PE
    Total System Jitter     (TSJ):    0.050ns
    Total Input Jitter      (TIJ):    0.000ns
    Discrete Jitter          (DJ):    0.000ns
    Phase Error              (PE):    0.000ns

    Location             Delay type                Incr(ns)  Path(ns)    Netlist Resource(s)
  -------------------------------------------------------------------    -------------------
    U18                                               0.000     0.000 r  enable (IN)
                         net (fo=0)                   0.000     0.000    enable
    U18                  IBUF (Prop_ibuf_I_O)         1.441     1.441 r  enable_IBUF_inst/O
                         net (fo=5, routed)           2.660     4.102    U_NRZ_I/enable_IBUF
    SLICE_X5Y40          LUT6 (Prop_lut6_I0_O)        0.124     4.226 r  U_NRZ_I/bit_index[3]_i_1/O
                         net (fo=4, routed)           0.531     4.756    U_NRZ_I/bit_index[3]_i_1_n_0
    SLICE_X4Y39          FDPE                                         r  U_NRZ_I/bit_index_reg[3]/CE
  -------------------------------------------------------------------    -------------------

                         (clock sys_clk_pin rise edge)
                                                      0.000     0.000 r  
    W5                                                0.000     0.000 r  clk (IN)
                         net (fo=0)                   0.000     0.000    clk
    W5                   IBUF (Prop_ibuf_I_O)         1.388     1.388 r  clk_IBUF_inst/O
                         net (fo=1, routed)           1.862     3.250    clk_IBUF
    BUFGCTRL_X0Y0        BUFG (Prop_bufg_I_O)         0.091     3.341 r  clk_IBUF_BUFG_inst/O
                         net (fo=37, routed)          1.515     4.856    U_NRZ_I/CLK
    SLICE_X4Y39          FDPE                                         r  U_NRZ_I/bit_index_reg[3]/C

Slack:                    inf
  Source:                 enable
                            (input port)
  Destination:            U_NRZ_I/cycle_cnt_reg[17]/CE
                            (rising edge-triggered cell FDCE clocked by sys_clk_pin  {rise@0.000ns fall@5.000ns period=10.000ns})
  Path Group:             (none)
  Path Type:              Setup (Max at Slow Process Corner)
  Data Path Delay:        4.719ns  (logic 1.565ns (33.170%)  route 3.154ns (66.830%))
  Logic Levels:           2  (IBUF=1 LUT2=1)
  Clock Path Skew:        4.857ns (DCD - SCD + CPR)
    Destination Clock Delay (DCD):    4.857ns
    Source Clock Delay      (SCD):    0.000ns
    Clock Pessimism Removal (CPR):    0.000ns
  Clock Uncertainty:      0.025ns  ((TSJ^2 + TIJ^2)^1/2 + DJ) / 2 + PE
    Total System Jitter     (TSJ):    0.050ns
    Total Input Jitter      (TIJ):    0.000ns
    Discrete Jitter          (DJ):    0.000ns
    Phase Error              (PE):    0.000ns

    Location             Delay type                Incr(ns)  Path(ns)    Netlist Resource(s)
  -------------------------------------------------------------------    -------------------
    U18                                               0.000     0.000 r  enable (IN)
                         net (fo=0)                   0.000     0.000    enable
    U18                  IBUF (Prop_ibuf_I_O)         1.441     1.441 r  enable_IBUF_inst/O
                         net (fo=5, routed)           2.057     3.499    U_NRZ_I/enable_IBUF
    SLICE_X5Y37          LUT2 (Prop_lut2_I0_O)        0.124     3.623 r  U_NRZ_I/cycle_cnt[25]_i_1/O
                         net (fo=26, routed)          1.096     4.719    U_NRZ_I/cycle_cnt[25]_i_1_n_0
    SLICE_X7Y41          FDCE                                         r  U_NRZ_I/cycle_cnt_reg[17]/CE
  -------------------------------------------------------------------    -------------------

                         (clock sys_clk_pin rise edge)
                                                      0.000     0.000 r  
    W5                                                0.000     0.000 r  clk (IN)
                         net (fo=0)                   0.000     0.000    clk
    W5                   IBUF (Prop_ibuf_I_O)         1.388     1.388 r  clk_IBUF_inst/O
                         net (fo=1, routed)           1.862     3.250    clk_IBUF
    BUFGCTRL_X0Y0        BUFG (Prop_bufg_I_O)         0.091     3.341 r  clk_IBUF_BUFG_inst/O
                         net (fo=37, routed)          1.516     4.857    U_NRZ_I/CLK
    SLICE_X7Y41          FDCE                                         r  U_NRZ_I/cycle_cnt_reg[17]/C

Slack:                    inf
  Source:                 enable
                            (input port)
  Destination:            U_NRZ_I/cycle_cnt_reg[18]/CE
                            (rising edge-triggered cell FDCE clocked by sys_clk_pin  {rise@0.000ns fall@5.000ns period=10.000ns})
  Path Group:             (none)
  Path Type:              Setup (Max at Slow Process Corner)
  Data Path Delay:        4.719ns  (logic 1.565ns (33.170%)  route 3.154ns (66.830%))
  Logic Levels:           2  (IBUF=1 LUT2=1)
  Clock Path Skew:        4.857ns (DCD - SCD + CPR)
    Destination Clock Delay (DCD):    4.857ns
    Source Clock Delay      (SCD):    0.000ns
    Clock Pessimism Removal (CPR):    0.000ns
  Clock Uncertainty:      0.025ns  ((TSJ^2 + TIJ^2)^1/2 + DJ) / 2 + PE
    Total System Jitter     (TSJ):    0.050ns
    Total Input Jitter      (TIJ):    0.000ns
    Discrete Jitter          (DJ):    0.000ns
    Phase Error              (PE):    0.000ns

    Location             Delay type                Incr(ns)  Path(ns)    Netlist Resource(s)
  -------------------------------------------------------------------    -------------------
    U18                                               0.000     0.000 r  enable (IN)
                         net (fo=0)                   0.000     0.000    enable
    U18                  IBUF (Prop_ibuf_I_O)         1.441     1.441 r  enable_IBUF_inst/O
                         net (fo=5, routed)           2.057     3.499    U_NRZ_I/enable_IBUF
    SLICE_X5Y37          LUT2 (Prop_lut2_I0_O)        0.124     3.623 r  U_NRZ_I/cycle_cnt[25]_i_1/O
                         net (fo=26, routed)          1.096     4.719    U_NRZ_I/cycle_cnt[25]_i_1_n_0
    SLICE_X7Y41          FDCE                                         r  U_NRZ_I/cycle_cnt_reg[18]/CE
  -------------------------------------------------------------------    -------------------

                         (clock sys_clk_pin rise edge)
                                                      0.000     0.000 r  
    W5                                                0.000     0.000 r  clk (IN)
                         net (fo=0)                   0.000     0.000    clk
    W5                   IBUF (Prop_ibuf_I_O)         1.388     1.388 r  clk_IBUF_inst/O
                         net (fo=1, routed)           1.862     3.250    clk_IBUF
    BUFGCTRL_X0Y0        BUFG (Prop_bufg_I_O)         0.091     3.341 r  clk_IBUF_BUFG_inst/O
                         net (fo=37, routed)          1.516     4.857    U_NRZ_I/CLK
    SLICE_X7Y41          FDCE                                         r  U_NRZ_I/cycle_cnt_reg[18]/C

Slack:                    inf
  Source:                 enable
                            (input port)
  Destination:            U_NRZ_I/cycle_cnt_reg[19]/CE
                            (rising edge-triggered cell FDCE clocked by sys_clk_pin  {rise@0.000ns fall@5.000ns period=10.000ns})
  Path Group:             (none)
  Path Type:              Setup (Max at Slow Process Corner)
  Data Path Delay:        4.719ns  (logic 1.565ns (33.170%)  route 3.154ns (66.830%))
  Logic Levels:           2  (IBUF=1 LUT2=1)
  Clock Path Skew:        4.857ns (DCD - SCD + CPR)
    Destination Clock Delay (DCD):    4.857ns
    Source Clock Delay      (SCD):    0.000ns
    Clock Pessimism Removal (CPR):    0.000ns
  Clock Uncertainty:      0.025ns  ((TSJ^2 + TIJ^2)^1/2 + DJ) / 2 + PE
    Total System Jitter     (TSJ):    0.050ns
    Total Input Jitter      (TIJ):    0.000ns
    Discrete Jitter          (DJ):    0.000ns
    Phase Error              (PE):    0.000ns

    Location             Delay type                Incr(ns)  Path(ns)    Netlist Resource(s)
  -------------------------------------------------------------------    -------------------
    U18                                               0.000     0.000 r  enable (IN)
                         net (fo=0)                   0.000     0.000    enable
    U18                  IBUF (Prop_ibuf_I_O)         1.441     1.441 r  enable_IBUF_inst/O
                         net (fo=5, routed)           2.057     3.499    U_NRZ_I/enable_IBUF
    SLICE_X5Y37          LUT2 (Prop_lut2_I0_O)        0.124     3.623 r  U_NRZ_I/cycle_cnt[25]_i_1/O
                         net (fo=26, routed)          1.096     4.719    U_NRZ_I/cycle_cnt[25]_i_1_n_0
    SLICE_X7Y41          FDCE                                         r  U_NRZ_I/cycle_cnt_reg[19]/CE
  -------------------------------------------------------------------    -------------------

                         (clock sys_clk_pin rise edge)
                                                      0.000     0.000 r  
    W5                                                0.000     0.000 r  clk (IN)
                         net (fo=0)                   0.000     0.000    clk
    W5                   IBUF (Prop_ibuf_I_O)         1.388     1.388 r  clk_IBUF_inst/O
                         net (fo=1, routed)           1.862     3.250    clk_IBUF
    BUFGCTRL_X0Y0        BUFG (Prop_bufg_I_O)         0.091     3.341 r  clk_IBUF_BUFG_inst/O
                         net (fo=37, routed)          1.516     4.857    U_NRZ_I/CLK
    SLICE_X7Y41          FDCE                                         r  U_NRZ_I/cycle_cnt_reg[19]/C

Slack:                    inf
  Source:                 enable
                            (input port)
  Destination:            U_NRZ_I/cycle_cnt_reg[24]/CE
                            (rising edge-triggered cell FDCE clocked by sys_clk_pin  {rise@0.000ns fall@5.000ns period=10.000ns})
  Path Group:             (none)
  Path Type:              Setup (Max at Slow Process Corner)
  Data Path Delay:        4.719ns  (logic 1.565ns (33.170%)  route 3.154ns (66.830%))
  Logic Levels:           2  (IBUF=1 LUT2=1)
  Clock Path Skew:        4.857ns (DCD - SCD + CPR)
    Destination Clock Delay (DCD):    4.857ns
    Source Clock Delay      (SCD):    0.000ns
    Clock Pessimism Removal (CPR):    0.000ns
  Clock Uncertainty:      0.025ns  ((TSJ^2 + TIJ^2)^1/2 + DJ) / 2 + PE
    Total System Jitter     (TSJ):    0.050ns
    Total Input Jitter      (TIJ):    0.000ns
    Discrete Jitter          (DJ):    0.000ns
    Phase Error              (PE):    0.000ns

    Location             Delay type                Incr(ns)  Path(ns)    Netlist Resource(s)
  -------------------------------------------------------------------    -------------------
    U18                                               0.000     0.000 r  enable (IN)
                         net (fo=0)                   0.000     0.000    enable
    U18                  IBUF (Prop_ibuf_I_O)         1.441     1.441 r  enable_IBUF_inst/O
                         net (fo=5, routed)           2.057     3.499    U_NRZ_I/enable_IBUF
    SLICE_X5Y37          LUT2 (Prop_lut2_I0_O)        0.124     3.623 r  U_NRZ_I/cycle_cnt[25]_i_1/O
                         net (fo=26, routed)          1.096     4.719    U_NRZ_I/cycle_cnt[25]_i_1_n_0
    SLICE_X7Y41          FDCE                                         r  U_NRZ_I/cycle_cnt_reg[24]/CE
  -------------------------------------------------------------------    -------------------

                         (clock sys_clk_pin rise edge)
                                                      0.000     0.000 r  
    W5                                                0.000     0.000 r  clk (IN)
                         net (fo=0)                   0.000     0.000    clk
    W5                   IBUF (Prop_ibuf_I_O)         1.388     1.388 r  clk_IBUF_inst/O
                         net (fo=1, routed)           1.862     3.250    clk_IBUF
    BUFGCTRL_X0Y0        BUFG (Prop_bufg_I_O)         0.091     3.341 r  clk_IBUF_BUFG_inst/O
                         net (fo=37, routed)          1.516     4.857    U_NRZ_I/CLK
    SLICE_X7Y41          FDCE                                         r  U_NRZ_I/cycle_cnt_reg[24]/C





Min Delay Paths
--------------------------------------------------------------------------------------
Slack:                    inf
  Source:                 rst
                            (input port)
  Destination:            U_NRZ_I/nrz_i_out_reg/CLR
                            (removal check against rising-edge clock sys_clk_pin  {rise@0.000ns fall@5.000ns period=10.000ns})
  Path Group:             (none)
  Path Type:              Removal (Min at Fast Process Corner)
  Data Path Delay:        1.074ns  (logic 0.222ns (20.666%)  route 0.852ns (79.334%))
  Logic Levels:           1  (IBUF=1)
  Clock Path Skew:        1.991ns (DCD - SCD - CPR)
    Destination Clock Delay (DCD):    1.991ns
    Source Clock Delay      (SCD):    0.000ns
    Clock Pessimism Removal (CPR):    -0.000ns

    Location             Delay type                Incr(ns)  Path(ns)    Netlist Resource(s)
  -------------------------------------------------------------------    -------------------
    T18                                               0.000     0.000 f  rst (IN)
                         net (fo=0)                   0.000     0.000    rst
    T18                  IBUF (Prop_ibuf_I_O)         0.222     0.222 f  rst_IBUF_inst/O
                         net (fo=56, routed)          0.852     1.074    U_NRZ_I/AR[0]
    SLICE_X3Y38          FDCE                                         f  U_NRZ_I/nrz_i_out_reg/CLR
  -------------------------------------------------------------------    -------------------

                         (clock sys_clk_pin rise edge)
                                                      0.000     0.000 r  
    W5                                                0.000     0.000 r  clk (IN)
                         net (fo=0)                   0.000     0.000    clk
    W5                   IBUF (Prop_ibuf_I_O)         0.414     0.414 r  clk_IBUF_inst/O
                         net (fo=1, routed)           0.685     1.099    clk_IBUF
    BUFGCTRL_X0Y0        BUFG (Prop_bufg_I_O)         0.029     1.128 r  clk_IBUF_BUFG_inst/O
                         net (fo=37, routed)          0.864     1.991    U_NRZ_I/CLK
    SLICE_X3Y38          FDCE                                         r  U_NRZ_I/nrz_i_out_reg/C

Slack:                    inf
  Source:                 rst
                            (input port)
  Destination:            U_NRZ_I/nrz_i_out_reg_lopt_replica/CLR
                            (removal check against rising-edge clock sys_clk_pin  {rise@0.000ns fall@5.000ns period=10.000ns})
  Path Group:             (none)
  Path Type:              Removal (Min at Fast Process Corner)
  Data Path Delay:        1.074ns  (logic 0.222ns (20.666%)  route 0.852ns (79.334%))
  Logic Levels:           1  (IBUF=1)
  Clock Path Skew:        1.991ns (DCD - SCD - CPR)
    Destination Clock Delay (DCD):    1.991ns
    Source Clock Delay      (SCD):    0.000ns
    Clock Pessimism Removal (CPR):    -0.000ns

    Location             Delay type                Incr(ns)  Path(ns)    Netlist Resource(s)
  -------------------------------------------------------------------    -------------------
    T18                                               0.000     0.000 f  rst (IN)
                         net (fo=0)                   0.000     0.000    rst
    T18                  IBUF (Prop_ibuf_I_O)         0.222     0.222 f  rst_IBUF_inst/O
                         net (fo=56, routed)          0.852     1.074    U_NRZ_I/AR[0]
    SLICE_X3Y38          FDCE                                         f  U_NRZ_I/nrz_i_out_reg_lopt_replica/CLR
  -------------------------------------------------------------------    -------------------

                         (clock sys_clk_pin rise edge)
                                                      0.000     0.000 r  
    W5                                                0.000     0.000 r  clk (IN)
                         net (fo=0)                   0.000     0.000    clk
    W5                   IBUF (Prop_ibuf_I_O)         0.414     0.414 r  clk_IBUF_inst/O
                         net (fo=1, routed)           0.685     1.099    clk_IBUF
    BUFGCTRL_X0Y0        BUFG (Prop_bufg_I_O)         0.029     1.128 r  clk_IBUF_BUFG_inst/O
                         net (fo=37, routed)          0.864     1.991    U_NRZ_I/CLK
    SLICE_X3Y38          FDCE                                         r  U_NRZ_I/nrz_i_out_reg_lopt_replica/C

Slack:                    inf
  Source:                 rst
                            (input port)
  Destination:            U_NRZ_I/cycle_cnt_reg[1]/CLR
                            (removal check against rising-edge clock sys_clk_pin  {rise@0.000ns fall@5.000ns period=10.000ns})
  Path Group:             (none)
  Path Type:              Removal (Min at Fast Process Corner)
  Data Path Delay:        1.120ns  (logic 0.222ns (19.802%)  route 0.899ns (80.198%))
  Logic Levels:           1  (IBUF=1)
  Clock Path Skew:        1.987ns (DCD - SCD - CPR)
    Destination Clock Delay (DCD):    1.987ns
    Source Clock Delay      (SCD):    0.000ns
    Clock Pessimism Removal (CPR):    -0.000ns

    Location             Delay type                Incr(ns)  Path(ns)    Netlist Resource(s)
  -------------------------------------------------------------------    -------------------
    T18                                               0.000     0.000 f  rst (IN)
                         net (fo=0)                   0.000     0.000    rst
    T18                  IBUF (Prop_ibuf_I_O)         0.222     0.222 f  rst_IBUF_inst/O
                         net (fo=56, routed)          0.899     1.120    U_NRZ_I/AR[0]
    SLICE_X7Y37          FDCE                                         f  U_NRZ_I/cycle_cnt_reg[1]/CLR
  -------------------------------------------------------------------    -------------------

                         (clock sys_clk_pin rise edge)
                                                      0.000     0.000 r  
    W5                                                0.000     0.000 r  clk (IN)
                         net (fo=0)                   0.000     0.000    clk
    W5                   IBUF (Prop_ibuf_I_O)         0.414     0.414 r  clk_IBUF_inst/O
                         net (fo=1, routed)           0.685     1.099    clk_IBUF
    BUFGCTRL_X0Y0        BUFG (Prop_bufg_I_O)         0.029     1.128 r  clk_IBUF_BUFG_inst/O
                         net (fo=37, routed)          0.860     1.987    U_NRZ_I/CLK
    SLICE_X7Y37          FDCE                                         r  U_NRZ_I/cycle_cnt_reg[1]/C

Slack:                    inf
  Source:                 rst
                            (input port)
  Destination:            U_NRZ_I/cycle_cnt_reg[2]/CLR
                            (removal check against rising-edge clock sys_clk_pin  {rise@0.000ns fall@5.000ns period=10.000ns})
  Path Group:             (none)
  Path Type:              Removal (Min at Fast Process Corner)
  Data Path Delay:        1.120ns  (logic 0.222ns (19.802%)  route 0.899ns (80.198%))
  Logic Levels:           1  (IBUF=1)
  Clock Path Skew:        1.987ns (DCD - SCD - CPR)
    Destination Clock Delay (DCD):    1.987ns
    Source Clock Delay      (SCD):    0.000ns
    Clock Pessimism Removal (CPR):    -0.000ns

    Location             Delay type                Incr(ns)  Path(ns)    Netlist Resource(s)
  -------------------------------------------------------------------    -------------------
    T18                                               0.000     0.000 f  rst (IN)
                         net (fo=0)                   0.000     0.000    rst
    T18                  IBUF (Prop_ibuf_I_O)         0.222     0.222 f  rst_IBUF_inst/O
                         net (fo=56, routed)          0.899     1.120    U_NRZ_I/AR[0]
    SLICE_X7Y37          FDCE                                         f  U_NRZ_I/cycle_cnt_reg[2]/CLR
  -------------------------------------------------------------------    -------------------

                         (clock sys_clk_pin rise edge)
                                                      0.000     0.000 r  
    W5                                                0.000     0.000 r  clk (IN)
                         net (fo=0)                   0.000     0.000    clk
    W5                   IBUF (Prop_ibuf_I_O)         0.414     0.414 r  clk_IBUF_inst/O
                         net (fo=1, routed)           0.685     1.099    clk_IBUF
    BUFGCTRL_X0Y0        BUFG (Prop_bufg_I_O)         0.029     1.128 r  clk_IBUF_BUFG_inst/O
                         net (fo=37, routed)          0.860     1.987    U_NRZ_I/CLK
    SLICE_X7Y37          FDCE                                         r  U_NRZ_I/cycle_cnt_reg[2]/C

Slack:                    inf
  Source:                 rst
                            (input port)
  Destination:            U_NRZ_I/cycle_cnt_reg[3]/CLR
                            (removal check against rising-edge clock sys_clk_pin  {rise@0.000ns fall@5.000ns period=10.000ns})
  Path Group:             (none)
  Path Type:              Removal (Min at Fast Process Corner)
  Data Path Delay:        1.120ns  (logic 0.222ns (19.802%)  route 0.899ns (80.198%))
  Logic Levels:           1  (IBUF=1)
  Clock Path Skew:        1.987ns (DCD - SCD - CPR)
    Destination Clock Delay (DCD):    1.987ns
    Source Clock Delay      (SCD):    0.000ns
    Clock Pessimism Removal (CPR):    -0.000ns

    Location             Delay type                Incr(ns)  Path(ns)    Netlist Resource(s)
  -------------------------------------------------------------------    -------------------
    T18                                               0.000     0.000 f  rst (IN)
                         net (fo=0)                   0.000     0.000    rst
    T18                  IBUF (Prop_ibuf_I_O)         0.222     0.222 f  rst_IBUF_inst/O
                         net (fo=56, routed)          0.899     1.120    U_NRZ_I/AR[0]
    SLICE_X7Y37          FDCE                                         f  U_NRZ_I/cycle_cnt_reg[3]/CLR
  -------------------------------------------------------------------    -------------------

                         (clock sys_clk_pin rise edge)
                                                      0.000     0.000 r  
    W5                                                0.000     0.000 r  clk (IN)
                         net (fo=0)                   0.000     0.000    clk
    W5                   IBUF (Prop_ibuf_I_O)         0.414     0.414 r  clk_IBUF_inst/O
                         net (fo=1, routed)           0.685     1.099    clk_IBUF
    BUFGCTRL_X0Y0        BUFG (Prop_bufg_I_O)         0.029     1.128 r  clk_IBUF_BUFG_inst/O
                         net (fo=37, routed)          0.860     1.987    U_NRZ_I/CLK
    SLICE_X7Y37          FDCE                                         r  U_NRZ_I/cycle_cnt_reg[3]/C

Slack:                    inf
  Source:                 rst
                            (input port)
  Destination:            U_NRZ_I/cycle_cnt_reg[4]/CLR
                            (removal check against rising-edge clock sys_clk_pin  {rise@0.000ns fall@5.000ns period=10.000ns})
  Path Group:             (none)
  Path Type:              Removal (Min at Fast Process Corner)
  Data Path Delay:        1.120ns  (logic 0.222ns (19.802%)  route 0.899ns (80.198%))
  Logic Levels:           1  (IBUF=1)
  Clock Path Skew:        1.987ns (DCD - SCD - CPR)
    Destination Clock Delay (DCD):    1.987ns
    Source Clock Delay      (SCD):    0.000ns
    Clock Pessimism Removal (CPR):    -0.000ns

    Location             Delay type                Incr(ns)  Path(ns)    Netlist Resource(s)
  -------------------------------------------------------------------    -------------------
    T18                                               0.000     0.000 f  rst (IN)
                         net (fo=0)                   0.000     0.000    rst
    T18                  IBUF (Prop_ibuf_I_O)         0.222     0.222 f  rst_IBUF_inst/O
                         net (fo=56, routed)          0.899     1.120    U_NRZ_I/AR[0]
    SLICE_X7Y37          FDCE                                         f  U_NRZ_I/cycle_cnt_reg[4]/CLR
  -------------------------------------------------------------------    -------------------

                         (clock sys_clk_pin rise edge)
                                                      0.000     0.000 r  
    W5                                                0.000     0.000 r  clk (IN)
                         net (fo=0)                   0.000     0.000    clk
    W5                   IBUF (Prop_ibuf_I_O)         0.414     0.414 r  clk_IBUF_inst/O
                         net (fo=1, routed)           0.685     1.099    clk_IBUF
    BUFGCTRL_X0Y0        BUFG (Prop_bufg_I_O)         0.029     1.128 r  clk_IBUF_BUFG_inst/O
                         net (fo=37, routed)          0.860     1.987    U_NRZ_I/CLK
    SLICE_X7Y37          FDCE                                         r  U_NRZ_I/cycle_cnt_reg[4]/C

Slack:                    inf
  Source:                 rst
                            (input port)
  Destination:            U_NRZ_I/cycle_cnt_reg[7]/CLR
                            (removal check against rising-edge clock sys_clk_pin  {rise@0.000ns fall@5.000ns period=10.000ns})
  Path Group:             (none)
  Path Type:              Removal (Min at Fast Process Corner)
  Data Path Delay:        1.222ns  (logic 0.222ns (18.158%)  route 1.000ns (81.842%))
  Logic Levels:           1  (IBUF=1)
  Clock Path Skew:        1.989ns (DCD - SCD - CPR)
    Destination Clock Delay (DCD):    1.989ns
    Source Clock Delay      (SCD):    0.000ns
    Clock Pessimism Removal (CPR):    -0.000ns

    Location             Delay type                Incr(ns)  Path(ns)    Netlist Resource(s)
  -------------------------------------------------------------------    -------------------
    T18                                               0.000     0.000 f  rst (IN)
                         net (fo=0)                   0.000     0.000    rst
    T18                  IBUF (Prop_ibuf_I_O)         0.222     0.222 f  rst_IBUF_inst/O
                         net (fo=56, routed)          1.000     1.222    U_NRZ_I/AR[0]
    SLICE_X5Y38          FDCE                                         f  U_NRZ_I/cycle_cnt_reg[7]/CLR
  -------------------------------------------------------------------    -------------------

                         (clock sys_clk_pin rise edge)
                                                      0.000     0.000 r  
    W5                                                0.000     0.000 r  clk (IN)
                         net (fo=0)                   0.000     0.000    clk
    W5                   IBUF (Prop_ibuf_I_O)         0.414     0.414 r  clk_IBUF_inst/O
                         net (fo=1, routed)           0.685     1.099    clk_IBUF
    BUFGCTRL_X0Y0        BUFG (Prop_bufg_I_O)         0.029     1.128 r  clk_IBUF_BUFG_inst/O
                         net (fo=37, routed)          0.862     1.989    U_NRZ_I/CLK
    SLICE_X5Y38          FDCE                                         r  U_NRZ_I/cycle_cnt_reg[7]/C

Slack:                    inf
  Source:                 rst
                            (input port)
  Destination:            U_NRZ_I/cycle_cnt_reg[8]/CLR
                            (removal check against rising-edge clock sys_clk_pin  {rise@0.000ns fall@5.000ns period=10.000ns})
  Path Group:             (none)
  Path Type:              Removal (Min at Fast Process Corner)
  Data Path Delay:        1.222ns  (logic 0.222ns (18.158%)  route 1.000ns (81.842%))
  Logic Levels:           1  (IBUF=1)
  Clock Path Skew:        1.989ns (DCD - SCD - CPR)
    Destination Clock Delay (DCD):    1.989ns
    Source Clock Delay      (SCD):    0.000ns
    Clock Pessimism Removal (CPR):    -0.000ns

    Location             Delay type                Incr(ns)  Path(ns)    Netlist Resource(s)
  -------------------------------------------------------------------    -------------------
    T18                                               0.000     0.000 f  rst (IN)
                         net (fo=0)                   0.000     0.000    rst
    T18                  IBUF (Prop_ibuf_I_O)         0.222     0.222 f  rst_IBUF_inst/O
                         net (fo=56, routed)          1.000     1.222    U_NRZ_I/AR[0]
    SLICE_X5Y38          FDCE                                         f  U_NRZ_I/cycle_cnt_reg[8]/CLR
  -------------------------------------------------------------------    -------------------

                         (clock sys_clk_pin rise edge)
                                                      0.000     0.000 r  
    W5                                                0.000     0.000 r  clk (IN)
                         net (fo=0)                   0.000     0.000    clk
    W5                   IBUF (Prop_ibuf_I_O)         0.414     0.414 r  clk_IBUF_inst/O
                         net (fo=1, routed)           0.685     1.099    clk_IBUF
    BUFGCTRL_X0Y0        BUFG (Prop_bufg_I_O)         0.029     1.128 r  clk_IBUF_BUFG_inst/O
                         net (fo=37, routed)          0.862     1.989    U_NRZ_I/CLK
    SLICE_X5Y38          FDCE                                         r  U_NRZ_I/cycle_cnt_reg[8]/C

Slack:                    inf
  Source:                 enable
                            (input port)
  Destination:            U_NRZ_I/cycle_cnt_reg[1]/CE
                            (rising edge-triggered cell FDCE clocked by sys_clk_pin  {rise@0.000ns fall@5.000ns period=10.000ns})
  Path Group:             (none)
  Path Type:              Hold (Min at Fast Process Corner)
  Data Path Delay:        1.230ns  (logic 0.255ns (20.690%)  route 0.976ns (79.310%))
  Logic Levels:           2  (IBUF=1 LUT2=1)
  Clock Path Skew:        1.987ns (DCD - SCD - CPR)
    Destination Clock Delay (DCD):    1.987ns
    Source Clock Delay      (SCD):    0.000ns
    Clock Pessimism Removal (CPR):    -0.000ns

    Location             Delay type                Incr(ns)  Path(ns)    Netlist Resource(s)
  -------------------------------------------------------------------    -------------------
    U18                                               0.000     0.000 r  enable (IN)
                         net (fo=0)                   0.000     0.000    enable
    U18                  IBUF (Prop_ibuf_I_O)         0.210     0.210 r  enable_IBUF_inst/O
                         net (fo=5, routed)           0.853     1.063    U_NRZ_I/enable_IBUF
    SLICE_X5Y37          LUT2 (Prop_lut2_I0_O)        0.045     1.108 r  U_NRZ_I/cycle_cnt[25]_i_1/O
                         net (fo=26, routed)          0.122     1.230    U_NRZ_I/cycle_cnt[25]_i_1_n_0
    SLICE_X7Y37          FDCE                                         r  U_NRZ_I/cycle_cnt_reg[1]/CE
  -------------------------------------------------------------------    -------------------

                         (clock sys_clk_pin rise edge)
                                                      0.000     0.000 r  
    W5                                                0.000     0.000 r  clk (IN)
                         net (fo=0)                   0.000     0.000    clk
    W5                   IBUF (Prop_ibuf_I_O)         0.414     0.414 r  clk_IBUF_inst/O
                         net (fo=1, routed)           0.685     1.099    clk_IBUF
    BUFGCTRL_X0Y0        BUFG (Prop_bufg_I_O)         0.029     1.128 r  clk_IBUF_BUFG_inst/O
                         net (fo=37, routed)          0.860     1.987    U_NRZ_I/CLK
    SLICE_X7Y37          FDCE                                         r  U_NRZ_I/cycle_cnt_reg[1]/C

Slack:                    inf
  Source:                 enable
                            (input port)
  Destination:            U_NRZ_I/cycle_cnt_reg[2]/CE
                            (rising edge-triggered cell FDCE clocked by sys_clk_pin  {rise@0.000ns fall@5.000ns period=10.000ns})
  Path Group:             (none)
  Path Type:              Hold (Min at Fast Process Corner)
  Data Path Delay:        1.230ns  (logic 0.255ns (20.690%)  route 0.976ns (79.310%))
  Logic Levels:           2  (IBUF=1 LUT2=1)
  Clock Path Skew:        1.987ns (DCD - SCD - CPR)
    Destination Clock Delay (DCD):    1.987ns
    Source Clock Delay      (SCD):    0.000ns
    Clock Pessimism Removal (CPR):    -0.000ns

    Location             Delay type                Incr(ns)  Path(ns)    Netlist Resource(s)
  -------------------------------------------------------------------    -------------------
    U18                                               0.000     0.000 r  enable (IN)
                         net (fo=0)                   0.000     0.000    enable
    U18                  IBUF (Prop_ibuf_I_O)         0.210     0.210 r  enable_IBUF_inst/O
                         net (fo=5, routed)           0.853     1.063    U_NRZ_I/enable_IBUF
    SLICE_X5Y37          LUT2 (Prop_lut2_I0_O)        0.045     1.108 r  U_NRZ_I/cycle_cnt[25]_i_1/O
                         net (fo=26, routed)          0.122     1.230    U_NRZ_I/cycle_cnt[25]_i_1_n_0
    SLICE_X7Y37          FDCE                                         r  U_NRZ_I/cycle_cnt_reg[2]/CE
  -------------------------------------------------------------------    -------------------

                         (clock sys_clk_pin rise edge)
                                                      0.000     0.000 r  
    W5                                                0.000     0.000 r  clk (IN)
                         net (fo=0)                   0.000     0.000    clk
    W5                   IBUF (Prop_ibuf_I_O)         0.414     0.414 r  clk_IBUF_inst/O
                         net (fo=1, routed)           0.685     1.099    clk_IBUF
    BUFGCTRL_X0Y0        BUFG (Prop_bufg_I_O)         0.029     1.128 r  clk_IBUF_BUFG_inst/O
                         net (fo=37, routed)          0.860     1.987    U_NRZ_I/CLK
    SLICE_X7Y37          FDCE                                         r  U_NRZ_I/cycle_cnt_reg[2]/C





